title,id,grant_ref,status,grant_category,funder,grant_offer,lead_org,start_date,end_date,staff_members,roles,abstract,tags
21ROMITIGATIONFUND Queens University Belfast,F4372E78-28C8-4095-AFF5-B935D3ABB051,BB/W510683/1,Closed,Research Grant,BBSRC,272000,Queen's University Belfast,2021-09-29,2022-03-28,Emma Flynn,Emma Flynn (PI),"Abstracts are not currently available in GtR for all funded research. This is normally because the abstract was not required at the time of proposal submission, but may be because it included sensitive information such as personal details.",
21st Century Meat Inspector,1E8873C9-CBDB-4A0C-96EA-9C539A934622,ST/V001493/1,Closed,Research Grant,STFC,39216,University of Nottingham,2020-06-30,2021-03-30,Nicholas Watson,Nicholas Watson (PI),"Poultry is the most popular meat in the UK, and its effective inspection within processing facilities is essential to ensure regulatory compliance. Poultry inspection is performed manually and is extremely challenging due to the short time available to inspect each bird and the sustained level of concentration required. This feasibility project will investigate how existing and new inspection technologies can be combined with advanced data analytics and incorporated into current meat inspection practices to deliver the 21st Century Meat Inspector. The feasibility project will focus specifically on post-mortem inspection and dead on arrival detection, within poultry. The project will adopt a benefits realisation approach to determine the requirements for any new technologies and ensure that business benefits are delivered to all stakeholders within the poultry chain. This interdisciplinary project includes expertise in a variety of complimentary inspection technologies (Optical (vis, NIR, IR, Hyperspectral), X-ray and Ultrasonic) and IT-enabled benefits realisation management with the Hartree Centre (STFC), Two Sisters Food Group and CSB as project partners.",Governance & Policy; Data & Digital
"A Family of Nations? Brexit, Devolution and the Union",2ECB1656-92BD-4CA9-91CC-71BB814AC4ED,ES/T000856/1,Closed,Fellowship,ESRC,457247,University of Edinburgh,2019-05-31,2022-12-31,Nicola McEwen,Nicola McEwen (Fellow),"The project examines the impact of Brexit on relationships between the four nations/territories of the UK. Devolution was designed and developed within the context of the EU, and EU membership has been important in easing territorial relationships within the UK. The Brexit process is straining these relationships, and could mark a turning point in the system of multi-level government in the UK.

Politicians often use the family as a metaphor when discussing territorial relationships. This project will draw upon ideas developed by sociologists to study relationships within families as a way of understanding and explaining dynamics in the relationships between governments and territories across the UK. The project aims to identify new tensions, opportunities and constraints. It examines the evolution of formal engagement and decision making between the UK and the devolved governments, but it tests the idea that these are conditioned by more informal interactions and the culture surrounding these. This includes the perceptions key players have about their role and the role of others, and the attitudes and behaviour they display. Relationships are studied in three sets of discussions provoked by Brexit: the UK's approach to EU negotiations; the negotiation and implementation of new trade deals; and the future of the UK 'internal market', which aims to avoid distortions in trade and competition once the UK is no longer subject to EU laws.

The UK's exit from the EU coincides with the 20th anniversary of devolution. Brexit is posing big challenges for devolution, but it also offers an opportunity to reform the ways in which the governments and territories of the UK interact and work together. However, the project contends that opportunities for reform will be limited by five sets of constraints: (i) how the UK as a country, and the roles and responsibilities of its different governments, are understood among key players; (ii) the asymmetry, or unevenness, of devolution and decentralised government, including the lack of a distinctive national voice for England; (iii) pressures from the EU and the international community for the UK to speak with one voice in international negotiations and treaty-making; (iv) party political differences and competition between the UK and devolved governments; and (v) the politics of Scottish independence, especially in light of the expectation that Brexit will be the justification used by the Scottish First Minister to take steps towards a new independence referendum.

The project benefits from a small comparative study of Australia and Canada, as two countries outside of the EU that have wrestled with how to share power between their federal and regional governments. These case studies will pay particular attention to how the territories work together to negotiate and implement trade deals, and to support trade and mobility within each of the countries. 

Brexit attracts a lot of media and public interest, but its effect on the territorial future of the UK is often neglected. This project aims to raise awareness of the challenges that Brexit has generated for the relationships between the governments and territories of the UK. A major focus will be to increase understanding of these issues among policy makers, supporting them in responding to the challenges, including with ideas for reform. The project will also raise awareness among the public by making use of digital communication including videos and other visual images, articles in newspapers, appearances on radio and TV news, and public events designed to helping citizens be more informed about and engaged in debates on the territorial and constitutional future of the UK.",Economy & Development; Governance & Policy; Culture & Heritage
ADEPT - Advanced Devices by ElectroPlaTing,F1270939-1A5A-43F5-B592-3DB4F9CCC3BB,EP/N035437/1,Closed,Research Grant,EPSRC,6331951,University of Southampton,2016-07-19,2022-07-18,David Smith,David Smith (Co-I),"Almost the whole of modern technology and life is underpinned by methods for depositing and shaping materials. For instance the transistors which power our mobile phones, tablets, etc. consist of areas of silicon whose dimensions are now of the order of only tens of atoms across. Whilst current materials deposition technologies are truly impressive, there is still a need for more innovative, better and reduced cost methods for depositing technologically important materials in order to increase energy efficiency, improve their functional properties and break through into potential new markets. This is particularly true when we consider materials beyond the narrow range of those used in electronics and telecoms. A clear example of this is in the field of thermoelectric materials which can already be used in devices such as refrigerators, but more importantly in generating electricity directly from waste heat. Fundamental science has shown that if we could produce such materials in the form of dense parallel arrays of ultrathin wires that are each only 10-100 atoms across, the efficiency of these devices would be massively enhanced. However, the technology to achieve the necessary high quality materials at this size scale does not currently exist. 

In the field of computer memory, materials whose electrical resistances can be altered by rapid heating and cooling, so called phase change materials, are being developed The key barriers to the wide spread application of these materials are their relatively high switching energy and reliability of many billions of switching cycles. These could be overcome if a materials deposition technique existed which allowed us to deposit smaller elements than can currently be achieved. 

Finally the materials that are used in heat, i.e. infrared, sensing cameras could have a much wider range of applications, e.g. in home security and short range communications between smart appliances, if the cost of depositing them wasn't so high.
 
This project will directly address these challenges, by building upon our recent breakthroughs in using electrodeposition, in which an electrical current causes the deposition of a material, from unusual, 'weakly-coordinating' solvents, to develop methods for depositing high quality materials for advanced applications in the fields of thermoelectric devices, phase change memory and infrared sensors and cameras.",Culture & Heritage; Conflict & Security; Data & Digital
ADR Scotland: 2026-2031 (UoE led),78F96F2A-A010-489D-AAC9-C3E3122117F2,UKRI3324,Active,Research Grant,ESRC,17127387,UNIVERSITY OF EDINBURGH,2026-03-30,2031-03-30,Morag Treanor; Nick Bailey; Patricio Troncoso; Serena Pattaro,Morag Treanor (Co-I); Nick Bailey (Co-I); Patricio Troncoso (Co-I); Serena Pattaro (Co-I),"The Covid-19 pandemic laid bare the shortcomings of the data landscape in the UK. Professor Cathie Sudlow, in her major review, argued that “we are simply not maximising the benefits to society from the already-existing&nbsp; [data] sources”. Faster cross-cutting evidence, using systematically linked health and administrative data, represents a critical opportunity for timely policy insights and evaluations. For
Scotland, better linked data can ensure value for public spending to maximise outcomes for the population.
Our vision is for a trusted and efficient data research infrastructure in Scotland, underpinned by a need to maximise the efficiencies, sustainability and impact of research for Scotland’s public services. This is at a time when value for money is more important than ever.
Together our Co-Directors, leaders from academia and government, have driven forward this vision with a renewed focus on influencing decisions and affecting real change through impactful research which
have now developed into five co-produced strategic research themes – developed within a ‘One Team’ approach. Our delivery partners are transforming the research approvals and data operations in Scotland to make the National Safe Haven (NSH) scalable and sustainable, establishing common best practice arrangements and moving to a single front door for data controllers and researchers. To deliver feasible efficiencies for systematically linking health and administrative data, enable better access to economic linked data, and smooth the researcher journey, our ADR delivery partners have co designed and are collectively advocating for the full implementation of One Approvals Pathway and One Process Model. These are a unique selling point that will push the target operating model in Scotland closer to the world-renowned Nordic population-based registers. By the end of the present ADR investment
period, Scotland will have set the foundations for a highly flexible, scalable, and sustainable data linkage system. Going forward, our data linkage experts will develop cutting-edge approaches to household and inter-generational linkages, and make greater use of causal AI analysis, and economic data. Collectively, this will ensure we deliver high impact, policy-driven research.",Data & Digital; Governance & Policy; Health & Wellbeing
AI for Collective Intelligence (AI4CI),FBBEA8C2-2AAB-474F-836A-E244EF8D958A,EP/Y028392/1,Active,Research Grant,EPSRC,10274279,University of Bristol,2024-02-01,2029-01-31,Alison Heppenstall,Alison Heppenstall (Co-I),"AI and Machine Learning often address challenges that are relatively monolithic in nature: determine the safest route for an autonomous car; translate a document from English to French; analyse a medical image to detect a cancer; answer questions about a difficult topic. These kinds of challenge are very important and worthwhile targets for AI research. 

However, an alternative set of challenges exist that are more *collective* in nature and that unfold in *real time*: 

- help minimise the impact of a pandemic sweeping through a population of people by informing the coordination of local and national testing, social distancing and vaccination interventions; 

- predict and then monitor the extent and severity of an extreme weather event using multiple real-time physical and social data streams;
 
- anticipate and prevent a stock market crash caused by the interactions between many automated trading agents each following its own trading algorithm; 

- derive city-wide patterns of changing mobility from high-frequency time series data and use these patterns to drive city planning decisions that maximise liveability and sustainability in the future city;

- assist populations of people with type 2 diabetes to avoid acute episodes and hospitalisation by identifying patterns in their pooled disease trajectories while preserving their privacy and anonymity. 

Developing AI systems for these types of problem presents unique challenges: extracting reliable and informative patterns from multiple overlapping and interacting data streams; identifying and controlling for inherent biases within the data; determining the local interventions that can allow smart agents to influence collective systems in a positive way; developing privacy preserving machine learning and advancing ethical best practices for collective AI; embedding novel machine learning and AI in portals, devices and tools that can be used transparently and successfully by different types of user.

The AI for Collective Intelligence (AI4CI) Hub will address these challenges for AI in the context of critically important real world use cases (cities, pandemics, health care, environment and finance) working with key stakeholder partners from each sector.

In addition to significantly advancing applied AI research for collective intelligence, the AI4CI Hub will also work to build *community* in this research area, linking together academic research groups across the UK with each other and with key industry, government and public sector organisations, and to build *capability* by developing and releasing open access training materials, tools, demonstrator systems and best practice guidance, and by supporting the career development of early and mid-career researchers both within academia and beyond.

The AI for Collective Intelligence Hub will be a centre of gravity for a nation-wide research effort applying new AI to collective systems.",Data & Digital; Housing & Urban; Health & Wellbeing
AI-Optimised Fermentation for Sustainable Protein Production from Food Side Streams,A586EEBA-D241-49F6-A383-0775A751B74B,BB/Y513933/1,Closed,Research and Innovation,ISPF,258029,University of Leeds,2024-02-14,2025-08-12,Nicholas Watson,Nicholas Watson (PI),"This international collaboration will develop AI methods for optimising fermentation processes that use food side streams as substrates to produce sustainable proteins for human consumption. It will be led by the University of Leeds (UoL) and the Commonwealth Scientific and Industrial Research Organisation (CSIRO) and includes four industrial partners from the agri-food sector.

Current alternative protein production often uses high-sugar substrates. This project aims to utilise food side streams as the fermentation substrate to increase sustainability and economic viability of protein production. Given the variability between different food side streams, AI will be used to aid optimisation of fermentation parameters like solids and moisture content, pre-treatment methods, pH levels, yeast strains, and nutrient supplementation.

Approximately one-third of food produced gets wasted. The project addresses this waste, contributes to creating a circular economy, while simultaneously producing protein to enhance food security for a growing world population. The project is aligned with two of the competition's themes on AI in sustainable agriculture and food and AI to advance manufacturing and clean growth.

Each institution has complementary capabilities where the University of Leeds team offers experience in experimental data collection and preliminary model development and CSIRO brings expertise in scaling up these processes to ensure they have a broader, real-world impact. The partnership also addresses regional variations in food side streams enabling the development of adaptable models with greater generalisability. The projects activities are organised into five Work Packages (WPs):

WP1 (UoL): Experimental data collection: Collection of data from fermentation processes using food side streams (short shelf-life soft fruit and Jerusalem artichokes) as substrates to produce protein.
WP2 (UoL &amp; CSIRO): Single side stream models: Leveraging the data from WP1, development of AI models to predict fermentation products (e.g., microbial dynamics, yield, and protein concentration) based on the side stream composition and fermentation parameters.
WP3 (UoL): Adaptive modelling techniques: Using the data from WP1, development of transfer learning and Bayesian optimisation methodologies to significantly reduce the data collection burden for new side streams or equipment.
WP4 (CSIRO): Scale up and out: The methodologies from WP3 will guide data collection from scaled-up fermentation trials at CSIRO using new food side streams aiming to maximise sustainability and economics.
WP5 (UoL &amp; CSIRO): Partnership and impact: Focusing on disseminating findings to the broader scientific community, sharing data, code, models, methodologies, and academic papers; and conducting partnership activities including visits, workshops, and training sessions.
The outcome of the partnership between UoL and CSIRO will be enhanced AI capabilities at each organisation, the career development of project team members and adaptable AI models that can be used by beneficiaries world-wide to efficiently optimise fermentation processes and assess the potential of new food side streams.",Data & Digital; Economy & Development; Conflict & Security
Administrative Data Research Centres 2018,27D929FF-4B86-41C6-8E5A-8C0D83D21204,ES/S007407/1,Closed,Research Grant,ESRC,4185010,University of Edinburgh,2018-11-01,2022-03-30,Nick Bailey; Sharon Wright,Nick Bailey (Co-I); Sharon Wright (Co-I),"Administrative data (that is, information collected primarily for administrative purposes) has long contributed to central government and other statistics. However in the last 15-20 years, technological advancement has seen something of a revolution with the formation of very large administrative databases held by central and local government, and by specialist agencies across the UK. The existence of such databases raises the possibility that administrative data could become, in an annoymised form, a core resource for social science academic research. Many northern European countries (notably Denmark, Finland, Norway and Sweden) are further ahead in this regard, as they have placed much greater emphasis on developing national 'register data' from the 1980s onwards, to replace national censuses and major surveys. 

In response to this possibility and supported by the ESRC the Administrative Data Research Centre - Scotland (ADRC-S), with the NHS Scotland and the Scottish government, has developed a service for carrying out anonymised administrative based data research in Scotland. This has allowed important insights to be gained on a very diverse set of issues including: the impact of homelessness on the health, the type of care given to children been look after by the state, the impact of poverty on child development, what care is being given at the end of life in Scotland and how moving helps or hinders Social mobility.

The existing service has principally been based on gaining permission and assembling, project by project process, datasets to be used by a single research group. Whilst a sensible approach during the initiation of the collaboration, it is now apparent that in order to work more efficiently, safely, fairly and to save taxpayers money, research ready data holdings are needed, based on unified process of governance and permissions.

This proposal for a next phase funding aims to achieve this. Working in partnership with the Scottish National Statistical Agency, the ADRC-S will, in particular, provide evidence of value within this new approach. It will do this through a series of strategically important pieces of work. These will particularly focus on key issues within Scotland's National Performance Framework which gives 'an overall vision of the country we want to be'.

The focus will be on these board themes:
 - 'Poverty and Fair Work' - which will explore patterns of employment, including insecurity and progression; on the material benefits of employment, and the extent to which it reduces poverty 
 risks; and on the relationship between employment and health. 
 - 'Inclusive, empowered, resilient and safe communities' - will address a set of questions around shifting patterns of crime, justice and emergency service demand that are underpinned by 
 vulnerability and mental health within the population. 

 - 'Realising our potential' - aims to better understand the progress of young people looked after by the state. What is the impact of different care profiles (e.g. look after at home or in care) and 
 frequency of changes of states on children's outcomes, and particularly their educational outcomes
 - 'Healthy and active' will explore the interactions between health and social care and the implications of informal care for service delivery for older people. In regards younger it will investigate 
 emerging priorities around: mental health and well-being, poverty and inequality and physical activity and in particular how these develop across the lifecourse.

The adrc-s team will work closely with its NHS partner to provide other teams access to the emerging research datasets.",Health & Wellbeing; Data & Digital; Inequality & Social Justice
"Age-based imitation bias throughout development, during daily interactions, and across cultures",5F2FAD14-E6F8-4690-93A3-40DE3736F45E,ES/Y002067/1,Active,Research Grant,ESRC,843583,Durham University,2023-12-01,2027-11-30,Emma Flynn,Emma Flynn (Co-I),"Imitation is central to how children acquire the instrumental technologies and cultural conventions which enable us to thrive in diverse environments. We have evolved cognitive heuristics, or rules-of-thumb, which bias us towards imitating individuals who are the most likely to possess beneficial information. One such heuristic is the age-based imitation bias, which predisposes children towards preferentially imitating adults over peers, theoretically because older age acts as a heuristic for expertise. We have previously found strong experimental support for age-based imitation bias. Yet, we have also shown that children across cultures can and do learn from each other. To integrate across these findings, our project will investigate whether social and cognitive development, social setting, and cultural values mediate the expression of age-based imitation bias for the first time. Our expertise in developmental psychology, cognitive science, anthropology, and cultural evolutionary theory makes our team uniquely placed to address three field-changing objectives. 

First, nearly all imitation studies are conducted with young children. Yet, what children learn during adolescence sets the stage for future success. To fill this gap, we will compare the propensities of children aged 3 to 17 years to imitate peers versus adults using instrumental and conventional experimental tasks previously validated by our team. We predict that young children will imitate adults over peers in both domains, reflecting the broad application of the age-based bias, whereas adolescents will imitate adults over peers in instrumental tasks, and peers over adults in conventional tasks, reflecting their flexible use of the age-based bias.

Second, age-based imitation bias has only been investigated using experimental paradigms. We do not know if and how age-based imitation bias operates in everyday interactions, representing a threat to the ecological validity of this cognitive heuristic. Extending beyond a learner-centric view of imitation, we will conduct naturalistic observations to understand how peer and adult availability and pedagogical interactions enable and constrain age-based bias. We predict that children will preferentially imitate adults in social settings in which they are available, and that adults (rather than children) will use more sophisticated pedagogical cues, thus engendering more frequent imitation.

Finally, we do not know if cultural contexts shape the expression of age-based imitation bias. We will thus collect data among Congolese BaYaka foragers, Congolese Bandongo fisher-farmers, Chinese Americans, and Scots. These communities vary in their cultural emphasis on autonomy/conformity, and the normativity of peer/adult socialization, which may affect children's preference for learning from adults over peers. We will ascertain locally shared beliefs in these two areas using cultural consensus interviews. We will test the prediction that high autonomy and normative peer socialization co-occur with high peer imitation in the experimental and observational studies. 

By meeting these objectives, our project stands to shed new light on the ontogeny and flexibility of human learning cognition. We anticipate that our findings will be of interest to cultural evolutionary modelers, leading to the development of new theories for understanding how cognitive heuristics contribute to cultural maintenance and change. We also anticipate that cognitive development researchers will attend to our results because they will elucidate whether cognitive heuristics respond to social and cultural contexts. Our project will benefit teaching and health interventions by highlighting the settings and domains in which peer imitation is likely to be the most effective. We will showcase the social benefits of our research during a knowledge exchange workshop with an international group of educators and youth workers.",Culture & Heritage; Economy & Development; Health & Wellbeing
Analysing the transnational provisioning of services in the social sector: the case of commercialisation of NHS services in China and India,B8080385-895B-455D-BE1B-9054D155BC00,ES/S010920/1,Closed,Research Grant,ESRC,722324,King's College London,2019-09-01,2023-05-31,Benjamin Hunter,Benjamin Hunter (Co-I),"This study addresses the contemporary attempts by public and private organisations to position the UK within a globalised commercial healthcare economy. It asks how and why this ambition is being realised in England and in two major 'emerging economies' perceived as potential areas of market growth (India and China), and considers the implications for public or state-owned healthcare, health training organisations and healthcare users in the three settings. The study objectives are to:
1) describe and analyse the key drivers, actors, markets and supporting social and political infrastructures of commercialised transnational provisioning of healthcare; 
2) investigate these and their everyday workings and moral economies through three detailed qualitative case studies of UK-India and UK-China healthcare provisioning in the areas of a) labour sourcing and processes, b) training and management consultancy and c) joint infrastructure ventures, and 
3) consider the implications for healthcare planning and governance in the three countries, and communicate these to scholarly, practitioner, advocacy and policy audiences.

The context for this research is a period of globalisation in which there have been significant changes in how service sectors are organised, and how public services are managed and provided. In the healthcare sector, there has been an increasing expansion of markets and of opportunities for investment in a global healthcare industry; greater cross-border consumption of healthcare, and increased consumer rights consciousness among patients. In England there have been cumulative market-based reforms to the structure of the National Health Service (NHS), while China and India have seen trade policy reforms, growth of specialist private hospital care and related diagnostic services, and expansion of fee-based provision.

The run up to the UK's 'Brexit' departure from the European Union is posing new demands for recruitment of international staff, and public healthcare organisations are facing pressure to 'become more entrepreneurial' to cope with budgetary pressures. Labour markets in middle-income countries are proving a vital source of health workers - provisioned either by third-party commercial agencies or by private hospital chains - while the rising burden of non-communicable diseases amongst ageing and middle-class populations in China and India is driving new demand for healthcare services that offer potential new markets and sources of revenue for UK-based healthcare organisations, notably hospitals, insurance companies, professional bodies and university health schools. In what seems to be a significant step change for the 'NHS identity', marketing has begun with sights set on offshore provisioning to new audiences, primarily in these emerging economies. 

This project seeks to understand these new developments, which reflect wider global trends in commercialisation, labour markets and trade in social sector services. The case studies will include the transnational outsourcing of back-office administrative activities, training and management consultancies, and joint ventures for hospital development. It will explore projects between organisations in England and in Guangdong, Fujian and Jiangsu (China) and in Delhi, Andhra Pradesh and Maharashtra (India) examining all elements of the 'provisioning chain' from governance and financing, through to production, delivery of / access to healthcare facilities and services, and consumption.

Our study findings will be important for raising public awareness and understanding in the three settings of the increasingly globalised nature of the healthcare economy, the types of changes being promoted, and their possible effects. Our public and policy engagement activities will aim to inform policy development within healthcare organisations directly, and also indirectly through engagement with local community organisations.",Economy & Development; Health & Wellbeing; Governance & Policy
Approaching the cliff edge? The intentions of private sector landlords on cessation of the eviction ban in Scotland.,DC44AD8F-D46F-47B7-A113-4337C7C34421,ES/W002868/1,Closed,Research Grant,ESRC,28125,University of Glasgow,2021-05-31,2021-09-29,Nick Bailey,Nick Bailey (Co-I),"Summary

The Private Rented Sector has grown considerably over the last 25 years and is now a crucial part of the UK's housing mix. The sector provides easily accessible accommodation for young, mobile, transient populations, but is increasingly being used to provide long term accommodation for vulnerable groups who in earlier times might have been able to access local authority or housing association accommodation. 

With the arrival of Covid, The Scottish Government made a series of temporary changes to the legislation that governs the tenant eviction process. These changes have been made over concerns that Covid-19 would result in an increase in evictions resulting in tenants being made homeless and support services being overwhelmed. The changes include extensions to notice periods (up to 6 months) for certain grounds, the introduction of 'Pre-action requirements', and the re-classification of all grounds as discretionary. Importantly the changes also include a ban on evictions due to tenant non-payment, until the end of September 2021. The amendments apply to all areas under a Tier 3 or Tier 4 lockdown.

Whilst these changes are believed to have safeguarded tenants and support services in the short term, they have not addressed the underlying problems, and unprecedented levels of rent arrears have accumulated for private landlords. Every additional month of arrears increases tenant debt levels and further reduces landlord income. In many cases landlords rely on this income to support their living expenses or service a mortgage. The changes are only temporary and there is great concern as to what will happen when the ban is lifted. Some believe that there will be no markable increase in the number of evictions, others belief that there will be a significant increase leading to many tenants being made homeless. While the truth is likely to be somewhere in between, policy makers, service providers and charities urgently need a more detailed understanding of what is likely to happen, to allow them to create policies that minimise the impacts of the ban when it comes to an end. To obtain this understanding we need to identify the extent of the problem as it stands, specifically, how many landlords have arrears and how large are the arrears? We also need to gain insights into how landlords are currently dealing with arrears, to identify how familiar landlords are with the temporary changes in legislation, and to ascertain whether the support currently available, such a loan schemes, is fit for purpose. Insight into the resilience of landlords and identification of the tipping points that may result in an increase in evictions is also necessary, as is the identification of landlord intentions following the cessation of the ban.

Unfortunately, we do not currently know the answers to these questions. In fact, we know very little about the behaviours or intentions of landlords in general. This research therefore aims to answer these questions by undertaking primary research with the support of landlords. 

The research will take the form of a quantitatively focused online questionnaire, which will be issued to a large population of Scottish Private Rented Sector (SPRS) landlords via our project partner SafeDeposits Scotland. The responses from the survey will be analysed and findings generated. The findings will then be shared directly with Government, Parliament, Service Providers and Third Sector organisations. To maximise impact and reach, the findings will be also be made available through a series of blogs and tweets. 

The entire research process from survey design to the dissemination of the findings will take just 4 months. This accelerated program is required to allow those receiving the data sufficient time to digest the findings and generate appropriate policies in response.",Governance & Policy; Housing & Urban; Global Health
Art and Policy in the Global Contemporary: Examining the Role of the Arts in the Production of Public Policy,CC39685E-B165-43BF-BAAF-473E30B846A1,EP/Y036972/1,Closed,Research Grant,Horizon Europe Guarantee,1691889,University of Edinburgh,2024-09-30,2025-02-09,Sotiria Grek,Sotiria Grek (PI),"POLART will examine the relationship between art and policy through a double focus: an investigation of how art may produce policy knowledge 'that might be otherwise' (Law 2017) and how, conversely, policy issues have altered the contemporary artistic canon and forms of engagement. Our point of de-parture is that research has so far focused almost exclusively on the role of science and measurement in the production of policy, at the expense of an examination of how art can problematize the status-quo, question well-trodden paths, and offer alternative and imaginative ways of dealing with social problems. Although the relationship between art and policy-making is vastly under-explored, the arts have always been an essential element of how policy makers make sense of, interpret and hence gov-ern societies.

POLART's daring promise is to develop interdisciplinary analysis that for the first time investigates the dynamic interrelationship of art and policy systematically. Through innovative methods, and at the crossroads of public policy, science and technology studies and the sociology of art, POLART will set the intellectual foundations of the novel 'Art and Public Policy' field. A major task of the study -and the field - will be the decoding of the material and performative 'hybrid knowing spaces' (Law 2017), as they emerge at the intersections of the art and the policy worlds.

How do these aims translate in empirical terms? POLART will initially examine major international art exhibitions, in order to explore the relationship between art and policy problematization post-1989. Second, we will examine how, why and with what effects, the arts can mobilise policy change both at the global and local levels. Finally, we will explore how the arts may shape national/local policy mak-ers' political values towards the production of equitable and participatory governance, fit for the chal-lenges of the 21st century.",Governance & Policy; Culture & Heritage
Art and Policy in the Global Contemporary: Examining the Role of the Arts in the Production of Public Policy,3C694D94-6DC1-49C0-AF91-93B20C2F0879,EP/Y036972/2,Active,Research Grant,Horizon Europe Guarantee,1681527,University of Glasgow,2025-02-10,2029-09-29,Sotiria Grek,Sotiria Grek (PI),"POLART will examine the relationship between art and policy through a double focus: an investigation of how art may produce policy knowledge 'that might be otherwise' (Law 2017) and how, conversely, policy issues have altered the contemporary artistic canon and forms of engagement. Our point of de-parture is that research has so far focused almost exclusively on the role of science and measurement in the production of policy, at the expense of an examination of how art can problematize the status-quo, question well-trodden paths, and offer alternative and imaginative ways of dealing with social problems. Although the relationship between art and policy-making is vastly under-explored, the arts have always been an essential element of how policy makers make sense of, interpret and hence gov-ern societies.

POLART's daring promise is to develop interdisciplinary analysis that for the first time investigates the dynamic interrelationship of art and policy systematically. Through innovative methods, and at the crossroads of public policy, science and technology studies and the sociology of art, POLART will set the intellectual foundations of the novel 'Art and Public Policy' field. A major task of the study -and the field - will be the decoding of the material and performative 'hybrid knowing spaces' (Law 2017), as they emerge at the intersections of the art and the policy worlds.

How do these aims translate in empirical terms? POLART will initially examine major international art exhibitions, in order to explore the relationship between art and policy problematization post-1989. Second, we will examine how, why and with what effects, the arts can mobilise policy change both at the global and local levels. Finally, we will explore how the arts may shape national/local policy mak-ers' political values towards the production of equitable and participatory governance, fit for the chal-lenges of the 21st century.",Governance & Policy; Culture & Heritage
Assessing the impact of benefit sanctions on health,23D40A1B-77FB-4DE1-BE53-2969A1551EB1,ES/R005729/1,Closed,Research Grant,ESRC,161200,University of Glasgow,2018-11-01,2021-09-29,Mark Tranmer; Nick Bailey; Serena Pattaro,Mark Tranmer (Co-I); Nick Bailey (PI); Serena Pattaro (Co-I),"The aim of this research is to examine whether benefit sanctions lead to claimants having worse physical or mental health, or making greater use of health services. It also seeks to add to our knowledge on whether sanctions encourage claimants to return to employment more quickly. The proposal is innovative in using a database of individuals' benefits, employment and health histories constructed from administrative records which have not previously been linked. 

Background
People who claim some benefits, especially Jobseeker's Allowance (JSA) and Employment &amp; Support Allowance claimants in the Work-Related Activity Group (ESA WRAG), have conditions placed on them. With JSA, for example, claimants must sign on at the Jobcentre Plus office regularly and take certain steps to find work. If they fail to meet these conditions, they can be sanctioned, i.e. their benefits are stopped for a period. There have always been conditions on unemployment benefits but they have increased in recent years, with the number of sanctions and maximum length rising. The introduction of Universal Credit has seen conditions extended to those in work as well as higher sanction rates for early cases. 
Sanctions are meant to ensure that people return to work as soon as they can. This is good for public finances as it keeps claims down, good for the economy as it keeps labour supply up and, arguably at least, good for claimants since unemployment tends to be bad for our health. However, critics argue that sanctions may have unintended side-effects: harming claimant health, increasing homelessness, or putting stress on families which affects child welfare. Health effects may arise from restricted spending on food or heating but also from the psychological stresses of trying to cope without income. These unintended impacts could lead to greater expenditure on public services, off-setting savings from reduced benefit claims. There has been very little research on these unintended impacts associated with sanctions, and almost none which can provide convincing evidence that sanctions cause harm. 

Proposed research
We will construct a database of individuals' benefit, work and health histories by combining information held in the administrative records of the Department for Work and Pensions (DWP) and NHS Scotland. The data are sensitive, personal information so we need special permissions to access them which we are in the final stages of securing. The database will cover people who claimed JSA or ESA WRAG in Scotland for 2010-17. We focus on Scotland because the health data are currently only available here. From DWP, we get records of claim spells and whether people were sanctioned. From NHS Scotland, we get information on: the prescribing of medicines which can indicate various physical and mental health conditions; use of Accident &amp; Emergency or unplanned hospital admissions which can indicate incidents arising from risky behaviours such as alcohol abuse or the worsening of chronic conditions due to poor diet, stress, etc.; and mortality data, including suicides. We will also examine missed appointments since these are a significant concern for the health services. 
From Oct 2013 on, DWP can provide data on employment spells so we can look at the labour market impact of sanctions in this period, and hence whether any health effects depend on whether people find paid work or not. 
The main challenge for our analysis is to show whether sanctions cause a change in health. To do this, we have to rule out the possibility that there are other factors which mean that the people who are more likely to get sanctioned also tend to have worse health; examples might include a drug or alcohol problem, or a domestic crisis such as a bereavement. There are various techniques which let us do this. 

The results of the research will feed into academic debates about the recent changes to welfare but are also intended to have an influence policy in this area.",Health & Wellbeing; Economy & Development; Data & Digital
Atomic Anxiety in the New Nuclear Age: How Can Arms Control and Disarmament Reduce the Risk of Nuclear War?,DEFE3C1C-ADA5-4283-94DD-65A8FA6099AA,MR/X034690/1,Active,Fellowship,UKRI FLF,1149833,University of Glasgow,2024-06-02,2028-06-01,Rhys Crilley,Rhys Crilley (Fellow),"This project examines how nuclear arms control and disarmament efforts can be developed to reduce and avert the risk of nuclear conflict. According to the Secretary General of the United Nations, the world has entered 'a time of nuclear danger not seen since the height of the Cold War'. This dangerous 'new nuclear age' is the result of arms control treaties collapsing, rising tensions between nuclear weapon states, and threats to use nuclear weapons such as those made by Vladimir Putin, who has warned of 'ominous consequences' against anyone who opposes his invasion of Ukraine. At the same time, all of the nuclear weapon states are modernising or increasing their nuclear arsenals. 

In this context of heightened atomic anxiety, this project investigates how the legitimacy of nuclear weapons is communicated, constructed, and contested, and then examines how nuclear arms control and disarmament efforts can be improved based on these insights. Despite the catastrophic potential of even a small nuclear conflict, states continue to maintain, modernise, and increase their nuclear weapons arsenals. Why? This project addresses this puzzle and has two central aims. First, it seeks to understand how and why states claim legitimacy for their nuclear weapons in this 'new nuclear age', as well as understanding how other political actors and members of the public consent to, acquiesce or challenge these claims. Second, the project critically assesses how the risk of nuclear war can be mitigated through improving nuclear arms control and disarmament advocacy and mechanisms so that they gain more international support.

The project delivers these aims through innovative, mixed methods research of multiple data sources. These methods include: 1) documentary analysis of policy documents, military doctrine, and diplomatic statements, 2) discourse analysis of news media and social media content on the topic of nuclear weapons, 3) interviews and focus groups with policymakers, nuclear arms control and disarmament advocates, and members of the public. The project will support two post-doctoral positions and a PhD studentship (funded by the University of Glasgow), thereby building capacity for a world-leading team on nuclear arms control and disarmament.

Through this research, the project will provide: a) a global mapping of all UN member state policies and their framing of nuclear weapons in the 'new nuclear age', b) an understanding of global opinion about nuclear weapons, arms control, and disarmament, that will inform c) a theory of change for how arms control and disarmament efforts can be developed and improved, so as to further reduce the risk of nuclear conflict, by for example, building support for arms control and disarmament with international policymakers and the public. In doing so, the project contributes to academic literatures on international security, nuclear disarmament, and social movements. Significantly, the project also has high impact utility for policymakers and advocacy organisations who have agreed to be project partners - such as the International Campaign to Abolish Nuclear Weapons (winners of the 2017 Nobel Peace Prize), the Campaign for Nuclear Disarmament, the Nuclear Age Peace Foundation, the British American Security Information Council, and Reaching Critical Will - who work to reduce the risk of nuclear war.",Conflict & Security; Global Health; Governance & Policy
BBSRC IAA Queens University Belfast,24F9585A-99C6-4A14-B94F-EDEC91A41E22,BB/X511080/1,Active,Research Grant,BBSRC,495000,Queen's University Belfast,2022-03-31,2027-03-30,Emma Flynn,Emma Flynn (PI),"Abstracts are not currently available in GtR for all funded research. This is normally because the abstract was not required at the time of proposal submission, but may be because it included sensitive information such as personal details.",
Between two unions.The Constitutional Future of the Islands after Brexit,F7D7B664-0F54-4396-9AF8-A9087E1B0FA9,ES/P009441/1,Closed,Research Grant,ESRC,2025300,University of Aberdeen,2017-09-30,2021-11-30,Nicola McEwen,Nicola McEwen (Co-I),"The project examines the inter-relationship between UK withdrawal from the European Union and constitutional change within the United Kingdom and Ireland. This constitutes a historically important event in its own right, and a real-time experiment in constitutional reinvention in a context with few rules and an unknown outcome. 

The United Kingdom and the European Union both constitute unions, a constitutional form that is under-conceptualized. We start by taking it as means of reconciling unity with diversity, with political, economic and social dimensions. Unionism in the United Kingdom historically combined recognition of national diversity with refusal of political devolution. That has changed since the 1990s with devolution to Scotland, Wales and Northern Ireland but the Union has not been redefined. Instead the core state has remained largely unaltered and the doctrine of parliamentary sovereignty retained. The question of England is largely unaddressed. Many fundamental issues about the constitution are unaddressed, there is little constitutional jurisprudence and conflicts are resolved pragmatically and by political means. The Republic of Ireland has been a separate state since 1949 but retains economic and social ties to the United Kingdom and in recent years has shared in the management of Northern Ireland.

Some observers have criticized this all as incoherent and unstable and called for a formal constitution and better definition of the territorial division of power. Others have valued and admired the constitutional flexibility of the UK.

The transformation of the UK from a unity to a multilevel state since the 1990s has been underpinned in important ways by membership of the EU; the two unions have been complementary. It has allowed a more permissive devolution settlement and introduced notions of shared sovereignty that provide the inspiration for forms of self-government short of secession. Like the UK, the EU lacks a clearly defined end goal and is open to multiple interpretations. 

Brexit destabilizes the UK settlement and its relationship with Ireland, especially in view of the Remain votes in Scotland and Northern Ireland. Its implementation requires internal constitutional change. This could entail recentralization and a reassertion of central state sovereignty, the disintegration of the United Kingdom, or further devolution and asymmetry. 

The project examines the way these issues will be worked out leading up to withdrawal and the UK General Election of 2020. It will examine the process of negotiation in real time. It will seek explanation by looking at the actors, their power resources and the claims and arguments deployed. It will examine the outcome, focusing on four dimensions: institutional relationships and changes in the powers of institutions; constitutional principles and the degree to which they are clarified and shared; the economic union, including rules for policing the UK single market and the distribution of public expenditure; social welfare and the variation of citizen entitlements across the islands, including mutual recognition and portability. 

This represents an important case in its own right and the research will serve to inform policy makers and the general public. It also serves as a critical case in social sciences, exploring the ways in which what are often seen as defining features of the sovereign state have already been stretched in the UK case and the extent to which they can be stretched further. These include a shared doctrine of sovereignty; fixed borders; a core of social entitlements; a clearly-defined state centre; and clear principles and rules for resolving constitutional conflicts.",Governance & Policy; Economy & Development; Gender & Equality
Beyond the Multiplex: Audiences for Specialised Film in English Regions,A154A89E-7CC2-424D-801F-D99A17ED7907,AH/P005780/2,Closed,Research Grant,AHRC,498124,University of Glasgow,2018-06-30,2021-05-30,Bridgette Wessels,Bridgette Wessels (PI),"The aim of the project is to understand firstly how to enable a wider range of audiences to participate in a more diverse film culture that embraces the wealth of films beyond the mainstream; and secondly how to optimise the cultural value of engaging with those less familiar films, identified here as 'specialised' films. We will do this by investigating how audiences engage with and form around specialised films in four English regions. Audience formation is here understood as the processes of engagement with films that generate audience experiences. Drawing on industry definitions, specialised films are understood as films outside the mainstream, including small scale UK films, foreign language, documentary, archive and hard-to-pigeonhole films, and films with unconventional narratives, themes or cinematic techniques. Provision of mainstream film is good across England; however, provision of specialised films is low across the English regions outside London, which limits the opportunities for people to experience a more diverse film culture. We need to know more about the provision of specialised films in those regions, and how audiences form in relation to specialised film provision. Although audience reception studies have made audiences increasingly visible within academic debate and although the industry and policy makers also gather intelligence about audiences, little attention has been paid to the specific contextual relationships and interactions between media and people that generate and sustain audiences in English regions. Audience policy for specialised films takes a regional approach in attempting to improve provision and create a more diverse film culture. Our project aims to provide a firm evidence base for such policy developments by establishing a detailed understanding of how audiences form in their engagement with specialised films, the extent to which they are committed to film cultural diversity and the role that regional identity plays in that process. To achieve these aims requires an holistic approach that addresses the details of consumption and the opportunities to consume, namely the provision of film at a regional level, including online. The goal is both to advance scholarship and to provide concrete recommendations about how UK audience policies can be improved.

This focused, comprehensive and impactful project will explore the relationship between audiences and specialised films by examining the practices of venue-based and online film consumption, how different audiences experience specialised films, and the value of venues in the regional provision of film. It will also address the provision of specialised film by examining the industry processes of funding, production, distribution and exhibition (including online) of specialised films in four English regions. The audience research will involve a multilevel comparative study of audience formation in relation to specialised films in four English regions, collecting data that is in depth and at scale and using innovative digital humanities analytical methods. Following an earlier pilot study (http://www.hrionline.ac.uk/fhn), we have developed a highly experienced interdisciplinary team to undertake this project, comprised of academic experts in film studies, sociology, cultural policy, digital humanities and partners from film policy and the film industry. Through a partnership with the British Film Institute's (BFI) Film Audience Network and the Film Hubs (which organise provision of specialised film and foster audience participation regionally), the project is designed to have direct impact on the BFI's efforts to improve regional audience figures, widen film choice, and enhance the cultural benefits of specialised film. The project will therefore establish a strong relationship between the scholarly understanding of audiences and the development of official audience policies and industry practices in the context of regional provision.",Culture & Heritage; Governance & Policy; Economy & Development
Biodiversity indicators from nonprobability samples: Interdisciplinary learning for science and society,5D186470-B217-4ABD-9FE1-93CCD57A24C2,NE/X00967X/1,Closed,Research Grant,NERC,7200,Newcastle University,2022-11-01,2023-10-31,Gavin Stewart,Gavin Stewart (PI),"Understanding the global biodiversity crisis requires regular monitoring and reporting. Scientists use a combination of biodiversity data and statistical methods for this purpose. Biodiversity data, however, are not often representative samples of reality. Other research areas have been dealing with similar issues for many years, such as when political scientists try to predict election outcomes from unrepresentative public polling. Accounting for such evidence quality issues is an essential part of the maturation of the use of &quot;big data&quot; in ecology, particularly as research outputs are increasingly being called upon to evaluate both international targets (e.g. those linked to the Convention on Biological Diversity) and national government policies. For example, the forthcoming UK Environment Act is planning to use ecological indicators to both set, and evaluate progress towards, targets relating to the state of the environment. Whilst such indicators have long been used as &quot;official statistics&quot; to inform government, this direct link to legislation is new. Given all the subsequent decisions that this usage might entail (e.g. funding for conservation), accurate appraisals of our environment, including adjustments for unrepresentative sampling, are clearly essential.
 At the same time, the growth of digital communication and IT has created opportunities to visualise and disseminate patterns in data like never before. Even within the recent past the COVID pandemic has increased the rate at which the public are presented with charts and data. Parallel to this, there has been a steady growth in public interest in the environment, with organisations such as the Intergovernmental Science-Policy Platform on Biodiversity and Ecosystem Services (IPBES) and environmental charities now keen to summarise and present the &quot;state of nature&quot; to the public to bolster their understanding of ecological issues. Trends in quantities that are considered to indicate the health of some part of our environment are a significant part of this, and are regularly published, promoted, and extensively shared. Such trends are often used as &quot;ecological indicators&quot;, i.e. numbers that directly indicate some change in our environment that we wish to manage or simply understand, an area with a long history of research in ecology. Communicating uncertainty around such metrics is a fundamental part of keeping the public informed about the true state of scientists' knowledge about biodiversity change.
 What is not often considered, however, is the quality of the evidence used to create such statistics. In the UK, most biodiversity indicators are based on amateur naturalist activity, which, whilst frequently of very high quality, is not often the result of random sampling. Globally, data are highly heterogeneous, and even professional monitoring data become unrepresentative at this scale (i.e. there is no overall random sample of earth's biodiversity). However, the robust estimation of time trends in species' distributions or abundances requires representative data. This is ultimately a statistical problem, common to all sciences that wish to understand reality from samples. Random samples are at the heart of strong statistical inference, and so departures from this condition should give us pause for thought. Luckily, statisticians have put much effort into considering how nonrandom samples can be made more reliable, and a rich collection of advice and technical methods from other research areas is available to this end. Our project will investigate this set of techniques to highlight ways in which the ecological evidence base underpinning our knowledge of the current biodiversity crisis can be improved, and how this uncertainty can be accurately and clearly communicated to policymakers and the public.",Environment & Sustainability; Data & Digital; Governance & Policy
Bringing the Social City to the Smart City,DE1CBA6A-8B72-442D-9FDC-AC69888C5D8B,ES/R007918/1,Closed,Fellowship,ESRC,232908,University of Leeds,2018-06-30,2021-06-29,Alison Heppenstall,Alison Heppenstall (Fellow),"Technological developments, such as the rise in GPS enabled devices and Web 2.0 technologies have created social transformations in how we connect and share information through the mass uptake of smart phones and social media platforms (Croitoru et al, 2014). This new generation of mobile technologies work as individual sensors capturing data on a wide range of human behaviours that have been previously hidden. These include data on individual movement, preferences and opinions. Understanding these behaviours is crucial if we are to create a joined up approach to simulating how cities breath and grow. However, considerable work is required in adapting and developing new technologies from machine learning to extract behaviours which can be embedded into cutting-edge modelling techniques. Creating this bridge between 'big' data representing the 'real' world, and simulations producing alternative versions of reality is of value to both academics and policymakers looking to develop new solutions to many of the challenges that today's cities face. To do this we need to understand how factors within the &quot;Social City&quot; (the impact of individual movements and decisions) play out every day in the &quot;Smart City&quot; (data collected from fixed sensors on for example, traffic counts, air pollution or movements of populations). 

However, standard &quot;Smart&quot; City understanding assumes previous flows (e.g. traffic at a specific time of the week, energy requirements or pollution levels over a 24-hour period) will be replicated into the future, lacking both adaptability (how does this alter if a major event in the city is happening?) and predictive power (what is the impact on health if all petrol and diesel vehicles are banned?). This disconnection between the Smart and Social city means policymakers are unable to obtain answers to complex interrelated questions such as: what is the optimal transport infrastructure to promote healthy behaviours and reduce the City's carbon footprint?

Being able to answer these questions is increasingly important as cities are facing significant challenges associated with the pressures from rapidly increasing urban populations. These include improving water and transportation infrastructure, air pollution and waste management as well as provision of adequate housing, energy, health care, education and employment. These pressures on future cities has brought the Smart City agenda to dominate many government initiatives with governments and policymakers looking to new forms of (big) micro data to provide innovative solutions to these challenges. While many models have been developed to forecast future transport, housing or healthcare initiatives, most uses are purely empirical: they lack any consideration of the social processes behind the individual generating the data or the impact of their actions and decisions. This Fellowship will explore how machine learning inspired tools can be used to recognise such emergent patterns and processes within micro-level data sources such as data on how individuals move and use city spaces. Along with the additional methodology of Agent Based Models, which allows smart and social city data to be readily combined, this suite of methods will be explored through looking at the case-studies of (i) the impact of air pollution on individuals and (ii) urban mobility. This work will fundamentally transform our ability to show how the social elements of the Smart City can be recognised and understood, and how to bring 'lived experience' to the analysis of Smart City data.",Housing & Urban; Data & Digital; Health & Wellbeing
C-Urge: Anthropology of Global Climate Urgency,57CE44B1-A1F9-48E2-A8AC-D3DE78E5A000,EP/Y00325X/1,Active,Research Grant,Horizon Europe Guarantee,530502,University of Glasgow,2023-08-31,2027-08-30,Jamie Cross,Jamie Cross (PI),"The overarching objective of this DN is to respond to a growing urgency expressed by European research councils and funding agencies, as well as by governments, publics and students, that the social sciences should contribute to our understanding of and engagement with climate change. We propose that the need for urgent action demands that social science attends to the notion of 'urgency' itself. We want to train doctoral candidates in understanding different perceptions on environmental and climatological urgency, their temporalities, and the political and environmental implications these understandings may have. 10 PhD students will carry out ethnographic research in Africa, Latin-America, Asia or Europe. The researchers will gain non-academic transferable skills in organisations that either disseminate scientific findings, or that work in political or development-related contexts. Experts of 5 European universities (KU Leuven University, University of Edinburgh, Halle University, Uppsala University, and the University of Catania) team up with 6 non-academic partners, and 10 members of the interdisciplinary advisory board in order to ensure that the 10 PhD candidates will receive excellent training opportunities both in academia and outside academia. This ensures the formation of a cohort of junior experts who will be able to contribute to the struggle against the disruptive effects of climate change. C-urge responds to the invitation described in the European Climate Pact to connect and share knowledge about climate change as well as develop, implement and scale up possible solutions and offers a qualitative, innovative, multi-sectoral as well as trans-disciplinary approach to the various degrees of urgency that global climate change inspires. The on-the-ground insights and knowledge that C-urge produces will ultimately strengthen European policy, innovation and responsiveness to climate change and its impacts across the globe.",Environment & Sustainability; Governance & Policy; Global Health
C21 Editions: Editing and Publishing in the Digital Age,CACEED83-2448-47FC-9669-9E894BDCC385,AH/W001489/1,Closed,Research Grant,FIC,323390,University of Sheffield,2021-07-31,2024-07-30,Bridgette Wessels,Bridgette Wessels (Co-I),"C21 Editions proposes to explore and make a direct contribution to the future of digital scholarly editing and digital publishing. When academics mention &quot;scholarly editions&quot;, they are typically referring to expertly curated textual resources or collections, designed to bring some sense of order or meaning to a particular set of materials. Scholarly editing, and the publishing practices that bring such efforts to the public, are hugely important to culture and society, providing the artifacts and insights necessary for understanding ourselves and the past, present, and future of the world around us.

One of the major achievements of the digital humanities is the role its community has played in bringing scholarly editions to digital and web-based platforms, improving their research, pedagogical, and societal value through greater dissemination and access. However, despite all that has been achieved in the three or so decades since DH emerged, the digital scholarly edition is now in danger of becoming obsolete in an increasingly digital world. Most existing digital editions and publishing platforms mimic the structure of books, presenting static content in a page-based structure. Where some interactivity does exist, it is usually in the form of basic hyperlinks to other resources. It is quite possible that very soon, many digital scholarly editions will have been reduced to a curio of the early web.

When we look at the practice of digital scholarly editing, there is a marked lack of machine learning techniques designed to support the curation and analysis of cultural materials. There is also a marked lack of consensus and technical guidance on how best to preserve and share born-digital materials essential to our understanding culture and society in the twenty-first century. For example, it is reasonable to expect that future historians and the general public will want a critically curated edition of the former President Donald Trump's tweets, contextualised using the sea of online political, media and social discourse that his messages either responded to or prompted. However, right now, there is now readily available framework or platform for creating, presenting, and sustaining such an edition.

This is precisely was C21 Editions aims to remedy: by engaging with experts and stakeholder groups, the project will establish the methods and principles for developing the scholarly digital editions of the future. 
Furthermore, it will demonstrate and support the realisation of such future editions by producing two high impact digital editions based on materials which are currently unpublished. Both editions will be used to help develop and test the project's proposed data standard for encoding born-digital texts and a toolkit for machine-assisted editing. The two editions, data standard and toolkit will be developed in conjunction with public bodies such as the National Library of Ireland and made freely available to other scholars and institutions.

In essence, C21 Editions will operate as a response to Joris van Zundert, who calls on theorists and practitioners to &quot;intensify the methodological discourse&quot; necessary to &quot;implement a form of hypertext that truly represents textual fluidity and text relations in a scholarly viable and computational tractable manner&quot;. He warns that, without that dialogue, &quot;we relegate the raison d'etre for the digital scholarly edition to that of a mere medium shift, we limit its expressiveness to that of print text, and we fail to explore the computational potential for digital text representation, analysis and interaction.&quot;",Data & Digital; Culture & Heritage; Global Health
CDRC,21FD7CEC-05DB-41BE-933B-DF3240A6C7A8,ES/S007164/1,Closed,Research Grant,ESRC,1261204,University of Leeds,2019-02-14,2024-02-13,Alison Heppenstall,Alison Heppenstall (Co-I),"Describe the proposed research in simple terms in a way that could be publicised to a general audience (up to 4000 chars)
Social science is concerned with understanding human behaviour patterns. These patterns are increasingly revealed through data which are captured by retailers and other commercial organisations. Example sources of these data include store loyalty cards, smart energy meters, mobile telephone logs, vehicle registrations and smart tickets for trains and buses. The data are not just interesting to academics, they can provide important insights for delivering health care, building houses or roads, and producing sustainable goods and services with reduced environmental impact. This project seeks to develop new approaches to social science research which are needed to exploit new sources of consumer data. The ethical use of data for the public good and protecting the privacy, confidentiality and personal rights of individual consumers is of paramount importance.
This research is different for a number of reasons, for example, because activities can be examined continuously and in real time. In the past, a social scientist might have studied 'typical' commuting flows from a residence to a workplace. Now it is much easier to look at multi-purpose activities or trip-chaining in a single day e.g. delivering children to school, going to work, visiting the gym, having a coffee and doing the shopping before returning home. It requires new methods from artificial intelligence and data science which the project will help to develop. These methods are recognised by governments and business as crucial to future well-being and economic prosperity because data are now so widespread and their content is so revealing.
The outcomes from the project will include novel publications appearing in the scientific literature, but the research will also help businesses and government to plan more effectively, and it will train the next generation of students and research professionals in the applications and analysis of new and emerging forms of data.",Data & Digital; Health & Wellbeing; Governance & Policy
CHESS: Civic Health Equity: from Silos to Systems,206A65AF-40EF-405D-B69D-F184BA522F63,ES/Z503022/1,Active,Research and Innovation,ESRC,2028214,University of Liverpool,2024-09-30,2028-09-29,Gerard McCartney,Gerard McCartney (Co-I),"Background: The UK experiences some of the largest differences in health between places in Europe with people in poorer areas dying on average 9 years younger and living for 19 more years in poor health than those in more affluent areas. These health differences are largely due to economic differences between places leading to higher risks of poverty and its health consequences in places such as Liverpool City Region. These risks have increased following multiple recent crises, exacerbating inequalities.

The Challenge: Across city regions multiple organisations invest in Household Socio-economic Support (HSS) services, for example welfare advice, cash benefits and employment support to try and address these risks. Increasing devolution of these welfare services provides an opportunity to experiment and learn. There is, however, limited evidence of the health impacts of these programmes and the combined benefits of integrating employment, welfare, education and health support across a city region.

Aims and Objectives: CHESS addresses this major problem. By applying quasi-experimental methods, using whole population linked data across LCR (1.6 million people) we will evaluate the health impact of 5 HSS interventions, supporting around 110,000 people per year, investigating differential effectiveness across population subgroups, and synergies across intervention components (e.g. combined effect of action on household income, education and employment).

Our aim is to understand whether, how and for whom current HSS works in LCR, and how it can be adapted, integrated and targeted to maximise benefits for health and health equity. Our objectives are:

To quantify the health impacts of different components of HSS in LCR whether these differ by combination and integration of components and by different population groups.

To estimate the costs and benefits of HSS.

To understand the experience of participants and providers of HSS and the implications of this for service redesign/adaption.

To develop a real-time household vulnerability tool for all 800,000 households in LCR enabling the pro-active identification and targeting of households with socioeconomic support.

To use research findings to adapt system design with stakeholders, to maximise health and health inequalities benefits, refining actionable insights for other city regions.

Anticipated impact: The research will indicate the critical components needed for developing adaptable local social protection systems to meet new challenges (e.g. pandemics, energy crises), that promote health and wellbeing, and prevent a downward spiral following crises. This will lead to major benefits for disadvantaged communities, who are most at risk of economic shocks, in LCR and similar city regions.",Health & Wellbeing; Economy & Development; Housing & Urban
COVID 19 Grant Extension Allocation Queens University of Belfast,3A08E56B-798A-46A6-8E1E-E7F7DE247957,EP/V520524/1,Closed,Research Grant,COVID,2689916,Queen's University Belfast,2020-06-30,2021-09-29,Emma Flynn,Emma Flynn (PI),"Abstracts are not currently available in GtR for all funded research. This is normally because the abstract was not required at the time of proposal submission, but may be because it included sensitive information such as personal details.",Global Health
COVID-19 and rough sleepers: a randomised controlled trial to evaluate models of housing and support to reduce infection and homelessness,B5B2BD51-A46D-4BA1-A357-D11BDD4228E1,ES/V011855/1,Closed,Research Grant,COVID,560627,CARDIFF UNIVERSITY,2020-08-06,2022-03-30,James White,James White (Co-I),"As part of the government's response to COVID-19, 15,000 rough sleepers have now been offered self-contained temporary accommodation in England, mainly in hotels. This approach, which has involved the decanting of hostels, shelters and similar shared provision for rough sleepers, is a short-term response.

When the lockdown ends, decisions will need to be taken about how to house former rough sleepers in line with the UK government's commitment to prevent people from going back to the streets - including, potentially, through the re-opening of shelter-type accommodation. Existing temporary accommodation with shared facilities might make it impossible for people to comply with government social distancing advice. So these decisions will impact on the risk of a second wave of infection from COVID-19 and possibly any mutations.

This proposal outlines a unique time limited opportunity to conduct the first ever randomised controlled trial in the UK, to evaluate the effectiveness and cost-effectiveness of permanent housing on the risk of COVID-19 infection and housing stability for people experiencing homelessness.

That many homeless people are currently waiting to be housed means they can be randomly allocated to different housing solutions at scale quickly. The insights drawn from the short-term impacts of permanent housing can be used to inform other local authorities' responses to the challenges of COVID-19 and the cost-effectiveness of accommodation alternatives more broadly.",Global Health; Housing & Urban; Governance & Policy
Can dual apprenticeships create better and more equitable social and economic outcomes for young people? A comparative study of India and Mexico,31505CC1-A01E-49B6-8750-7A4C8778B344,ES/S004297/1,Closed,Research Grant,ESRC,729235,University of Glasgow,2018-12-01,2021-12-31,Mhairi Mackenzie,Mhairi Mackenzie (Co-I),"The aim of this proposal is to support more effective implementation of dual apprenticeship in India and Mexico and to strengthen the capacity of project partners to evaluate their apprenticeships in the medium to long term. Dual apprenticeships combine a strong component of school-based education with highly regulated work-based training in integrated learning plans leading to a formal qualification and have proven successful in Germanic countries. They are being introduced by the federal governments of India and Mexico to raise the quality of current provision of skills, to improve the labour market conditions for young people, and to increase the productivity levels of the workforce. However, policy transfer across different political, economic and social contexts raise important academic, policy and practice questions: Why and how dual apprenticeships are adopted and re-contextualized by national governments? And, how and under what contextual and institutional circumstances do dual apprenticeships create better and more equitable social and economic outcomes for young people? 
To answer these questions, our study develops a comprehensive research approach that scrutinizes the different, but mutually constitutive stages of policy transfer, from the adoption and re-contextualization of dual apprenticeships in national programmes to their implementation and impact on social inequalities in multiple local contexts. A robust comparative and multi-level methodological strategy that combines quantitative and qualitative methods will contribute to advancing such an innovative approach. First, we will synthesise international evidence on the adoption, implementation and impact of dual apprenticeships in low and middle income countries through a realist literature review. Second, we will analyse the drivers of the adoption and re-contextualization of dual apprenticeships in India and Mexico through the analysis of policy documents and in-depth interviews with key policy stakeholders. Third, we will evaluate the implementation and impact of dual apprenticeships on inequalities of access, learning and labour market outcomes among young people through a mixed methods realist evaluation that will combine a national survey of apprentices in India and Mexico with in-depth interviews to apprentices, teachers/trainers and employers. Finally, we will provide evidence-based policy recommendations to inform current design and implementation of dual apprenticeships at the same time that will strengthen the capacity of project partners to evaluate their apprenticeships through innovative methodologies.
The two middle income countries selected for the comparison, India and Mexico, face important educational and socioeconomic developmental challenges that justify the interest in the impact of their dual apprenticeship programmes. India and Mexico present high percentage of young people out of school in upper secondary education (48%, 42%), high occurrence of informal employment (92%, 60%) and large inequalities of income as measured by the GINI index (35, 48). From a policy transfer perspective, they present similarities and differences in the adoption of dual apprenticeships that make the comparison particularly interesting. Both countries share the strong national ownership of the reform and its wide systemic scope, which has already led to significant legislative changes in both countries. On the other hand, while the adoption of dual apprenticeships in India represents an upgrade of its current model of apprenticeships, in the case of Mexico it implies the creation of the first apprenticeship experience in a country where the whole TVET provision was delivered in schools. Given the different TVET traditions and political economies in these two federal countries, it is expected that the factors driving and mediating the adoption, implementation and impact of their dual apprenticeship programmes will differ between them and at local level.",Economy & Development; Governance & Policy; Inequality & Social Justice
"Cattle vaccination against malignant catarrhal fever: balancing pastoral livelihoods, food security and ecosystem integrity in the Serengeti, Tanzania",0AE0A794-206E-4D62-89C6-B53A8EDB0CDA,BB/T012285/1,Closed,Research Grant,BBSRC,252369,University of Glasgow,2020-03-31,2022-11-30,Alicia Davis,Alicia Davis (Co-I),"Malignant Catarrhal Fever (MCF) is a fatal disease of cattle, caused by alcelaphine herpesvirus-1 and transmitted from wildebeest, which are asymptomatic carriers. The disease poses a substantial burden on the livelihoods and food security of pastoralists in East Africa and is an important factor driving land-use conflict at the borders of wildlife-protected areas. Our recent research has demonstrated the safety and efficacy of an attenuated MCF vaccine for cattle, which has many potential benefits for livelihoods and nutritional status of poor livestock-keeping families and the sustainability of mixed livestock-wildlife land-use system. However, widespread cattle vaccination could also have some adverse environmental and conservation consequences which might need to be managed or mitigated. As a result of our earlier research, an MCF cattle vaccine is likely to become commercially available, which could lead to significant livestock productivity gains and land-use changes around wildlife-protected areas. In anticipation of this, and to generate data that will allow preparation and planning by wildlife, livestock and village authorities, this study aims to carry out an observational study in the Serengeti ecosystem of northern Tanzania to examine revealed preferences for MCF vaccine use and the consequences of vaccine use on MCF incidence, milk availability to family members, cattle movements and management, livestock-wildlife interactions, vegetation productivity and human-wildlife conflict. The study will involve household surveys, analysis of remote-sensing data on the environment, livestock movement studies and analysis of wildebeest movement and behaviour patterns. The project team comprises an interdisciplinary partnership involving veterinary epidemiologists, MCF vaccine specialists, environmental and ecological scientists, environmental economists and social scientists from the UK, working together with government and non-governmental partners in Tanzania.",Conflict & Security; Health & Wellbeing; Environment & Sustainability
Challenges and Solutions for Ageing High-Rise Neighbourhoods in Japan and the UK,CCAFA9FD-4B11-4064-815C-A6C1EC992EA3,ES/S013717/1,Closed,Research Grant,FIC,49905,CARDIFF UNIVERSITY,2019-01-16,2020-01-15,James White,James White (Co-I),"According to the United Nations, population ageing is poised to become one of the most significant social transformations of the 21st century, with implications for nearly every sector of society. This demographic shift will challenge national economic, health and support systems. The built form of cities poses a particularly onerous challenge as, unlike policy, it is physically difficult to change. As people age their life spaces shrink, thereby increasing the importance of the immediate built environment. Without reliable transit, easy access to services, family and friends, older adults may face loneliness, depression and other health risks as their physical and cognitive world shrinks. Dense residential developments, such as high-rise neighbourhoods, offer an environment amenable to high quality late life independent living. However, not all high-rise developments may be suited for the needs of an older population. In Japan, the world's oldest nation with 27% of the population 65 years of age or older, the housing stock is constantly renewed. Due to the low quality of construction to meet demand of the booming population after the Second World War, and more recently, recurring code modifications to improve earthquake resilience, the average lifespan of a reinforced-concrete apartment building is only approximately 35 years. The constant renewal of the housing stock provides the opportunity to adapt for an ageing population. The UK, in contrast, has a younger population (18% of population is 65 years of age or older) and older, mostly low-rise housing mixed with newer high-rise apartments being built in urban centres. However, like many countries around the world, the UK is ageing rapidly. By 2050, older adults in the UK are expected to make up one quarter of the population. This begs the question of whether the UK built environment is adequately prepared for an ageing population.

While still emerging in the UK, ageing is an established element of Japanese society. This presents a unique and timely opportunity to learn from the challenges and successes in Japan, in order plan for a supportive built environment that minimizes the double risk of getting old in an ageing built environment. This collaboration aims to share knowledge and experience of historic and current practice and research on ageing high-rise neighbourhoods in the UK and Japan to identify future challenges and develop solutions. Through a series of workshops, site visits, and collaborations, we will integrate and advance our understanding of how to manage the linked concerns of demographic and physical ageing, referred to here as double-ageing, of high-rise neighbourhoods. 

Specifically, the goal of the proposed activities will be to: (1) share UK and Japanese inter-disciplinary expertise on double-ageing high-rise neighbourhoods, (2) evaluate current efforts to identify, adapt, and manage double-ageing high-rise neighbourhoods in Japan, explore similar future challenges in the UK, and consider the applicability of policy, design, and cultural transfer between contexts, (3) define the future challenges, opportunities, and gaps in knowledge related to double-ageing high-rise development in Japan and the UK, and (4) jointly develop a new multidisciplinary network of researchers in collaboration with practitioners and establish a future research agenda on double-ageing high-rise neighbourhoods.

Drawing on a range of disciplinary and contextual knowledge we will seek to identify issues to these present day built environment challenges as well as future solutions. To achieve this the project brings together expertise on the study of the built environment from a range of disciplines, including, geography, urban planning, sociology, and urban design. In doing so we will contribute to a deeper understanding of the role of path dependency, demographic change, the lived experience, and design in double-ageing high-rise neighbourhoods.",Housing & Urban; Environment & Sustainability; Governance & Policy
Civic Imaginary Partnerships: Cultures of participation and local decision making,F562F2D8-90E5-4B70-A089-05D929AB0E02,MR/Y017404/1,Active,Fellowship,UKRI FLF,1175361,University of Glasgow,2024-11-11,2028-11-10,Michael Howcroft,Michael Howcroft (Fellow),"In the context of widening inequality and declining trust in democracy, a renewed political attention to place has revealed the need for new methods to understand community aspirations and ideas. Place-based policy often claims to build community capacity, enhance social capital and strengthen neighbourhood bonds, outcomes which are difficult to evidence by traditional approaches and metrics, and need critical investigation. Policymakers need new ways to understand the lived impacts of place and the relational, felt experiences of policy interventions. This fellowship will foster new Civic Imaginary Partnerships, collaborative, interdisciplinary hubs that blend policy-facing research with grassroots creative practice. Civic imaginaries are the ways that people think, feel and dream about the futures of their places. Researching civic imaginaries creates a vocabulary and a geographically specific process to 'work out' and make tangible these relational and felt forces of place. 

The fellowship will combine theory, practice and policy through the multi-site investigations of four civic challenges: i) Understanding and improving voter engagement; ii) Understanding and improving engagement with local services and public spaces; iii) Understanding and improving public-private place-making; iv) Understanding the lived experience of &quot;successful&quot; community action, including community-led climate initiatives. Phase 1 will map and review the paradigms, goals and methods of place-based interventions since 2016, through desk research, documentary analysis and interviewing of key informants. It will survey current academic approaches to understanding civic culture in the UK and map contemporary community-led development and international civic networks. Phase 2 employs long-term ethnographic fieldwork as its main methodological approach, with participant observation in four case neighbourhoods. This will involve living alongside participants to understand the civic challenges and cultures of participation from their point of view. We will co-create activities with partners and stakeholders, developing a model for civic imaginary partnerships that can encompass a range of civic challenges and place typologies. In Phase 3 we will test and refine the model with policy partners and collaborators to produce a new model for policymakers, and a scalable, transferable framework to support future place-based policy. 

The fellowship draws on a unique combination of nationwide partners, including a government department, four local authorities and four community-based social enterprises. It will synthesise learning from national and international models to develop an innovative, multi-disciplinary approach that advances understanding about participation and local decision making. It will produce a combination of traditional academic outputs, policy resources and innovative artistic interventions. Drawing on the fellow's experience as a creative director-turned academic, the fellowship will experiment with different artistic forms to co-produce four large-scale works in response to the research findings. We will also co-produce a high-quality film that explores the value of imaginative practice in addressing civic challenges. These will enable us to enrich audiences' understandings of the civic imagination's multiple affects, resonances and contradictions and evidence place-based policy impacts directly to policymakers. We will also produce an informational project website and a national symposium. Academic outputs will advance new theories of the civic imaginary for a UK context, new understandings of the lived experience of place-based policy interventions, and new ways to lead place-based research. The Fellowship will enable the PI to grow as leader in the experimentation of new cross-disciplinary methods and place-based policy research.",Governance & Policy; Culture & Heritage; Inequality & Social Justice
Colombia River Stories:improving socio-environmental understandings for building sustainable peace,0DF85263-DF09-4ED5-B37A-3ED3BD95CAE6,ES/S001883/1,Closed,Research Grant,Newton Fund,320843,University of Glasgow,2018-08-13,2021-08-12,Mo Hume,Mo Hume (PI),"Colombia is in the process of transitioning from one of the most protracted civil conflicts in the world to peace. However, one of the major societal issues for post-conflict transitions in Colombia is how to ensure the inclusion and participation of vulnerable and marginalised groups in transition processes so that their knowledges, abilities and capacities are represented, and so that they can influence post-conflict development. This raises questions of how innovative community- engaged and participatory processes can achieve greater inclusivity in peace building processes. It also raises the question of how different conflict actors can be encouraged and facilitated to articulate their knowledge and experience of conflict in ways that enable their actions to be explained to one another, and that support a shift from narrow understandings of the causes of conflict based on personal experience to more expansive understandings that are based on collective experiences.
In this research, we focus on riverine communities along the Atrato River - the main artery of Choco. These communities have been deeply impacted by armed actors who are engaged in widespread, illegal alluvial gold mining which is a key factor in their forced displacement and the loss of traditional, sustainable livelihoods. Despite a 2017 Colombian Constitutional Court ruling to empower riverine communities with 'bio-cultural rights' that protect their land title and livelihoods, they remain marginalised. They struggle to make their voices heard and to influence and inform peace building processes. This marginalisation has also been experienced by the river itself, whose voice has been silenced through the abandonment of state-sponsored environmental monitoring programmes at the height of the conflict. As a result, the effects of conflict and alluvial mining on the form and function of the river, and the impacts of these on interactions between armed actors, the river, and the communities it sustains are poorly understood. This will only be addressed if marginalised voices of communities and the river are articulated and amplified so that their knowledges, abilities and capacities can be integrated into sustainable peace building processes. Achieving this is the primary aim of this project.
Conceptually, our project builds on a key emphasis of peace processes worldwide: the capture and re-telling of testimony so that conflict actors can better appreciate the complexities of the conflict in which they are engaged, and the inter-relationships and feedbacks between their actions, and those of others, which fuel the conflict. Such knowledge is a fundamental precursor to the development of sustainable and feasible strategies for peace. The project is structured and designed to elicit, analyse and co-produce testimonies as an integrated 'river story', sourced from multiple participants and perspectives - including marginalised human actors and the river itself. The project therefore uses an innovative and multi- disciplinary methodology that brings social scientists and natural scientists together - integrating their research methods and techniques to capture human stories through community-level, participatory research and the river's story through field- based scientific monitoring and environmental reconstruction and mapping. The story books that are produced, and the policy briefs that they underpin, will be the vehicles through which policy-makers are bought into dialogue with the marginalised voices of both riverine communities and the river itself, and thorough which they improved understandings of the key actors and drivers of conflict in Choco' and the priorities and strategies for sustainable peace building, will be gained.",Conflict & Security; Governance & Policy; Economy & Development
Comics in the time of COVID-19: Tracking data on web-based comics and evaluating their potential for communicating public health messages,7AD24706-3015-4539-8B69-BF588515E6BE,AH/V012614/1,Closed,Research Grant,COVID,62021,Bournemouth University,2020-10-29,2021-10-27,Anna Feigenbaum,Anna Feigenbaum (PI),"Our pandemic lives are deeply entwined with visual, web-based public health messages, from instructional hand-washing pictograms to infographics about physical activity during lockdowns. Alongside these official public health communications, people are creating thousands of web-based comics conveying public health messages.

It is critical that we collect and code these comics now. As ephemeral, web-based artefacts we risk losing access to thousands of these creations and their specific circulation contexts. Capturing and coding this data now will allow us to rapidly track their messages, reach and engagement. In particular, focusing on web-comics from the first 6 months of the pandemic, we will be able to evaluate the impacts and potentials of producing and circualting time-sensitive public health messages via the comics medium across social media platforms.

Capturing these web-comics' reach and engagement on digital platforms will also yield insight into how public health messages are shared and interpretted on social media, as well as into how behavioral change is championed and resisted. Coding will be done through a qualitative content analysis of comics' narratives and visuals, as well as an analysis of social media comments, allowing us to evaluate for evidence of behavioural change and real-time resilience-building in relation to public health guidelines.

To maximise the impact of this resource on beneficiaries, key stakeholders from the Graphic Medicine Collective, Information Literacy Group, and Public Health Dorset will help shape data collection and analysis.

Research data will be stored on BU's secure cloud service and on external hard drives. The final, deliverable dataset will be in Excel and CSV formats, compatible with web interface, database and digital cataloguing for ease of adaptation for future activities.",Health & Wellbeing; Data & Digital; Global Health
CommonHealth Catalyst: Developing a Community Research Consortium to Address Health Disparities,E103902E-0959-427F-BC3C-CEAEF0F465C4,AH/X005801/1,Closed,Research Grant,AHRC,185174,Glasgow Caledonian University,2022-11-01,2023-09-29,Ewan Gibbs,Ewan Gibbs (Co-I),"In CommonHealth Catalyst we will be undertaking all of the preparatory work to build a consortium drawn from communities and around the public sector that will eventually be able to make decisions about what research is needed in order to tackle health disparities. Health disparities are the unfair distribution of health status between different groups of people, and they are especially bad in Lanarkshire in Scotland, which is the proposed site for our project. 

In this preparatory stage we need to:

(1) learn from the past to shape solutions for the future by drawing on local public health statistics and updating, and identifying gaps, in the data. We will then undertake work facilitated by historians and local community partners to examine historic patterns, trajectories, and some of the causes of health disparities locally, as well as previous community responses. We know that health is often much poorer in former industrial areas, and Lanarkshire was previously very focused on heavy industry, including coal mining, steelworks, and so on. Through discussion on these historical factors, and through best practice in public engagement, we will create meaningful dialogue between community representatives, practitioners, and decision makers, with a view to improve consciousness of the drivers of deprivation, and thus poor health. This process will be assisted by the development of an animated film drawing on the life stories of local people. By bringing everything out into the open, we will look to build new - hopefully optimistic - stories, and shared commitments for change between the public sector and communities. 

(2) Assets-based approaches are about 'doing with' (rather than 'doing to'), and they look to build on the strengths and mobilise the knowledge and skills of local people. We will map the health and wellbeing ecosystem in Lanarkshire by drawing on best practice in community development, augmented by a novel approach employing health economics. We will identify community 'assets', including arts, heritage and cultural assets, and identify programme budgets for health and social care. We will look for such knowledge to be drawn together and illustrated maps drawn with the support of local artists. We will develop a holistic description of the potential for shifting and scaling of resources informed by the generation of evidence: scaling up the conditions for working in partnership, while making the details locally adaptable. This allows us to take the learning from Lanarkshire to other places where such action is also needed. 

With the support - both as co-investigators and as project partners - of representatives drawn from different sectors, this work will support and facilitate collaboration between researchers, the public sector, and community activists and practitioners directly to ensure that community assets better connect with the local healthcare system and research on health disparities. 

Our approach will be sensitive to place, context, history, and culture. It will allow us to grapple sensitively but robustly with important local issues such as the legacy of industry and deindustrialisation in the area. We will deliberately create a collaborative consortium, fit for knowledge brokerage and mobilisation. This will have to involve effective cross-sectoral interorganisational relationships and build trust, networks, partnerships, and work to overcome real or perceived differences in power. CommonHealth Catalyst will enable community organisations to forge longer-term, more sustainable relationships with the formal public health systems across Lanarkshire, and embed the principles of 'co-production' into health services improvement. 

Ultimately we will be looking to improve public health within some of the most deprived communities in the UK, creating the conditions for effective partnerships to allow this to happen.",Health & Wellbeing; Culture & Heritage; Economy & Development
Connected Everything II: Accelerating Digital Manufacturing Research Collaboration and Innovation,2C1B3F38-E4F2-4879-A3AC-8309B14530F4,EP/S036113/1,Closed,Research Grant,EPSRC,1415658,University of Nottingham,2019-12-01,2024-02-29,Nicholas Watson,Nicholas Watson (Co-I),"The Connected Everything II (CEII) Network Plus will deliver a network of networks which will accelerate multi-disciplinary collaboration, foster new collaborations between industry and academia and tackle emerging challenges which will underpin the UK academic community's research in support of people, technologies, products and systems for digital manufacturing. Through a range of activities, including feasibility studies, networking, and thematic research, CEII will bring together new teams within a multidisciplinary community to explore new ideas, demonstrate novel technologies in the context of digital manufacturing, and accelerate impact of research into industry. 

The Network is inspired by the context of the four tenets of Industry 4.0: Interoperability; Information Transparency; Cognitive and Physical Assistance; and Decentralised Decisions and Actions. It will enable the multidisciplinary community to consider cross-cutting themes, some of which will emerge during the lifetime of the Network, but others - Creativity; Data-rich sociotechnical systems; and Regulation - which have been co-created by the industrial and academic members of the Network management team. 

The CEII Network Plus aligns with a National and International priority of Digital Manufacturing, as highlighted in the Made Smarter report. It will contribute to the delivery of a Connected Nation, through consideration of how advances in digital technologies which connect objects and data in future, distributed manufacturing systems. It will contribute to a Productive Nation, through development of demonstrator projects that take concepts from other domains and apply them to Digital Manufacturing, as well as a range of activities which will support the development of future leaders.",Data & Digital; Economy & Development; Governance & Policy
Containment risk Mitigation in Indian CO2 Storage (COMICS),A534D33C-94A6-4373-988F-B0CDDBC063A5,NE/T004649/1,Closed,Research Grant,NERC,86905,British Geological Survey,2019-10-17,2022-03-30,James White,James White (Co-I),"As a signatory to the December 2015 Paris Agreement, India is committed to joining the global community in stabilising global temperature rise to well below 2 degrees Centigrade. Rapidly growing economies such as India are faced with the challenge of reducing emissions from the heavy industry and power sectors while ensuring continued economic growth. Carbon Capture and Storage (CCS), where CO2 is removed from flue gases and injected into deep geological formations for permanent disposal, is recognised by the IPCC as an essential technology for meeting climate goals at least cost. While high-level studies have identified some potential for CO2 storage in India, a perception remains that injected CO2 may migrate upwards from the intended storage reservoir towards the surface. Lack of fundamental research that addresses this issue prohibits detailed assessment of the potential for CCS to contribute to emission reductions in India.

COMICS will establish an international partnership to understand the potential for safe and secure CO2 storage in India's sedimentary basins. The team comprises researchers from the British Geological Survey (BGS) and two leading Indian research institutes engaged in CCS, the Indian Institute of Technology Bombay (IITB) and the National Geophysical Research Institute (NGRI). A new &pound;0.5M project announced by the Indian Government's Ministry of Science and Technology 'A systematic large scale assessment for potential of CO2 enhanced oil and natural gas recovery in key sedimentary basins in India' is led by IITB. The project comprises research groups; Indian Institute of Management Ahmadabad, Indian Institute of Technology Roorkee, and industrial partners; Oil and Natural Gas Corporation, National Thermal Power Corporation, Essar Oil and Gas, and the West Bengal Power Development Corporation.

COMICS will complement the new Indian-funded project, combining local knowledge and expertise of the Indian consortium with the experience of the BGS CO2 storage research team. BGS has been active in CO2 research for over two decades, and undertakes related research in overburden properties, fluid-migration process, and monitoring requirements, funded by combination of UKRI (such as the current NERC Migration of CO2 through North Sea Geological Carbon Storage Sites, UK Carbon Capture and Storage Research Centre 2017) and EC H2020 projects (such as SECURe and ENOS). Our current research portfolio is worth over &pound;5M. The COMICS project will extend these endeavours to include Indian data acquired through the new partnership, bringing new insights to CO2 storage processes in a region recognised as being vital to meeting regional and global climate ambitions.

The project will initially focus on the Cambay Basin, where the Oil and Natural Gas Corporation have proposed a pilot CO2 injection project for enhanced oil recovery. The assessment of CO2 containment risks and monitoring and conformance requirements imposed by the specific geological setting are critically important. Based on the scientific research undertaken by COMICS, recommendations for safe and secure CO2 storage in the region will be developed. The research will underpin future research and development activities, including the development of new pilot CO2 injection studies. The results will also support nascent policy and commercial development of CCS through collaboration with industrial partners and state-owned companies engaged in the parallel Government of India-funded project. Facilitating CO2 emission reductions in India through targeted research activities is a key aim of COMICS. The proposed activities are aimed at securing future joint research opportunities for UK-India collaboration through Mission Innovation, existing UKRI programmes, and transnational UK Government (BEIS) funding to foster research and innovation related to accelerating CCS technologies.",Economy & Development; Environment & Sustainability; Governance & Policy
Cool Infrastructures: Life With Heat in the Off Grid City,76F03D46-5D37-4B1F-BC77-643A89DA55F5,ES/T008091/1,Closed,Research Grant,GCRF,1777882,University of Edinburgh,2020-03-31,2023-09-29,Jamie Cross,Jamie Cross (PI),"Rising temperatures in cities make access to cool infrastructures a global challenge. The UN's 'Cooling for All' coalition estimates that 1.1 billion people worldwide have little or no access to cooling to protect them against extreme heat . Those defined as most at risk include 630 million people across South Asia, South East Asia and Sub Saharan Africa who live in poor quality housing on low incomes, with limited, intermittent or insecure access to electricity and few if any electrical cooling appliances. Current global and national frameworks for action on heat in global cities categorise the negative effects of heat on these urban residents as either a public health issue (i.e. leading to heat illness, dehydration and disease) or an economic issue (i.e. leading to a decline in employment, worker productivity and output). Yet this categorisation significantly limits the way that frameworks for action on heat account for socio-economic inequality and gender.

In some countries, like India and Pakistan, international and national frameworks for responding to extreme heat in cities have led to urban heat action plans and public awareness raising. However, action on overheating by city planners and policy makers remains typically top-down and technology driven; frequently challenged by silo-ed agendas, unexamined assumptions about energy cultures and practices, and the vulnerabilities of the poorest groups. There have been no systematic, comparative attempts to document how people living in contexts of urban poverty manage heat or meet their needs for cool food, water and space. As a result, there is little evidence about whether current strategies are a good fit for the contexts in which they are deployed. 
 
Over 36 months, this project will put 'access to cooling' at the centre of a major new interdisciplinary and comparative study of human-infrastructure interactions in 'the off-grid city'. The projected effects of 2-4 degrees C global heating on cities make the impact of uneven grids for energy, water and transportation on cool infrastructures and practices an urgent arena for scholarship. Against this backdrop, human-centred approaches to the study of energy infrastructures have the potential to make a major contribution to action on overheating by transforming the way cooling needs and capacities are understood at the global, national and city level; by establishing cooling as social as well as technical; and by promoting sustainable interventions. 

Our research will take place in four cities - Hyderabad (India), Karachi (Pakistan), Yaound&eacute; (Cameroon) and Jakarta (Indonesia) - enabling us to develop the first globally comparative study of cool infrastructures across the Global South. These four cities are critical global sites for research on heat and cooling. India, Pakistan and Indonesia are home to three of the nine largest low income urban populations in the world currently facing heat related risks. Cameroon is home to two of the twelve fastest growing urban populations facing heat related risks in Sub Saharan Africa. In each location, post-colonial patterns of urban growth, increasing population density, and pressures on infrastructures for water and energy are compounding the effect of 'urban heat islands', exacerbating the risks from heat for marginalised people, especially women, and shaping the specific context in which people negotiate access to cooling. Comparative research will allow us to bring these practices into relief, whilst building new South-South partnerships between cities (like Karachi and Hyderabad) in which extreme heat is attracting urgent attention in the present and cities (like Jakarta, Yaound&eacute;) in which action on extreme heat is being deferred into the future.",Housing & Urban; Economy & Development; Health & Wellbeing
Creating Prosperous City Centres Post-Pandemic Through Repurposing Retail Space,47A5A011-21CC-4C98-9938-5F87C16C5923,ES/W010771/1,Closed,Research Grant,FIC,50228,CARDIFF UNIVERSITY,2022-02-01,2023-07-30,James White,James White (Co-I),"There are increasing concerns that city centre retail spaces are becoming obsolete in the UK and South Korea. Research shows that many cities in advanced economies have too much retail space and insufficient demand from retailers. This has led to high retail vacancy rates, particularly in city centres that have struggled in recent years to attract sufficient visitors to remain economically sustainable. The growth of e-commerce and online shopping, which has been further accelerated during the COVID-19 pandemic, has reduced the need for shoppers to visit physical retail centres. The pre-pandemic data showed that 24% of total retail sales in South Korea and 19% in the UK took place online (Savills, 2020), which suggests that the issue of redundant retail space is likely to get worse.
The issue of redundant retail space is a major concern for decision makers in the UK and South Korea. The UK Government recently published a policy paper entitled 'Build Back Better High Streets' (15 July 2021) which sets out the government's vision for the future of the high street. Previously, an independent review into UK high streets concluded that &quot;high streets have reached a crisis point&quot; (Portas, 2011). Similarly, the central government in South Korea introduced an Urban Regeneration New Deal project in 2017 to revitalise declining urban centres, followed by a Green New Deal project in 2021 to account for the impacts of the COVID-19 pandemic. Despite these efforts in both countries, key questions have remained unanswered: How should these important city centre spaces be repurposed? What is the role of urban planners and designers in repurposing these spaces? How should local communities be engaged in city centre transformations? And, how should retail repurposing projects be financed?
The accelerating trend of vacant and redundant retail space in city centres means, there is an urgent need to explore the repurposing of retail space in city centres. Repurposing is the crucial means of reimaging, redesigning, and regenerating city centres in the post-pandemic world. This collaboration therefore aims to share knowledge and experience of practice and research on the planning and regeneration of retail spaces in city centres in the UK and South Korea to identify current and future challenges and develop solutions. Through a series of workshops, site visits, and collaborations, we will advance our understanding of the evolving role of city centres in the post-pandemic world. We will explore creative ways to create activity-based community gathering places where retail is a smaller part of a more diverse and sustainable mix of commercial and leisure uses, and where green space, leisure, arts and culture, and health and social care services are combined with housing to create a space based on social and community interactions.
Specifically, the goals of the proposed activities will be to: 1) share UK and South Korean inter-disciplinary expertise on planning and regenerating retail spaces in city centres, 2) evaluate current efforts to redevelop vacant retail centres in South Korea and the UK, and consider the applicability of policy, design, and cultural transfer between contexts, 3) define the future challenges, opportunities, and gaps in knowledge related to repurposing retail spaces in city centres post-pandemic in South Korea and the UK, 4) jointly develop a new interdisciplinary network of researchers and a wider international network of practitioners focused on establishing a future research agenda on city centre transformation post-pandemic. Drawing on a range of disciplinary and contextual knowledge we will seek to understand the challenges facing city centres as well as identify solutions. This project will achieve this by bringing together expertise across a range of disciplines relating to the built environment, including urban planning, real estate, economics, geography, and urban design.",Housing & Urban; Global Health; Health & Wellbeing
"Critically Green: Tracing the Geopolitical, Social and Environmental Footprints of Military Decarbonisation",EDCC92E4-9417-4E1F-B56D-40352538157D,ES/Z503733/1,Active,Research and Innovation,ESRC,782728,Queen Mary University of London,2025-01-01,2029-12-31,Karen Bell,Karen Bell (Co-I),"The world's largest militaries are finally acknowledging a threat to all peoples and nations, which has no regard for borders or territories, economic or political interests: the climate crisis. Militaries contribute to the deepening crisis through their intensive use of fossil fuels and energy. Several global militaries and the wider defence sector have recently pledged to reduce their greenhouse gas emissions to support governments to achieve net zero. These militaries aim to adopt low-carbon technologies, for example, to support the electrification of military bases. However, a shift to decarbonised militaries on this scale, will have knock-on environmental effects, often overlooked in national climate change policies. It will lead to increased demand for critical minerals used in low-carbon technologies, adding to geopolitical tensions over supply. It is vital that we are properly informed about the impacts of critical mineral extraction, so that we can consider how to minimise negative consequences and increase the positive outcomes.

While emerging research has helped us understand the multi-layered issues that critical mineral extraction plays in other industrial sectors, such as energy and mobile technology, we still know very little about military use of critical minerals. We know even less about the unintended social and environmental consequences of their extensive global supply chains. This research is designed to change that. We will examine the social and environmental footprint of critical mineral extraction for defence purposes, so that companies, policymakers and local communities have the information to consider different approaches to decarbonisation. Our aim is to explore the socio-environmental trade-offs of different supply chains and the unique climate-security and geopolitical challenges facing the defence sector.

In this project, we will examine the UK Ministry of Defence's (MoD) use of critical minerals, and different sourcing options. Specifically, we will analyse the geopolitical, economic, and socio-environmental trade-offs in military extraction of lithium and graphite. We will examine impacts at three sites: an offshore Graphite mine sites, Vatomina and Sahamamy, in Madagascar; a domestic lithium mine in Penryn, Cornwall, UK; and a critical mineral recycling company in Tavistock, Devon, UK. These sites are in areas of high biodiversity, with local populations that rely on local natural resources. They will enable us to compare different approaches to mineral sourcing in the UK and abroad.

We will work directly with the MoD, mineral companies, civil society groups, policymakers and local communities, using a mix of research methods. We will develop new ways of understanding the environmental impacts of military operations. This includes a novel Material Flow Analysis and Social Life Cycle Analysis, which will enable us to follow the critical minerals from their source to their finished military products, tracing their social and environmental impacts along the way. We will use these findings to pinpoint 'hotspots' of carbon emissions and social and environmental impacts, such as water pollution, deforestation and population displacement. We will also interview mine operators, workers and local community members to deepen our understanding of socio-environmental impacts.

Throughout the research, policymakers and defence officials will be able to access our emerging findings on a user-friendly, open-source datalab. This will show where critical minerals are sourced, and their environmental and social footprints. We will ensure that insights from the datalab inform decarbonisation policy by engaging with the MoD and policymakers to review the significance of data for defence procurement strategy.",Conflict & Security; Environment & Sustainability; Economy & Development
"Cultural, social and economic influences on ongoing Schistosoma mansoni transmission, despite a decade of mass treatment, and the potential for change",E17C8179-7826-4402-8F37-6930B7212B86,MR/P025447/1,Closed,Research Grant,MRC,364123,University of Glasgow,2017-03-31,2021-03-30,Lucy Pickering; Sally Wyke,Lucy Pickering (Co-I); Sally Wyke (Co-I),"Schistosomiasis, commonly known as Bilharzia, is a parasitic disease which infects over 240 million people worldwide. Over 90% of these people live in poor rural communities in sub-Saharan Africa. The disease causes anaemia, abdominal pain, stunted growth and reduced cognitive development in children, and up to 200,000 deaths per year. Over 600 million people live in areas where they are at risk of infection. The eggs of the parasite Schistosoma mansoni, are excreted in human stool, hatch in fresh water and infect snails, where they reproduce asexually to produce 1000s of larvae (called cercariae) per day. These cercariae infect humans by directly burrowing through the skin, and developing into adult worms. The life-cycle is maintained by open defecation, or inadequate containment of human faeces, enabling eggs to reach fresh water sources, followed by contact with infected water through activities such as bathing, swimming, washing clothes or fishing.

Current control focuses on drug treatments given annually on a national scale to school children. However, despite over a decade of national control programmes in countries such as Uganda, high infection levels persist in hotspot areas. Drug treatment alone will not reduce the disease in these areas and additional interventions are needed. It is known that improved sanitation and access to clean safe water supplies can stop people from getting infected. However, many areas with the disease lack money and resources to improve sanitation and furthermore, when sanitation is improved, it is not always used. We do not fully understand what makes people alter water and sanitation focused behaviours even in the presence of good facilities.

Therefore, the project aims to understand better how people living in endemic communities manage their risk of schistosomiasis and how they might change their behaviour if additional resources were provided.

This project has two overlapping parts. In part one, we will work directly with communities who experience a lot of schistosomiasis to establish how people currently try to reduce the risk of infection for themselves and their families as well as the risk of passing those infections on through open defecation. We will work in three villages in Uganda using social science methods to observe people going about their everyday life. We will interview them in groups and individually about their understanding of the disease, its effects, how they get infected and their current and desired strategies for reducing infections in the whole community. These data will be used to build up a picture of high and low risk practices and perceptions of disease risk, and how practices and perceptions vary by gender, age, occupation and other factors.

In the second part, this information will be incorporated into household surveys to measure what is needed to change an individual's behaviour. Our methodologies allow us to quantify the ways in which people currently respond to the risks posed by schistosomiasis, and how they might respond if investments in washing, sanitation and hygiene resources in their communities were made. We will also use these models to show how human behaviour is influenced by an understanding of the lifecycle of the parasite, and by knowledge of other people's behaviour.

Our findings will help us identify &quot;best bets&quot; for investments likely to reduce transmission and re-infection which are likely to work in the long-term. Results will inform future research studies, where these interventions are tried out at village and regional levels. Together the programme of work we plan will inform us on how best to control and potentially eliminate bilharzia in given areas, helping to improve the health of children in infected communities.",Health & Wellbeing; Global Health; Economy & Development
Data and Displacement: Assessing the Practical and Ethical Implications of Targeting Humanitarian Protection,ECD45FA8-CB98-461F-AA71-41FA6FAF45C2,AH/T007516/1,Closed,Research Grant,AHRC,475523,University of Warwick,2020-09-30,2023-03-30,Joao Porto de Albuquerque,Joao Porto de Albuquerque (Co-I),"Data-driven practices of targeted humanitarian protection are in urgent need of assessment, since these raise a range of practical and ethical questions that directly impact at-risk populations. While the targeting of protection needs through the production of data is common practice, the proliferation of large-scale quantitative, biometric and visual data within the humanitarian field is unprecedented. Established in 2014, there are presently 10,055 datasets for 253 locations from 1219 sources on the Humanitarian Data Exchange (HDX). This project produces a timely and robust analysis of data-driven protection targeting, focusing on two contexts that are characterised by conflict and high numbers of internally displaced persons (IDPs): northern Nigeria and South Sudan. It does so by assessing the implications of the production and use of large-scale data in targeting humanitarian protection, particularly on those most directly affected by such developments: IDPs themselves.

The increasing production and use of large-scale data is not unique to the field of humanitarianism. However, the stakes are particularly high when it comes to data-driven practices of targeting protection for those most at risk. Humanitarian interventions are designed to protect the most vulnerable groups, hence any misuse or miscalculation in the use of data can have a drastic effect on at-risk populations. Careful assessment of the practical and ethical implications of data-driven targeting of protection is thus foundational. It is often assumed that humanitarians can be trusted more than commercial organisations or governments in collating and using large-scale data, due to their mandate of 'do no harm'. Yet it is vital to examine the potential risks, exclusions and biases or vulnerabilities implicit in the production and use of such data. While data can enable quicker, efficient and improved evidence-based responses, critical questions surrounding processes of data collection and what counts as evidence, the ethics of data collection and its use, and the accountability and protection of the data produced in contexts of vulnerability are increasingly necessary.

Our research addresses these questions based on the research team's combined interdisciplinary academic and operational expertise. The project brings together academic researchers from the UK and Nigeria with practitioners from the International Organisation for Migration - the United Nations Migration Agency, which is responsible for the Displacement Tracking Matrix (DTM). DTM is the system deployed to track and monitor displacement and population mobility, and forms one of the largest data collectors on IDPs globally. Our project examines the work of DTM in the context of wider datasets used for the targeting of humanitarian protection in northern Nigeria and South Sudan. It focuses on practical and ethical challenges that arise in the collection and use of such data, and undertakes in-depth research with local stakeholders and internally displaced communities. The project asks: How effective is the data-based targeting of humanitarian protection in practice? Who benefits from such practices - and who is excluded? And how can the data-driven targeting be developed to reduce the chances of vulnerable groups falling through the cracks of humanitarian protection?

The project contributes: an interdisciplinary perspective on the practical and ethical implications of data-driven humanitarian targeting in sub-Saharan Africa; an operationally-driven analysis of the efficacy of data-driven humanitarian protection in contexts of conflict and displacement; a qualitative assessment of the impacts of the production and use of large-scale data for at-risk populations; and methodological insights regarding the utility of mixed methods approaches for the analysis of large-scale data.",Data & Digital; Migration & Citizenship; Conflict & Security
Delivering a Climate Resilient City through City-University Partnership: Glasgow as a Living Lab Accelerating Novel Transformation (GALLANT),0847FE7B-9450-4B58-908E-0622C3681AA2,NE/W005042/1,Active,Research Grant,NERC,11013373,University of Glasgow,2022-01-31,2027-01-30,Cindy Gray; David McArthur; Nick Bailey,Cindy Gray (Co-I); David McArthur (Co-I); Nick Bailey (Co-I),"GALLANT's vision is to develop whole-systems solutions for a just and sustainable transition delivered at the city scale.

Corporate and political leaders are committing to carbon neutrality locally and globally, often without detailed strategies in place or coordination. This will likely lead to delays and suboptimal outcomes when we need rapid, impactful transformation. Cities are increasingly seen as drivers of a carbon neutral future (e.g., Carbon Neutral City Alliance) because through shared policy and knowledge exchange it is possible for successful action in one city to be adopted by others, creating scalable and rapid change. Glasgow is a model city to lead innovation because it has the UK's most ambitious carbon neutrality target of 2030; has challenging social and environmental inequities that will need to co-benefit
from proposed solutions; and is due to host COP26 in 2021.

Making meaningful, lasting change requires a commitment to the environment that embeds sustainability across major policy decisions and empowers communities as stewards of their local places. In GALLANT, we seek to work with local partners and communities to transform the city into a thriving place for people and nature. 

Our overarching goal is to implement a systems-based science approach to solve five environmental problems that will accelerate Glasgow's ability to adapt to and manage climate change. The approach integrates natural science and social science disciplines, putting data at the heart of decision-making. We will create the Glasgow Living Lab, delivering a framework that will be readily deployable to solve emerging environmental problems that show how academic, public and private sectors can act together to make progress. 

The five environmental solutions that we have prioritised with Glasgow City Council are:

1. Working to transform urban river-edge land-use governance to create functional floodplains and new accessible green spaces for community use.

2. Working to deliver biodiversity benefits from green infrastructure throughout Glasgow, restoring and connecting habitats using nature-based
solutions, and matching ecosystem service demand with provision.

3. Working to turn vacant, derelict, and polluted land into spaces for carbon sequestration and pollution remediation that can be returned to communities in line with local needs.

4. Working to make the most of current and planned infrastructure by understanding community perceptions of active and
safe travel, use these to increase inclusive urban active travel and mobility improving air quality and reducing CO2 emissions .

5. Working to maximise the value of Glasgow green-blue-grey spaces as a Smart Local Energy System that
bring heat to some of the most deprived areas of Glasgow.",Housing & Urban; Environment & Sustainability; Governance & Policy
"Determining the clinical and environmental impact, burden and cost of Extensively Drug Resistant Enterobacteriaceae in China (DETER-XDRE-CHINA-HUB)",5835AFC1-D117-473A-98EC-5362D97AF87B,MR/S013768/1,Closed,Research Grant,MRC,1845389,CARDIFF UNIVERSITY,2019-02-14,2020-07-30,Yang Wang,Yang Wang (Co-I),"Antimicrobial resistance (AMR) is now deemed to be the biggest global threat facing humanity in the 21C. AMR has taken center stage as a global health issue yet most non-specialists are unaware the impact AMR will have on global populations and the potential it has of taking the treatment of infections back to the &quot;dark ages&quot;. Therefore, in keeping with the general notion of &quot;One World Health&quot;, there clearly needs to a better alignment of thinking and closer co-operation between countries synergizing activities, knowledge and skills to better understand and prevent AMR. 

Hitherto, most studies around the world studying the impact of AMR have been small, one dimensional and often biased - too focused on AMR bacteria as oppose to studying the whole bacterial population. Two years ago, we published an article with our Chinese colleagues heralding the breech of the last antibiotic, colisitin, that is used to treat the very serious infections caused by already resistant bacteria such as Escherichia coli (commonly known as E. coli). The difference with this new discovery is that the mechanism of colistin resistance (named MCR-1) is mobile i.e. can be readily passed around from one bacteria to another - even between distantly related bacteria. This article reached global acclaim and has been cited over 1000 times reflecting its broad impact. 

Following on from this discovery and using the same network of Chinese colleagues, hospitals, farming and environmental sectors, we intend to use MCR (MCRPE) and carbapenem-resistant Enterobacteriaceae (E. coli and E. coli-like bacteria)(CRE) as markers to understand how AMR has spread throughout the Chinese human and animal populations (colistin is used in animal feed in China). Firstly, we have a comprehensive sampling platform: work package (WP) 1, normal flora carriage; WP2, primary and secondary care infections; WP3, chicken, duck and pigs including slaughter houses; WP4, flies and wild birds; WP5, Water, soil and waste; WP6, Aquaculture; and WP7, Domestic animals. Pending the type of sample, we will analyze at least 100 samples every 3/6 months to examine seasonal variation and sample from three distinct provinces in China: Shandong, Guangdong and Jiangsu; additionally, we will also chose Qinghai as a control region. Bacteria will be analyzed by basic microbiology techniques and selected to be whole genome sequenced where we can interrogate the bacteria's whole DNA and compare it to other bacteria to see if they have spread from one sector (e.g. flies) to another (e.g. humans). This study will also sequence bacteria in the human gut (called the microbiome) to understand the dynamics of AMR bacterial populations. We will also undertake controlled experiments in chicken farms to monitor the spread on CRE and MRCPE and use mathematical models to understand how AMR spreads in animals. Importantly, the Chinese government has recently (2017) withdrawn the antibiotic colistin so this study is very timely in measuring that effect i.e. will withdrawing colistin impact on MCRPE rates in the environment, human gut levels and MCRPE causing human infections? 

Unlike previous studies, this study is deliberately holistic in its approach to understand the dynamics and transmission of AMR across a broad range of environmental and human sectors. This study will let us understand the impact of CRE and MCRPE on human populations and the burden and cost to the Chinese health system. It will also help us understand the impact AMR on the chicken, duck and pig trade by using mathematical models. The impact of this study will have immense consequences for the animal, human and economic sectors in China. Our network is well established, high successful and has a proven track record of working together in China and expertise to undertake this exciting and challenging proposal.",Health & Wellbeing; Global Health; Economy & Development
"Determining the clinical and environmental impact, burden and cost of Extensively Drug Resistant Enterobacteriaceae in China (DETER-XDRE-CHINA-HUB)",E2C90B1A-5099-45D5-815A-EAE85228FD3C,MR/S013768/2,Closed,Research Grant,MRC,1373730,,2020-07-31,2022-03-30,Yang Wang,Yang Wang (Co-I),"Antimicrobial resistance (AMR) is now deemed to be the biggest global threat facing humanity in the 21C. AMR has taken center stage as a global health issue yet most non-specialists are unaware the impact AMR will have on global populations and the potential it has of taking the treatment of infections back to the &quot;dark ages&quot;. Therefore, in keeping with the general notion of &quot;One World Health&quot;, there clearly needs to a better alignment of thinking and closer co-operation between countries synergizing activities, knowledge and skills to better understand and prevent AMR. 

Hitherto, most studies around the world studying the impact of AMR have been small, one dimensional and often biased - too focused on AMR bacteria as oppose to studying the whole bacterial population. Two years ago, we published an article with our Chinese colleagues heralding the breech of the last antibiotic, colisitin, that is used to treat the very serious infections caused by already resistant bacteria such as Escherichia coli (commonly known as E. coli). The difference with this new discovery is that the mechanism of colistin resistance (named MCR-1) is mobile i.e. can be readily passed around from one bacteria to another - even between distantly related bacteria. This article reached global acclaim and has been cited over 1000 times reflecting its broad impact. 

Following on from this discovery and using the same network of Chinese colleagues, hospitals, farming and environmental sectors, we intend to use MCR (MCRPE) and carbapenem-resistant Enterobacteriaceae (E. coli and E. coli-like bacteria)(CRE) as markers to understand how AMR has spread throughout the Chinese human and animal populations (colistin is used in animal feed in China). Firstly, we have a comprehensive sampling platform: work package (WP) 1, normal flora carriage; WP2, primary and secondary care infections; WP3, chicken, duck and pigs including slaughter houses; WP4, flies and wild birds; WP5, Water, soil and waste; WP6, Aquaculture; and WP7, Domestic animals. Pending the type of sample, we will analyze at least 100 samples every 3/6 months to examine seasonal variation and sample from three distinct provinces in China: Shandong, Guangdong and Jiangsu; additionally, we will also chose Qinghai as a control region. Bacteria will be analyzed by basic microbiology techniques and selected to be whole genome sequenced where we can interrogate the bacteria's whole DNA and compare it to other bacteria to see if they have spread from one sector (e.g. flies) to another (e.g. humans). This study will also sequence bacteria in the human gut (called the microbiome) to understand the dynamics of AMR bacterial populations. We will also undertake controlled experiments in chicken farms to monitor the spread on CRE and MRCPE and use mathematical models to understand how AMR spreads in animals. Importantly, the Chinese government has recently (2017) withdrawn the antibiotic colistin so this study is very timely in measuring that effect i.e. will withdrawing colistin impact on MCRPE rates in the environment, human gut levels and MCRPE causing human infections? 

Unlike previous studies, this study is deliberately holistic in its approach to understand the dynamics and transmission of AMR across a broad range of environmental and human sectors. This study will let us understand the impact of CRE and MCRPE on human populations and the burden and cost to the Chinese health system. It will also help us understand the impact AMR on the chicken, duck and pig trade by using mathematical models. The impact of this study will have immense consequences for the animal, human and economic sectors in China. Our network is well established, high successful and has a proven track record of working together in China and expertise to undertake this exciting and challenging proposal.",Health & Wellbeing; Global Health; Economy & Development
"Determining the clinical and environmental impact, burden and cost of extensively drug resistant Enterobacteriaceae in China (DETER-XDRE-CHINA)",8642D367-B798-44B9-B41A-50FBA7FD6756,MR/P007295/1,Closed,Research Grant,MRC,1004658,CARDIFF UNIVERSITY,2016-06-30,2020-06-29,Yang Wang,Yang Wang (Co-I),"Antimicrobial resistance (AMR) is now deemed to be the biggest global threat facing humanity in the 21C. AMR has taken centre stage as a global health issue yet most non-specialists are unaware the impact AMR will have on global populations and the potential it has of taking humanity back to the &quot;dark ages&quot;. Recent announcements from Prime Minister David Cameron, the UK Chief Medical Officer (Professor Sally Davies), and the US president, Barak Obama, is clear evidence that we are loosing one of medicines precious resources. Therefore, in keeping with the general notion of &quot;One World Health&quot;, there clearly needs to a better alignment of thinking and closer co-operation between countries synergizing activities, knowledge and skills to better understand and prevent AMR. 

Hitherto, most studies around the world studying the impact of AMR have been small, one dimensional and often biased -too focused on AMR bacteria as oppose to studying the whole bacterial population. Very recently, we published an article with our Chinese colleagues heralding the breech of the last antibiotic, colisitin, that is used to treat the very serious infections caused by already resistant bacteria such as Escherichia coli (commonly known as E. coli). The difference with this new discovery is that the mechanism of colistin resistance (named MCR-1) is mobile i.e. can be readily passed around from one bacteria to another - even between distantly related bacteria. 

Following on from this discovery and using the same network of Chinese colleagues, hospitals and faming sectors, we intend to use MCR-1 (MCRPE) and carbapenem-resistant Enterobacteriaceae (E. coli and E. coli-like bacteria)(CRE) as markers to understand how it has spread throughout the Chinese animal population (colistin is used in animal feed in China). Firstly, we have a comprehensive sampling platform: work package (WP) 1, primary and secondary care infections; WP2, normal flora carriage; WP3, chicken farms and slaughter houses; WP4, retail meat; WP5 Environmental sampling. We will analyze at least 100 samples every 3 months to examine seasonal variation and sample from three distinct provinces in China: Shandong, Zhejiang and Guangdong. Bacteria will be analyzed by basic microbiology techniques and selected to be whole genome sequenced where we can interrogate the bacteria's whole DNA and compare it to other bacteria to see if they have spread from one sector (e.g. flies) to another (e.g. humans). This study will also sequence all the bacteria in the human gut to understand the dynamics of AMR bacterial populations. We will also undertake controlled experiments in chicken farms to monitor the spread on CRE and MRCPE and use mathematical models to understand how AMR spreads in animals. Importantly, the Chinese government is likely to withdraw colistin from animal feed so this study is very timely in measuring that effect i.e. will withdrawing colistin impact on MCRPE rates in the environment, human gut levels and MCRPE causing human infections? 

Unlike previous studies, this study is deliberately holistic in its approach so as to understand the dynamics and transmission of AMR across a broad range of environmental and human sectors. This study will let us understand the impact of CRE and MCRPE on human populations and the burden and cost to the Chinese health system. It will also help us understand the impact AMR on the chicken and pig trade by using mathematical models. The impact of this study will have immense consequences for the animal, human and economic sectors in China. Our network is well established, has a proven track record of working together in China and expertise to undertake this exciting and challenging proposal.",Health & Wellbeing; Global Health; Economy & Development
Developing a participatory approach for exploring young people's perspectives on health inequalities,48B52BB4-C873-45D2-A798-35152BFC0347,ES/S001913/1,Closed,Research Grant,ESRC,236649,University of Glasgow,2019-12-01,2022-08-30,Gillian Fergie,Gillian Fergie (PI),"The enduring existence of health inequalities, unfair differences in the health and wellbeing of different groups in society, is a key concern for many citizens, researchers and policymakers. Research that has focused on public views of the causes of these differences suggests that, in general, people have well-developed understandings of the factors that contribute to health inequalities. People from communities across the UK have identified the range of upstream factors which influence their health and the health of those around them, including housing conditions, unemployment and lack of funding for communities and services. Despite both policymakers and public groups understanding these causes, limited progress has been made towards reducing health inequalities in Scotland or UK-wide. Citizens' views on this lack of progress, and their perceptions of potential policy measures which could reduce health inequalities, have not been explored in detail. Young people's perspectives on these issues are also not currently well understood. 

Media representations of health inequalities can negatively impact those communities and individuals most impacted by inequalities by furthering feelings of stigma or shame, related to the areas they live in being labelled deprived or disadvantaged. Calls for new qualitative research suggests that researchers should engage sensitively with the topic and avoid stigmatising language, but also aim to include diverse population groups to explore the consequences of inequality across society. Various models of research have been proposed to overcome some of these barriers, including participatory research which invites participants to actively shape projects and contribute to outputs alongside researchers. 

In order to develop our understanding of young people's views on health inequalities, this project involves working together with young people in Glasgow and Leeds, cities where reducing health inequalities is a priority. Creative organisations (Impact Arts in Glasgow and Opera North in Leeds), who have contributed to the development of this project, will facilitate the engagement of groups of young people in several workshop sessions. These sessions will be led by researchers and creative partners, who are experienced in delivering creative engagement events with groups of the public, to explore the causes and consequences of health inequalities. Participants will also be supported to discuss their perspectives on potential policy solutions, pursuing those issues which they prioritise as most important or most relevant to their lives, communities or peers. Over the course of the sessions participants will also engage in creative processes to produce artistic outputs that reflect their perspectives on the enduring public health problem of health inequalities. These creative outputs will provide the focus for a series of engagement events and workshops with representatives from local government, health boards, third sector organisations and local communities. By generating new insights and creative representations of these, young people will be facilitated to actively contribute to ongoing policy discussions about the reduction of social inequalities in health across both local and national contexts.",Health & Wellbeing; Inequality & Social Justice; Governance & Policy
Developing and exploring methods to understand human-nature interactions in urban areas using new forms of big data,43C288EC-61FF-4F1B-AD8E-C05FFDC296C4,ES/W012979/1,Closed,Research Grant,ESRC,238199,University of Glasgow,2023-03-01,2025-07-30,Michael Sinclair; Nick Bailey; Qunshan Zhao,Michael Sinclair (PI); Nick Bailey (Co-I); Qunshan Zhao (Co-I),"The aim of this research is to explore how new forms of spatial big data from mobile phones can be used to examine urban human-nature interactions. While the health and well-being benefits of greenspace have been increasingly recognised, they have taken on even greater significance over the last year and a half due to the Covid-19 restrictions. These same restrictions may also have widened inequalities in access to greenspace, and hence contributed to widening health inequalities. Mobile phone data have the potential to provide a better understanding of human behaviour in urban natural spaces but, as a novel form of data, they also contain potential biases. This project examines how we might overcome these biases and use these data to better understand human-nature interactions in urban areas. This particular application can also be seen as a test case or demonstrator for many other potential applications involving the fine-grained analysis of population mobility.

Background:
The human-nature dynamic is important for our cities even in 'normal' times. In a time of pandemic, the perceived benefits of natural spaces are amplified, with greenspace playing an even greater role in promoting the health and well-being of our urban societies. Nature has been a source of physical and mental respite and nourishment for many during the pandemic, with lockdown rules heightening our appreciation for local parks and greenspaces. This increased engagement with natural areas may well form one of the enduring legacies of this time. However, the restrictions imposed by the pandemic (notably on public transport) may have exacerbated existing inequalities on access to and use of greenspace. 

Traditionally, the sample survey is the most common tool for understanding the use of greenspace. It remains important for providing a high-level picture of changes in preferences and social norms towards nature spaces as well as overall usage. However, limitations of sample size mean it cannot provide detailed understanding of changes in the use of different kinds of sites or variations over time in response to relatively short-lived restrictions on movement. Uneven response rates or weaknesses in sampling strategies may also introduce biases in results. For greenspace managers, surveys cannot provide the kind of site-specific spatiotemporal picture needed to inform strategies for investment and management as they struggle to cope with the pressures of increased visitor numbers or other changes in use causes by the pandemic. Mobile phone data offer enormous potential by virtue of the volume of data available, the wide population coverage and the spatial and temporal detail provided. However, the processes by which these data are produced are often rather unclear and they may also contain biases in population coverage which impact on the picture they provide. We need to pay close attention to the quality of the data and understand how this quality may vary between the different commercial providers.

Proposed research:
We will address the issues of bias and representativeness in mobile phone data directly. All the data we use are deidentified (i.e. all names, phone numbers or other personal identifiers have been removed), but we can use the movements of each mobile phone to infer which area a user lives in and hence how geographically and socially representative the data are. We can then adjust or weight the data to try to provide a more representative picture if necessary. Mobile phone data can be licensed from different providers yet almost nothing is known about how data vary between commercial operators. We explore this by comparing data from two different providers of mobile phone data. With our enhanced datasets, we will explore variations in the patterns of greenspace usage across the different stages of the pandemic. We will also examine social inequalities in who uses different kinds of sites, how often and how far people travel to do so.",Data & Digital; Health & Wellbeing; Global Health
Digital Futures at Work Research Centre,1B03262B-CBA4-4384-AF80-CA7DAE6400CB,ES/S012532/1,Closed,Research Grant,ESRC,6491489,University of Sussex,2020-01-01,2025-06-29,Emma Russell,Emma Russell (Co-I),"The Digital Futures at Work Research Centre (Dig.IT) will establish itself as an essential resource for those wanting to understand how new digital technologies are profoundly reshaping the world of work. Digitalisation is a topical feature of contemporary debate. For evangelists, technology offers new opportunities for those seeking work and increased flexibility and autonomy for those in work. More pessimistic visions, in contrast, see a future where jobs are either destroyed by robots or degraded through increasingly precarious contracts and computerised monitoring. Take Uber as an example: the company claims it is creating opportunities for self-employed entrepreneurs; while workers' groups increasingly challenge such claims through legal means to improve their rights at work.

While such positive and pessimistic scenarios abound of an increasingly fragmented, digitalised and flexible transformation of work across the globe, theoretical understanding of contemporary developments remains underdeveloped and systematic empirical analyses are lacking. We know, for example, that employers and governments are struggling to cope with and understand the pace and consequences of digital change, while individuals face new uncertainties over how to become and stay 'connected' in turbulent labour markets. Yet, we have no real understanding of what it means to be a 'connected worker' in an increasing 'connected' economy. Drawing resources from different academic fields of study, Dig.IT will provide an empirically innovative and international broad body of knowledge that will offer authoritative insights into the impact of digitalisation on the future of work.

The Dig.IT centre will be jointly led by the Universities of Sussex and Leeds, supported by leading experts from Aberdeen, Cambridge, Manchester and Monash Universities. Its core research programme will cover four broad-ranging research themes. Theme one will set the conceptual and quantitative base for the centre's activities. Theme two involves a large-scale survey of Employers' Digital Practices at Work. Theme three involves qualitative research on employers' and employees' experiences of digitalisation at work across 4 sectors (Creative industries, Business Services, Consumer Services, Public Services). Theme 4 examines how the disconnected attempt to reconnect, through Public Employment Services, the growth of new types of self-employment, platform work and workers' responses to building new forms of voice and representation in an international context. Specific projects include:

1. The Impact of Digitalisation on Work and Employment
-Conceptualising digital futures, historically, regionally and internationally
-Comparative regulation of digital employment
- Mapping regional and international trends of digital technology and work

2. Employers' Digital Practices at Work Survey

3. Employers' and employees' experiences of digital work across sectors
-Changing management processes and practices
-Workers' experiences of digital transformation

4. Reconnecting the disconnected: new channels of voice and representation
- displaced workers, job search and the public employment service
- self-employment, interest representation and voice

Dig.IT will establish a Data Observatory on digital futures at work to promote our findings through an interactive website, report on a series of methodological seminars and new experimental methods and deliver extensive outreach activities. It will act as a one-platform library of resources at the forefront of research on digital work and will establish itself as a focal point for decision-makers across the policy spectrum, connecting with industrial strategy, employment and welfare policy. It will also manage an Innovation Fund designed to fund novel research ideas, from across the academic community as they emerge over the life course of the centre.",Data & Digital; Economy & Development; Governance & Policy
Disabled people and COVID-19 in the UK,215F586A-36C2-4AA8-A94F-A65B47D34876,ES/V004069/1,Closed,Research Grant,COVID,286730,London School of Hygiene and Tropical Medicine,2020-05-17,2021-05-16,Charlotte Pearson; Nicholas Watson; Phillippa Wiseman,Charlotte Pearson (Co-I); Nicholas Watson (Co-I); Phillippa Wiseman (Co-I),"In the UK there are over 11 million people with disabilities, including 45% of people over State Pension Age (1). This is nearly 20% of the population. Disabled people may be particularly vulnerable in the current COVID-19 pandemic. They may have high risk of severe morbidity or mortality following COVID-19 infection and many will have entered isolation before the rest of the population and they may be advised to continue for longer. Many disabled people have compromised respiration or risk factors for COVID-related mortality, such as cardiac disease, hypertension or diabetes (2). Social care settings are at increased risk of Coronavirus transmission. The increased pressure on the health system may leave disabled people struggling for attention. As disabled people have a narrower margin of health (3) this is a cause for concern. Disabled people may be de-prioritised if critical care is limited, such as ventilators, which violates their rights, and may fear triage and DNAR decisions taken without their involvement.
Disabled people who rely on social care may find their needs neglected. The UK Coronavirus Bill explicitly suspends Care Act legislation which puts a responsibility on Local Authorities to meet care needs of people with disabilities (4) Care and support workers may be unable to coinitnue in their role due to illness or bereavement. It is impossible to self-isolate where you rely on careworkers to meet your daily care needs. Many disabled people live in poverty, struggle to get enough food, and might be food-insecure (5). Finally, disabled people are at increased risk of isolation and mental health conditions such as depression and anxiety, which could be exacerbated and could cause confusion &amp; distress in people with cognitive impairment. COVID-19 will have immediate impacts, as well as medium and longer term. 

There is an urgent need to hear the voices of disabled people, and their families, in the COVID-19 outbreak. We will ask how disabled people in England and Scotland are experiencing the epidemic and response measures such as isolation, social distancing and quarantine, including what they consider might help them. We aim to conduct 60 interviews in England and Scotland, with older people with disabilities and disabled people under 70, with the range of impairments (physical, mental, sensory, intellectual), with parents of disabled children. Interviews will cover health, mental health, independent living/social care, everyday life, and suggestions for solutions to barriers experienced. This is a qualitative study, aiming to get 60 in-depth telephone interviews with a range of disabled people and parents of disabled children, with different experiences, in urban and rural areas in England and Scotland. People will be recruited via disabled people's organisations, social care organisations, parent support groups and other voluntary bodies. Researchers will adopt a quota sampling approach to select individuals in each category, until 60 interviews will have been gathered. Interviews will cover impairment-specific health and rehabilitation, general health, social care, everyday life, mental health and isolation, and suggestions for solutions to barriers experienced. All interviews will be transcribed and we will conduct thematic analysis. Findings will be disseminated via disability research and public health research journals, and through broadcast and print media to the public.",Health & Wellbeing; Global Health; Governance & Policy
Distant Voices: Coming Home,53EA0DAB-DE33-4530-A18C-572474275FD8,ES/P002536/1,Closed,Research Grant,ESRC,892277,University of Glasgow,2017-04-16,2021-12-16,Fergus McNeill,Fergus McNeill (PI),"Distant Voices responds to pressing public policy and political challenges created by huge rises in the numbers of people subject to penal sanctions and by high levels of reoffending. Turning conventional understandings of 'offender rehabilitation' on their head, the project is concerned not with 'correcting offenders' but rather with exploring and changing how they are received when 'coming home' after punishment.

The project aims:

(1) to improve academic and public understandings of social re/integration after punishment; 
(2) to develop innovative practices to better support re/integration; and 
(3) to better engage a range of citizens, communities and civil society institutions in re/integration. 

As a collaborative action research project drawing on criminology, popular music, politics and other disciplines, Distant Voices combines creative practices (principally songwriting and sharing), research and knowledge exchange to enable dialogue and learning about re/integration -- and to practice and support it. Its participatory methods draw together a wide range of differently situated citizens, organisations and associations to form a 'community of enquiry' and of creative practice. This range of participants will work across three inter-related activities. (1) In 'co-creative inquiry', participants will work with one another and with professional musicians to write songs that explore, represent and reflect on re/integration. (2) In 'co-creative dialogue' these songs will be shared through the production and release of a high-profile album, a related tour and a series of public events, including two festivals. A series of podcasts will also be produced and shared via an interactive website. (3) In 'co-creative discovery', a core group of the wider community of enquiry will work with the investigators to use collaborative participant observation and to develop and employ a range of other social science and arts-based research methods to explore their learning and to assess what has (and has not) been achieved in and through the project.

Through these activities, Distant Voices aspires to develop theories and concepts of reintegration and rehabilitation, to influence related behaviours, to inform interventions and, more broadly, to encourage the development of a fairer and more vibrant society.",Governance & Policy; Culture & Heritage; Economy & Development
Distributed Ledgers and Decentralised Energy in Sub Saharan Africa,FB5FC1B3-10A2-4151-B64E-32929EF48195,EP/P031854/1,Closed,Research Grant,EPSRC,485287,University of Edinburgh,2018-02-01,2020-01-31,Jamie Cross,Jamie Cross (PI),"The global mobile phone industry has emerged as an important partner in achieving the UN's goals of sustainable energy access for all in Sub Saharan Africa. Support for mobile enhanced energy services in the region driven by the Groupe Sp&eacute;ciale Mobile Association (GSMA), which represents the interests of mobile operators worldwide. The GSMA has identified distributed ledger technologies as a key area of interest with the potential to transform existing business models for decentralised or off grid energy services in sub Saharan Africa and accelerate access to sustainable energy services. To this end GSMA's Mobile for Development Utilities division is currently seeking to better understand and evaluate the potential impact, applications, use cases, benefits and costs of distributed ledgers for energy service companies and customers, with the goal of leveraging its strategic partnership with the Department for International Development to resource future trials and to catalyse private sector investment. 

Working in partnership with the GSMA's Mobile for Development Utilities programme and ElectriCChain, developers of the SolarCoin Blockchain, this 24 month research project brings together a team of electrical and electronic engineers, human-computer interaction specialists, and social anthropologists to explore the potential for distributed ledger technologies to accelerate access to off grid solar energy in Sub-Saharan Africa by delinking current business models from existing mobile money payment infrastructures and third parties, creating new models for incentivising and rewarding the installation of off grid solar, and developing new peer-to-peer business models.",Economy & Development; Data & Digital
EATS,155F0004-D96C-4409-8F88-7410CFF819D2,EP/V041371/1,Closed,Research Grant,EPSRC,191063,University of Nottingham,2022-03-24,2023-06-29,Nicholas Watson,Nicholas Watson (PI),"Abstracts are not currently available in GtR for all funded research. This is normally because the abstract was not required at the time of proposal submission, but may be because it included sensitive information such as personal details.",
EATS,1DC4080D-9AD2-4FF5-A462-87F8277F5746,EP/V041371/2,Closed,Research Grant,EPSRC,82402,University of Leeds,2023-06-30,2025-03-23,Nicholas Watson,Nicholas Watson (PI),"Abstracts are not currently available in GtR for all funded research. This is normally because the abstract was not required at the time of proposal submission, but may be because it included sensitive information such as personal details.",
EPSRC Centre for Doctoral Training in Horizon: Creating Our Lives in Data,0CA2AB4A-7799-44AC-88D7-40CA5463A019,EP/S023305/1,Active,Training Grant,EPSRC,6148858,University of Nottingham,2019-09-30,2031-03-30,Nicholas Watson,Nicholas Watson (Co-I),"We will train a cohort of 65 PhD students to tackle the challenge of Data Creativity for the 21st century digital economy. In partnership with over 40 industry and academic partners, our students will establish the technologies and methods to enable producers and consumers to co-create smarter products in smarter ways and so establish trust in the use of personal data.

Data is widely recognised by industry as being the 'fuel' that powers the economy. However, the highly personal nature of much data has raised concerns about privacy and ownership that threaten to undermine consumers' trust. Unlocking the economic potential of personal data while tackling societal concerns demands a new approach that balances the ability to innovate new products with building trust and ensuring compliance with a complex regulatory framework. This requires PhD students with a deep appreciation of the capabilities of emerging technology, the ability to innovate new products, but also an understanding of how this can be done in a responsible way.

Our approach to this challenge is one of Data Creativity - enabling people to take control of their data and exercise greater agency by becoming creative consumers who actively co-create more trusted products. 

Driven by the needs of industry, public sector and third sector partners who have so far committed &pound;1.6M of direct and &pound;2.8M of in kind funding, we will explore multiple sectors including Fast Moving Consumer Goods and Food; Creative Industries; Health and Wellbeing; Personal Finance; and Smart Mobility and how it can unlock synergies between these. Our partners also represent interests in enabling technologies and the cross cutting concerns of privacy and security.

Each student will work with industry, public, third sector or international partners to ensure that their research is grounded in real user needs, maximising its impact while also enhancing their future employability. External partners will be involved in PhD co-design, supervision, training, providing resources, hosting placements, setting industry-led challenge projects and steering. 

Addressing the challenges of Data Creativity demands a multi-disciplinary approach that combines expertise in technology development and human-centred methods with domain expertise across key sectors of the economy. Our students will be situated within Horizon, a leading centre for Digital Economy research and a vibrant environment that draws together a national research Hub, CDT and a network of over 100 industry, academic and international partners. We currently provide access to a network of &gt;80 potential supervisors, ranging from leading Professors to talented early career researchers. This extends to academic partners at other Universities who will be involved in co-hosting and supervising our students, including the Centre for Computing and Social Responsibility at De Montfort University.

We run an integrated four-year training programme that features: a bespoke core covering key topics in Future Products, Enabling Technologies, Innovation and Responsibility; optional advanced specialist modules; internship and international exchanges; industry-led challenge projects; training in research methods and professional skills; modules dedicated to the PhD proposal, planning and write up; and many opportunities for cross-cohort collaboration including our annual industry conference, retreat and summer schools. Our Impact Fund supports students in deepening the impact of their research. Horizon has EDI considerations embedded throughout, from consideration of equal opportunities in recruitment to ensuring that we deliver an inclusive environment which supports diversity of needs and backgrounds in the student experience.",Economy & Development; Data & Digital; Global Health
ESRC Centre for Digital Futures at Work,7AC1852C-338D-4EEF-8AE7-B8177655F149,ES/Z504713/1,Active,Research and Innovation,ESRC,8254651,University of Sussex,2025-01-01,2029-12-31,Emma Russell,Emma Russell (Co-I),"The ESRC Centre for Digital Futures at Work (Digit) is a leading international centre of excellence funded by the ESRC since 2020. It includes outstanding interdisciplinary researchers from the Universities of Sussex, Leeds, Cambridge, Manchester, and Monash (Australia), and policy partners at the Institute for the Future of Work (IFOW) and Futuredotnow, a coalition of industry leaders. Together, we examine the evolution and governance of the digital work ecosystems shaping the digital transformation of work.

Digital technologies are profoundly restructuring work, but the consequences are still uncertain. We know that employers' investment in digital technologies is poor and polarised; inequalities in skills and rewards are increasing; access to healthy working lives is unequal; and regional inequalities persist. The challenge is to successfully navigate this transition, building an inclusive digital work ecosystem, that supports improved economic performance, citizens' well-being, and job quality.

We focus on five core research questions:

Digital Ecosystem Governance: How can key actors shape the evolution of an inclusive, healthy, and sustainable digital work ecosystem in the UK?
Digital Decisions and Adopters: Why do firms adopt, or not, new digital technologies and what are the consequences for employment?
Skills and rewards: What can be done to reduce the polarisation of skills, increase levels of digital literacy, and improve rewards at work?
Healthy working lives: How does digitalisation affect a healthy work-life balance and access to work?
Location and Environment: How will digitalisation impact the location of jobs, regional development and the environment?
To answer these questions, we work in active collaboration with key ecosystem actors from government, business, trade unions and civil society communities. Technological innovation supporting healthy and productive working lives requires a synergy of vision and action from these key actors. However, knowledge of what an effective digital work ecosystem currently looks like is limited and analysis remains embryonic. The Digit Centre addresses this challenge head-on.

The aim of researchers is to thoroughly examine the challenges of navigating a more inclusive and synergised 'digital work ecosystem' in the UK. This aim is achieved through six core objectives to:

Generate new knowledge through an extensive research programme;
Publish co-produced research with our CoLab partners;
Develop a Data and Policy Observatory for knowledge exchange;
Provide agile and explorative funding through the Marie Jahoda Innovation Fund;
Create capacity building, training and support for EDI-aware inclusive research leaders of the future through the MECR's Forum;
Embed learning from research for future generations in UG and PG qualifications.
Our research will benefit users in business, policy and community circuits. An active programme of co-produced research and knowledge exchange is facilitated through our Co-Labs by academic researchers and our partners at IFOW and Futuredotnow. This will improve our understanding of how to:

develop more inclusive governance structures that prevent fragmentation of diverse stakeholder perspectives;
identify the key benefits of digital transformation for business practice and job quality;
target policy initiatives to improve the quality and equity of digital literacy skills associated with improved rewards at work;
utilise digital transformation to increase well-being at work and access to new job opportunities;
build a robust climate-neutral digital infrastructure that supports an even distribution of jobs in the UK.
This will contribute to the development of a less fragmented, more inclusive digital work ecosystem.",Data & Digital; Governance & Policy; Economy & Development
"ESRC UBEL-DTP Postdoctoral Fellowship (Stewart/Mandy) - Quality of Life, Social Isolation, and Loneliness in Middle-aged and Older Autistic Adults",76F8F771-50C8-4B24-A7D4-F78E1926D69B,ES/X006115/1,Closed,Fellowship,ESRC,105329,UNIVERSITY COLLEGE LONDON,2022-09-30,2023-09-29,Gavin Stewart,Gavin Stewart (Fellow),"Approximately ~1% (or 650,000) of the UK population are autistic, with ~240,000 of them being over the age of 50. Despite this large and growing number of middle-age and older autistic adults in the population, little is known about what happens to autistic people when they grow old. As older age marks a period of health and support-need changes, information about autistic ageing is vital to ensure autistic people receive the support they need, to ensure they live long and happy lives. One important issue is the experience of isolation and its link with poor mental health. Younger autistic people often report feeling socially isolated and lonely, which has been found to have a profound negative impact on mental health and quality of life. While social isolation and loneliness can occur at any age, the experiences become more common with age, with over 2million people age 50+ in the UK having poor social contact. Despite this, it has yet to be examined whether middle-age and older autistic adults are at increased risk of these experiences. As such, the proposed research will address important questions about ageing on the autism spectrum, and will inform what type of support autistic people may need as they grow old.

To address this important overarching aim, several steps will be taken during this fellowship:

- First, a large dataset (collected in Spring 2019) comprised of over 400 middle-aged and older autistic and non-autistic people will be analysed. This cross-sectional analysis will explore the experiences of social isolation, loneliness, mental health, and quality of life. Factors that protect people from social isolation and loneliness will also be explored.


- Second, we will recontact these participants in Spring 2023 and ask them to repeat the original online survey, which will enable the longitudinal analysis of how experiences of social isolation, loneliness, mental health, and quality of life change with age.

- Third, interview transcripts exploring quality of life (collected in Winter 2019) from 30 middle-aged and older autistic and non-autistic people will be analysed. Thematic analysis will be used to examine the similarities and the differences in the experiences that influence quality of life between the autistic and non-autistic participants.

The findings from this research will be shared widely, including in peer reviewed journals, conference presentations, and in easy-to-read infographics created by the research team.

Additional activities will also be undertaken during the fellowship, such as the continued development of an autism and ageing researcher network, which was founded in late 2019. This network will aim to foster collaborations between research groups and the pooling of resources, which will help improve the scale and the scope of the autism and ageing research being conducted.",Health & Wellbeing; Data & Digital; Economy & Development
Earmarked funding and the effectiveness of international development organizations (EF-IO),706BF003-38DC-4726-A9B7-0EF3CF73CA52,MR/V022148/1,Closed,Fellowship,UKRI FLF,1020488,University of Glasgow,2022-01-05,2026-01-04,Bernhard Reinsberg,Bernhard Reinsberg (Fellow),"The EF-IO research program will examine how earmarked funding affects the effectiveness of international development organizations (IDOs) in addressing global development challenges. 'Earmarked funding' refers to financial contributions from donor governments to IDOs whose use is restricted to specific recipient countries, themes, or sectors. Over the past two decades, flows of earmarked funding to IDOs have increased tenfold, which has led to growing concerns about a decline in the ability of such organizations to allocate resources in accordance with development needs, increased transaction costs of aid delivery, and unhealthy competition for funding among IDOs. Apart from case studies on individual IDOs, our knowledge about the consequences of earmarked funding on IDOs is limited. 

Against this background, EF-IO pursues the following research aims: 
-- develop a theoretical framework to understand the variegated effects of earmarked funding on IDOs;
-- establish the complex relationship between earmarked funding, organizational performance, and project performance;
-- examine to what extent IDO performance is related to IDO effectiveness.

To achieve these objectives, EF-IO will use a multi-method approach combining qualitative analysis of 40 semi-structured interviews with development stakeholders, structural regression analysis of large-N administrative data at different levels of analysis, and survey data analysis at the country level. First, EF-IO will draw on semi-structured interviews with over 40 IDO stakeholders to establish the prevalence of a 'micro-macro paradox' of earmarked funding, whereby the availability of earmarked funding can bolster the performance of individual projects but at the same time undermine the organizational performance of implementing IDOs. Second, by extending the available data on earmarked funding and linking them to new data on performance, EF-IO will establish whether and how earmarked funding affects the performance of individual projects and their implementing IDOs. To that end, EF-IO will further develop appropriate methodological tools to assess the causal impact of earmarked funding, including structural regression analysis and instrumental-variable designs. Third, through piloting a survey experiment, EF-IO will examine how IDO performance affects aid effectiveness as perceived by country elites. To that end, it will build on a UN-administered survey with recipient-country elites. 

Aside from contributing to several strands of social-scientific research, findings from EF-IO will inform the policy debate on earmarked funding. By providing fresh evidence on how earmarked funding affects the effectiveness of IDOs, it suggests avenues for reform of such funding in view of maximizing the potential of IDOs to achieve the 2030 Sustainable Development Goals (SDGs) while considering the need for donors to ensure visibility of their development contributions.",Economy & Development; Data & Digital; Governance & Policy
Energy Solidarity in Latin America: generating inclusive knowledge and governance to address energy vulnerability and energy systems resilience,B23FDE04-1185-450F-BDE7-8E55A6CB1B70,ES/T006382/1,Closed,Research Grant,GCRF,1095452,University of Birmingham,2020-03-31,2025-02-28,Harriet Thomson,Harriet Thomson (PI),"Although Colombia, Cuba and Mexico report nearly 100% access to electricity, not all households are necessarily provided with good quality energy services, such as heating, cooling and use of appliances. In fact, around a third of Mexican households are unable to access an adequate level of energy services. Similarly, annual energy supply interruptions in Colombia add up to 38 hours per year. However, energy services are essential to wellbeing. Indeed, access to adequate, reliable, affordable and clean energy services underpins a range of human capabilities and when unmet, results in a situation of energy vulnerability (EV). A shortfall in realised energy services can be caused by various socio-technical, institutional and environmental factors, including: unreliable or poor quality infrastructure; gendered differences in energy access and use; high energy prices; social isolation; and stressors caused by intensifying climatic changes. The impacts of this are wide ranging, from adverse health, wellbeing, and social participation outcomes, to limited economic development. 

There are no official EV-related strategies in the three countries, and each one is at a different stage in addressing the issue. In Cuba there has been no research or policy attention to EV; in Mexico, energy poverty is gaining increasing policy attention and a pilot monitoring observatory was launched last year; and Colombia has recognised energy poverty as a policy priority within the National Energy Plan, but has not yet instituted mechanisms for measurement or alleviation. Following collaborative workshops and in-person meetings with stakeholders during Spring 2019, this co-designed project (ESLatinA) responds to the urgent need for comprehensive understanding, evidence and governance capacity on EV in Colombia, Cuba and Mexico, in ways that are inclusive and recognise the diverse and dynamic nature of societies. Furthermore, ESLatinA explicitly acknowledges the link between EV and energy systems resilience, and the transformative potential of fostering energy solidarity, a concept that implies a paradigm shift in energy discourse that demands commitment, shared understanding, and people-focused frameworks. In recognition of the social and technical underpinnings of EV, ESLatinA has brought together a multi-disciplinary team of academics, policymakers and civil society representatives to develop socio-technical solutions via a comprehensive programme of multidisciplinary research and action. Our aim is to bring about systemic change for EV alleviation, whilst simultaneously enhancing energy system resilience, and fostering energy solidarity, as to maximise social welfare and equitable development. This will be achieved through wide ranging research and outputs, including bespoke local and national-level household surveys, generating in-depth qualitative data from participatory workshops, and producing innovative proposals for governance and legal frameworks. We will also establish national monitoring Observatories and a pan-Latin American network, and undertake national-scale energy systems vulnerability mapping and local-level assessment modelling. In culmination, we will produce cross-cutting knowledge based capacity-building and socio-technical solutions, including a diagnosis toolkit, energy literacy workshops, community exhibits, and bespoke National and Local Action Plans; all this from the inclusive perspective of energy solidarity, which is anchored on energy justice.",Governance & Policy; Health & Wellbeing; Inequality & Social Justice
Establishing Tate's Conservation and Heritage Science Archive,7D88B602-00EF-4EA1-9F58-60B8EA2924DD,AH/Z505997/1,Active,Research and Innovation,AHRC,277722,Tate,2024-09-01,2026-08-31,Louise Lawson,Louise Lawson (PI),"This proposal is to scope and establish Tate's physical and digital heritage science data as one accessible archive - known as the Tate Conservation and Heritage Science Archive (CHSA). It will become available for Tate and the wider heritage and global communities to access for research, research development and to support conservation practice, rendering this rich resource organised and accessible for the first time.

The rich collections forming the CHSA will include: physical samples consisting of cross-sections and single layer samples taken from works in Tate's collection and related artworks in partner institutions; a collection of synthetic organic pigments and media; several types and brands of modern paint and paint outs; a series of unique Winsor and Newton paint swatches (1945-2003); and a range of mock-up sample outputs from ongoing research projects. The born-digital collection encompasses analytical and imaging data spanning several decades, department members and analytical campaigns, all of which require much higher levels of organisation to make them effectively discoverable and searchable.

The Archive will be achieved through deployment and customisation of a new heritage science data platform Arches for Science (AfS). AfS is an open-source tool aimed at heritage scientists, other heritage professionals and organisations to enable the secure, retrieval, visualisation, comparison and sharing of heritage science and research project data. AfS will be integrated with Tate's existing Collection Management Database System - The Museum System (TMS), through the work of our Technology team to explore and evaluate options for interoperability across the two databases. This will mean the data contained in each can be viewed and searched as one system. A CHSA project team, to include: members of Tate's Technology team; conservation science and conservation management team; as well as specialists, will shape and govern the archive and connect data across multiple databases.

Supported through the RICHeS programme's additional staffing component, a 1.0 FTE Access Conservation Scientist will: support the cataloguing and archiving of Tate's physical collection; work with the Technology and Digital teams to design and support the webpage for access requests; and be critical to the establishment of the born-digital collection through AfS. This scientist will support all internal and external access requests and carry out scientific analysis of Archive collections for users where the information is not yet available in the Archive or is incomplete. The Access Conservation Scientist role will continue to be pivotal post-award, for ongoing data entry into the CHSA as a holistic collection and a national research resource.

Establishing this Archive will facilitate deeper looking into the body of existing heritage science and technical information held by Tate on the UK's collection of British and modern and contemporary art. It will allow us to ask better research questions and to develop more relevant and far-reaching research going forward. Extending this opportunity for the first time to colleagues, supporters and access users at the end of the award period will result in new queries, new research ideas and new collaborations with others exploring similar artists, materials and collections. It will facilitate and exemplify a new approach to heritage science research that will contribute to the RICHeS digital data service and the advancement of heritage science within the UK.",Data & Digital; Culture & Heritage; Economy & Development
Exascale Agent-based Modelling for PoLicy Evaluation in Real-time (ExAMPLER),DA2A4DE2-405A-4DEF-944B-B25D1F29384F,EP/Y008839/1,Closed,Research Grant,SPF,412695,James Hutton Institute,2023-05-31,2025-03-30,Alison Heppenstall,Alison Heppenstall (Co-I),"ExAMPLER will bring the Social Sciences into the conversation about the exciting potential exascale computing offers to enable empirical agent-based models (sometimes referred to as agent-based social simulations) to be built and experimented with in a one-day transdisciplinary workshop.

During the COVID crisis, computer modelling played a significant role in evaluating difficult policy options. In particular, a form of computer modelling known as empirical agent-based modelling, which explicitly represents people and businesses interacting with each other in a simulated geographical space, can be used to see how and whether proposed policy interventions yield their intended societal effect, while checking for disproportionate consequences in different regions, or by gender or ethnicity. These models are expensive to build and use, because they have many potential parameters to adjust, and are capable of very different outcomes even given the same parameters and initial conditions. Experimentation with such models to explore possible interventions can therefore use months of computing time. Exascale computing means that this time can be reduced to a few seconds, creating the potential that evaluation of scenarios can be done as part of a creative, exploratory discussion.

Although exascale computing means that experimenting with an existing model can be done much more quickly, there is more fundamental uncertainty in the social sciences over the structure of such models in the first place - due to the diversity of ways in which social systems can be conceived and theorized. The dramatic shortening of computing time needed to experiment with a model at exascale also means that model development and data assembly and integration - which also take months of time - are now much more significant bottlenecks. Exascale computing therefore creates a context in which we need a deeper review of the computing environments in which agent-based modelling is done.

The ExAMPLER project will undertake a series of activities aimed at engaging with the diverse, interdisciplinary and international community of researchers working on empirical agent-based modelling, to discuss what exascale computing means for the community. We will undertake a structured literature review to assess the state-of-the-art in high-performance computing to support empirical agent-based modelling, and use this as a basis to create Key Performance Indicators of 'exascale readiness' in a community, so that we can benchmark ourselves against other communities. We will co-construct a vision of the future of empirical agent-based modelling supported by exascale computing, and a roadmap of the software and hardware, institutions and training needed to bring that vision into effect. We will engage with other ExCALIBUR communities considering the potential of exascale computing, and use existing conferences as a basis for meeting with our own community.",Data & Digital; Governance & Policy; Global Health
Expansion of the Food Safety Research Network to create and mobilise new capabilities that act on microbial risk,6DDF8178-756A-4ECA-9055-491C2801DB10,UKRI1965,Active,Research and Innovation,BBSRC,587797,Quadram Institute Bioscience,2025-10-15,2028-10-15,Nicholas Watson,Nicholas Watson (Co-I),"UK consumers expect their food to be safe, and food producers and government are vigilant and work diligently to ensure safety of food supplies. The Food Standards Agency (FSA) reports that food-associated incidents are most commonly due to pathogenic microorganisms and that challenges remain to fully understanding and controlling pathogen entry into the food chain. As an example, this year a nationwide outbreak of Shiga-toxin producing Escherichia coli (275 cases, 122 hospitalisations), was linked to lettuce in sandwiches.
Many factors beyond ‘food microbiology’ are needed to understand microbial risks, and it is essential that research on innovative food safety solutions is transdisciplinary, bringing food producers and government departments together with experts on food chain logistics and management, consumer behaviour and data science. Since 2022, the Food Safety Research Network (FSRN) has emerged as a highly successful community that accelerates formation of new partnerships and collaborative projects co-developed with industry, to address long-standing and emerging foodborne risks.
FSRN was established at the Quadram Institute with strategic funding and support from the Biotechnology and Biological Sciences Research Council (BBSRC) and FSA to coordinate new ideas and partnerships amongst researchers, food businesses and government policymakers. During FSRN’s Inception Phase (2022-25), we successfully established our research priorities, built long-lasting relationships and initiated collaborative research projects (42 projects totalling &pound;1.88M).
We quickly learnt that food safety interests commonly intersect with other scientific disciplines and food system drivers, e.g. the United Nations priorities of diets being healthy, accessible and sustainable. From our members we also know that the FSRN model, founded on our strong network orchestration approaches, is needed long-term; extending our programme would add value to existing and new FSRN partners. Building on our Inception Phase, we request funding for FSRN’s Expansion Phase (2025-28). Our aims are: 1) to AMPLIFY STRATEGIC CONNECTIONS and complementarity with other food system communities and research networks; 2) to coordinate more projects that ADVANCE TRANSLATABLE SOLUTIONS by addressing food safety risk through new food system insights, technologies and upskilling; to extend our impact and add value by 3) NUCLEATNG NEW INVESTMENTS IN FOOD SAFETY through creation of fundable platforms and opportunities based on evolving &nbsp;and shared needs of the FSRN community.
The case for a three-year Expansion Phase is built on experience learnt through: FSRN activities, feedback from BBSRC, FSRN advisory boards, structured interactions with Network members, and our FSRN Community Event (Feb. 2024). Success will be ensured by continued emphasis on listening to and harnessing stakeholder perspectives, and rapid prioritization of food safety risks and research opportunities. We have demonstrated effective delivery of our objectives and provided resourcing and mechanisms for members to develop collaborative projects that advance translation into food safety.
We have now expanded the core leadership team and advisory board to include experts and governance roles to those who have engaged and contributed significantly during FSRN’s Inception Phase. These leaders will have specialized roles to advise on new technology, policy, guidance and training materials, accessibility to early career professionals; with principles of equality, diversity and inclusion. FSRN have established a productive niche where industry, government and academic researchers can build future projects on microbial food safety appropriate to stakeholder needs, and in this Expansion Phase, we will establish new connected research pathways that bring expanded value and opportunities to the wider industrial and scientific community.",Governance & Policy; Economy & Development; Gender & Equality
Exploring the Inequalities and Diversities in Disabled Young Adult Transitions,8045D1DB-5753-408B-98F1-5FB32E1F5B0E,ES/W011883/1,Active,Research Grant,ESRC,807064,Newcastle University,2023-01-04,2026-01-31,Charlotte Pearson; Nicholas Watson,Charlotte Pearson (Co-I); Nicholas Watson (Co-I),"Disabled young people face many challenges as they move through adolescence into adulthood, while some disability studies work has explored the issues around transitions between paediatric and adult health and social care, the wider landscape of transitions has been given much less consideration. Youth studies has a more expansive approach to researching transitions, but has done little to consider the significance of disability as a key source of inequality and diversity in transitional dynamics. Research focused on influencing policy has tended to approach transitions as a step-by-step linear process with a clear endpoint, based on normative assumptions about adulthood. These are unhelpful for youth in general and disabled young people in particular. Too much of the focus in this work is on the individual and how they can be encouraged and supported to make the right choices and undertake the right activities to reach the right adulthood goal. If we are to properly consider disabled youth transitions (and other youth transitions) we need to move beyond individual and uncritical understandings of the values of independence, choice and responsibility to engage with the social, cultural and economic constraints that shape transition experiences. This is vital to do because youth transitions in general have been altered by social and political change in areas such as employment, education, technology, and welfare systems. Much of these changes have made transitions more precarious and reliant on family resources. However, research across disability studies, youth studies and policy and practice has not kept up with these changes meaning that our understandings of what shapes disabled youth transitions is lacking. It is important to understand in more depth what happens for disabled young people as they move towards adulthood, both to understand the challenges and possibilities they face, but also for what that tells us about the nature of transitions in a contemporary British society marked by welfare austerity, neoliberalism and now Covid-19. 

This research, co-developed and co-produced with disability organisations and disabled young people, located in Glasgow and Newcastle and their rural outskirts, will work with disabled young adults aged 16-29, the family members of other disabled young people and organisations who support them and advocate with them. Glasgow and Newcastle are areas of above average levels of disability, significant economic deprivation and are both areas that have been particularly affected by Covid-19. A range of qualitative methods will be applied to examine change over time, sources of inequality, barriers and enablers to positive transitions, and diversities in the presents and futures being worked towards. 2 qualitative narrative interviews over 16 months will be undertaken with 60 disabled young people. One qualitative narrative interview will be undertaken with 30 family members of other disabled young people and 30 with key informants from disability organisations. A range of individual and collective workshop based creative activities will be developed with the disabled young participants that will occur in between the 2 interviews, providing an additional data point between them. Discursive policy analysis will be undertaken of key policies that influence disabled young people's lives at the local, devolved and national level. 

As well as producing academic outputs the project will produce - throughout its lifetime - policy and practice materials aimed at practitioners and policy makers and third sector and disabled people's organisations. They will be accessible and aim to promote changes in services so they are rights based and are genuinely person centred. The project will be overseen by a Project Advisory Group made up of disability organisations and disabled young people.",Health & Wellbeing; Governance & Policy; Global Health
"Femininity, race-making and gender non-conformity in Queen Henrietta Maria’s court performances (1625-42)",F4AE42CC-096C-458E-AACE-9C02F6AFBF53,UKRI1859,Active,Training Grant,AHRC,115680,Northumbria University,2025-10-31,2029-10-31,Clare McManus,Clare McManus (PI),"In collaboration with Royal Museums Greenwich ('RMG') and Historic Royal Palaces ('HRP'), members of the REACH CDP Consortium, this project investigates gender nonconformity and race-making in the court masques of Henrietta Maria (queen consort to Charles I). It will (1) bring scholarship on women’s performance, race-making and gender nonconformity to bear on the texts and archival materials of the Caroline masque in which Henrietta Maria and her women – some of the most important women performers in seventeenth-century England – performed; and (2) create new materials for the inclusive curation of the Queen’s House (one of RMG's core sites).
The Queen’s House is of tremendous significance as an object of architectural and women’s history, and a site for the performance of Stuart queenship. It is the last non-ecclesiastical building completed for Henrietta Maria and the only remaining trace of the lost Greenwich Palace. However, because of a paucity of archival records, much about its early use remains elusive. This project analyses the rich records of court performance and conducts comparative work between the Queen’s House and the Banqueting House (built for James VI &amp; I by Inigo Jones and used by the late Jacobean and Caroline courts) to reassess the relationship of Henrietta Maria’s Queen’s House to culture, art and performance. It assesses the extent and limits of the House as a performative ‘House of Delights’, and the relationship of these dynamics to Henrietta Maria’s broader artistic patronage.
To investigate Henrietta Maria’s performances, the project draws on performance, gender, queer and trans studies, on theatre history, and on pre-modern critical race studies. Inigo Jones’ lighting techniques and costumes will be analysed for the discourses of racialised whiteness and fairness that surround the Queen; discourses of blackness will be analysed in the depiction of people of colour in scenic representations and theatrical machines. Costume and dance will be analysed to explore what No&eacute;mie Ndiaye calls the ‘scripts of blackness’ inherent in the cosmetic, textile, and danced representation of the Americans, Persians, Indians, Ottomans and others who people Stuart antimasques. Gender nonconformity will be analysed in moments like the confrontation between Pallas and Circe in Tempe Restored (1632) – in which Circe, played by one Madame Coniack, tells Pallas, played by an unnamed boy-actor, ‘Man-maid, begone!’ – and in cross-casting in Artenice (1626) and The Shepherds’ Paradise (1633), in which court women perform in beards and breastplates.
This project will form part of RMG’s ongoing reconsideration of Henrietta Maria’s career in the Queen’s House. This CDP project is an ideal opportunity for the student to feed into these activities through a proposed placement at the Museum.
The collaboration with HRP offers important additional benefits and opportunities. The Banqueting House will re-open to the public in 2025 and, following the extremely popular ‘Long Live Queen James’ event of 2018, HRP plans ‘summer seasons’ of live public programming and fresh inclusive interpretation. The student will have the chance to bring their findings and expertise to this programming, in a proposed placement at HRP to work on inclusive public engagement for the Banqueting House.",Gender & Equality; Culture & Heritage; Global Health
Flexible Air Source Heat pump for domestic heating decarbonisation (FASHION),169CA466-08DC-4BE4-84E7-69D7EC634A47,EP/V042033/1,Closed,Research Grant,EPSRC,1149351,University of Glasgow,2021-08-31,2023-12-31,Ken Gibb,Ken Gibb (Co-I),"The UK has set a target to reach net zero emissions by 2050. Heat accounts for nearly half of the UK's energy consumption. Among several possible solutions, heat pumps are considered as one of the most promising technologies for decarbonising the domestic heating sector. Among all heat pumps, air source heat pumps (ASHP) are the most cost-effective option for householders. the Committee on Climate Change (CCC) recommends mass deployment of heat pumps to comply with the net zero target, and their net zero 'Further Ambition' scenario includes the deployment of 19 million heat pumps in homes by 2050. However, the uptake of heat pumps in the UK is very low at present. In 2018, heat pump sales in the UK were around 27,000 units (most are ASHPs), significantly lower than other EU countries. This represents a grand challenge for the government, industry, business, and research communities. 

There are a number of technological and non-technological barriers hindering the wide uptake of heat pumps, particularly air source heat pumps in the UK. There is a mismatch between the current ASHP products and the existing infrastructure and property configuration. Over 80% of houses in the UK use gas boilers for space heating, so their heat emitters (i.e., radiators) are designed for high temperature heat supply using gas boilers. However, most ASHPs available in the market have a relatively low heat production temperature. Secondly, ASHPs are vulnerable to ambient conditions. Their heating capacity and coefficient of performance drop dramatically as the ambient air temperature falls. Furthermore, frost starts to build up at the surface of the outdoor unit when the air temperature drops to around 6 C, so the outdoor units have to be regularly defrosted. Non-technical barriers have also played an important role behind the low uptake of heat pumps. The current UK heat pump market suffers from high capital cost and a low awareness of the product. 

This project, based on the PI's pending patent (Application number: 2015531.3), aims to develop a novel flexible, multi-mode air source heat pump (ASHP). This offers energy-free defrosting and is capable of continuous heating during frosting, thus eliminating the backup heater that is required by current ASHPs. We will address the key technical and non-technical challenges through interdisciplinary innovations. Our project is also supported by leading industrial companies with substantial contributions (e.g. the compressor). The developed technology offers energy-free defrosting and can be operated at different modes to benefit from off-peak electricity and/or warm air during the daytime. It will be much more energy-efficient than the current products, and thus could facilitate rapid uptake of air source heat pumps, making an important contribution to the decarbonisation of the domestic heating sector in the UK.",Environment & Sustainability; Economy & Development; Governance & Policy
Flexible Air Source Heat pump for domestic heating decarbonisation (FASHION),4270C26A-1254-4CE1-875C-3AE4520F071E,EP/V042033/2,Closed,Research Grant,EPSRC,352122,University of Liverpool,2024-03-31,2025-08-30,Ken Gibb,Ken Gibb (Co-I),"The UK has set a target to reach net zero emissions by 2050. Heat accounts for nearly half of the UK's energy consumption. Among several possible solutions, heat pumps are considered as one of the most promising technologies for decarbonising the domestic heating sector. Among all heat pumps, air source heat pumps (ASHP) are the most cost-effective option for householders. the Committee on Climate Change (CCC) recommends mass deployment of heat pumps to comply with the net zero target, and their net zero 'Further Ambition' scenario includes the deployment of 19 million heat pumps in homes by 2050. However, the uptake of heat pumps in the UK is very low at present. In 2018, heat pump sales in the UK were around 27,000 units (most are ASHPs), significantly lower than other EU countries. This represents a grand challenge for the government, industry, business, and research communities. 

There are a number of technological and non-technological barriers hindering the wide uptake of heat pumps, particularly air source heat pumps in the UK. There is a mismatch between the current ASHP products and the existing infrastructure and property configuration. Over 80% of houses in the UK use gas boilers for space heating, so their heat emitters (i.e., radiators) are designed for high temperature heat supply using gas boilers. However, most ASHPs available in the market have a relatively low heat production temperature. Secondly, ASHPs are vulnerable to ambient conditions. Their heating capacity and coefficient of performance drop dramatically as the ambient air temperature falls. Furthermore, frost starts to build up at the surface of the outdoor unit when the air temperature drops to around 6 C, so the outdoor units have to be regularly defrosted. Non-technical barriers have also played an important role behind the low uptake of heat pumps. The current UK heat pump market suffers from high capital cost and a low awareness of the product. 

This project, based on the PI's pending patent (Application number: 2015531.3), aims to develop a novel flexible, multi-mode air source heat pump (ASHP). This offers energy-free defrosting and is capable of continuous heating during frosting, thus eliminating the backup heater that is required by current ASHPs. We will address the key technical and non-technical challenges through interdisciplinary innovations. Our project is also supported by leading industrial companies with substantial contributions (e.g. the compressor). The developed technology offers energy-free defrosting and can be operated at different modes to benefit from off-peak electricity and/or warm air during the daytime. It will be much more energy-efficient than the current products, and thus could facilitate rapid uptake of air source heat pumps, making an important contribution to the decarbonisation of the domestic heating sector in the UK.",Environment & Sustainability; Economy & Development; Governance & Policy
Fragrance in the Fungarium: Capturing Heritage Scents of Mushrooms and Mycological Art,368B48DD-5BC5-4AE1-A19B-C805C5BF98F6,AH/Y005228/1,Active,Fellowship,AHRC,206146,Royal Botanic Garden Edinburgh,2024-01-15,2026-03-30,Sion Parkinson,Sion Parkinson (Fellow),"Smell is one of our most important and powerful senses, affecting our emotions and helping us form new memories. Interest in capturing and synthesising scents to create multi-sensory experiences in museums and galleries is growing. In the natural world scent is also a key tool in the identification of plants and fungi, and it is generally acknowledged that the ability to distinguish between smells increases as individuals become more experienced with the process.

This project aims to investigate the role scents and smelling have in our experiences of international cultural heritage collections. Through the creation of artistic and inclusive interpretations of fungus biodiversity, the project will reveal a new olfactory dynamic to our engagement with both tangible and intangible cultural heritage. 

Using an experimental practice-based approach, the project will explore how odours of living collections and archival material at the Royal Botanic Gardens Edinburgh (RBGE) and Regional Gardens, alongside characterisations of scent in the art of mushrooms, can be captured, contextualised and communicated to engage diverse audiences with heritage smells. The project will use James Sowerby's (1797-1809) 'Coloured figures of English fungi or mushrooms' as a case study. In collaboration with University College London's Institute of Sustainable Heritage, the project will also analyse and interpret the odour of a first-edition copy of Hadrianus Junius (1564) 'The Description of the Phallus', a sixteen-page pamphlet held in the KB National Library of The Netherlands, The Hague, that describes in prose, poetry and woodcut illustration the dune stinkhorn Phallus hadriani, and is believed to be the earliest printed work dedicated to a single species of mushroom.

The project will be approached through a range of creative and interdisciplinary heritage practices, including the documentation and critical analysis of historical and contemporary artworks depicting mushrooms; video and photography of living and dried fungus specimens in the RBGE Herbarium; and exhibition curation informed by creative responses to other related items held in other UK archives. 

A series of outputs will be delivered, including: an artist's essay film combining documentary footage, studio animation, voice and new music composition; a contribution to a fungus-themed contemporary art exhibition at Inverleith House, RBGE (autumn 2024); a creative events and community engagement programme aimed at the wider public and staged across all four Regional Gardens; an in-house publication featuring new writing, photography, and reproductions of mycological art from the RBGE and affiliated collections; plus publications in peer-reviewed journals aimed at the arts and heritage sector. 

Through the case study of stinkhorns, and by working in partnership with the RBGE, Regional Gardens and global partners, an innovative method will be developed for the promotion of heritage scents as a valuable resource for diversifying audience engagement with gardens and fungi. This practice-based approach can be repeated at other GLAM institutions worldwide and is thereby potentially of national and international significance.",Culture & Heritage; Gender & Equality
Future Finance 4 All,10144479-7087-4E8A-842C-E10A57EF22F0,ES/X014398/1,Active,Research Grant,ESRC,1573566,University of Bristol,2023-04-30,2026-09-29,Bridgette Wessels,Bridgette Wessels (Co-I),"Future Finance 4 All, led by the University of Bristol, will take a mission led approach to accelerate innovation adoption in Mid-Tier organisations and small and medium-sized enterprises (SME), in the UK Financial Services (FS) Sector across the four UK home nations. The focus of this partnership is to enhance the sector's productivity and global competitiveness. To achieve this, we will develop an understanding, from a social science perspective, of the drivers and obstacles to innovation uptake in this target group. We will then put in place a mission-oriented approach that leverages both leading social science research and experience in supporting SME innovation adoption to inform the development of an innovation adoption accelerator. The accelerator will be delivered over three phases, Phase 1-Local, Phase 2-Regional, Phase 3-National. Working with partners, including policy makers, industry and community organisations, the accelerator will help us overcome obstacles and drive innovation adoption across UK regional FS clusters. This will overcome the market failures that are holding back innovation uptake, unlocking productivity and levelling benefits across the UK regions. 
The accelerator will also enable us to also tackle societal challenges around responsible access and uptake of FS for underserved communities, individuals and companies. This will lead to the development of new bespoke products and services, which the Mid-Tier organisations and SMEs, which are the accelerator's focus, could then exploit. This potential 'market making opportunity' for new FS product and service innovation could have relevance in both UK and global markets that share similar inclusion challenges. 
The innovation accelerator activities will facilitate networking and partnerships between social science experts and the financial services community through innovator pathway fellows', drawn from high potential early career researchers. Building on our partnership's research base and expertise supporting innovation clusters, we will then deliver a rolling collaborative challenge programme that brings together industry, academic and social insights to explore and address barriers to innovation adoption. Through a rolling programme and digital platform the challenge programme outputs will inform the development of specific interventions for FS firms and stakeholders to enable them to gain the skills and capabilities to innovate. To maximise engagement and efficiency the innovation skill &amp; training Programme will be delivered in scalable hybrid format and include peer-to-peer learning.
Foundational to the Programme will be a focus on inclusive growth and diversifying the talent pipeline, addressing key findings from the 2022 UoB-led FinTech report, Kalifa Review, cross-sector surveys (EY and Innovate Finance, 2022), and sector-wide consultations.
The accelerator will support the creation of habit-forming behaviour change through the exploitation of the Quadruple Helix model that brings universities, underserved communities, industry (including the sector's charities and not for profit players) and government to:
Better connect key actors across the FS sector to overcome fragmentations, this will build new skills and capabilities within the partners and the project team.
Ensure that the voices of underserved communities, individuals and companies are heard and reflected in the tangible delivery of new, or enhanced, FS products and services.
Stimulate and support industry to prioritise innovation investment. 
Provide pathways, and practical solutions, to enable innovation uptake, including digital innovation, that enhances the productivity of mid-tier FS organisations and SMEs. A key project output will the measurement of these productive gains and their impact on the organisations that we support, and how this will contribute towards UK regional levelling up by unlocking a broad spectrum of organisational, economic and social benefits",Economy & Development; Data & Digital; Governance & Policy
"GCRF Centre for Sustainable, Healthy, and Learning Cities and Neighbourhoods (CSHLH)",B804B538-411E-4A61-A4A2-9987D68B13FE,ES/P011020/1,Closed,Research Grant,GCRF,7105262,University of Glasgow,2017-09-30,2022-03-30,Amin Kamete; Jing Yao; Keith Kintrea; Ya Ping Wang,Amin Kamete (Co-I); Jing Yao (Co-I); Keith Kintrea (Co-I); Ya Ping Wang (PI),"Urbanisation can help drive sustainable development. However, within cities, poverty and inequalities are at their most acute, and in lower- and middle-income countries, rapid growth due to rural-urban migration poses challenges of global proportions. Global urban policies for developing countries tend to operate at a very general level; research and understanding of urbanisation are fragmented and mainly focused on the conditions and life in slum areas. Sustainable development debates tend to concentrate at high levels and emphasise the physical and environmental aspects of urbanisation. We know very little about the social, economic and physical structures of fast growing cities in developing countries and how they are changing, especially at neighbourhood level. Apart from slums, there are many different types of urban neighbourhoods emerging in fast growing cities. Some are successful and sustainable, which offers inspiration for slum dwellers. 

Our approach to the dualities of urbanisation recognises the complex inter-relationships between sustainable cities, education and health, at the level of the urban neighbourhood. Sustainable cities depend on a population with the resilience and resources that health brings, and on relevant learning. Equally, access to healthcare and quality education depend on the sustainable development of cities and the neighbourhoods within them.

The overall aim of our Centre is to grow research capacity in both developing countries and the UK through a series of training programmes/workshops and by means of multi-disciplinary and comparative studies of urbanisation and the formation and differentiation of neighbourhoods in urban areas, in order to address the challenges of urbanisation and large scale rural to urban migration in Africa and Asia. This programme draws on strong interests in and academic connection to developing countries at the University of Glasgow. It brings together a multi-disciplinary academics (including urban studies, health and wellbeing, and education) and international experts from seven developing countries (South Africa, Rwanda, Tanzania, India, Bangladesh, Philippines and China) to form an international urban research centre and a new consortium to facilitate and implement capacity strengthening training and knowledge exchange activities. The capacity strengthening programme will consist of both vertical flows of ideas from international knowledge base to developing countries, but also horizontal learning and knowledge exchange between developing countries, especially between the BRICS countries and the others. It will also conduct large scale cross-country comparative studies of urban neighbourhood dynamics. The research programme will adopt a common research framework in all seven countries (and 14 case study cities) to develop new research methods and techniques through four work packages. Our capacity enhancing, research activities and impact activities will extend beyond the research teams and partner institutions to involve local and national policy makers, academics based in other institutions, and relevant NGOs and private sector actors.

Understanding how socio-economic changes, particularly migration, are driving the social and spatial structures of cities and shaping the lived experience of residents is an essential foundation for planning urban public services and finding forms of social organisation that are beneficial to welfare and stability. This is particularly relevant to policy makers as they move into a new phase of urban development where quality of life and social cohesion are increasingly important, and where urban economic competitiveness can no longer rely on low wages and cheap products. The research will identify urban planning and public service change as it relates to urban neighbourhoods and position this alongside an in-depth study of daily experiences of neighbourhood life.",Housing & Urban; Economy & Development; Health & Wellbeing
GCRF: One Health Regional Network for the Horn of Africa (HORN),F56314F1-F5AB-4AEB-9EAD-142A34428E1E,BB/P027954/1,Closed,Research Grant,UKRI,7898299,University of Liverpool,2017-09-30,2022-03-30,Jude Robinson,Jude Robinson (Co-I),"One Health is the concept that the health and well-being of people is linked to the health of their animals and the environment. It is nowhere more true than in the Horn of Africa (Kenya, Ethiopia, Eritrea and Somalia) where many people's livelihoods are highly, or in some cases entirely, dependent on livestock. Animals are culturally, socially and economically vital in the region. Livestock provide, for example, over 60% of agricultural GDP in the Horn. Livestock are also a source of human disease. Outbreaks of disease in animals thereby directly affect people's health but also their wealth and nutrition.

Livestock production and human health and wellbeing in the Horn of Africa can be increased through research, leading to improved agricultural systems; more food and less malnutrition; more financial resilience; and better detection, diagnosis, prevention and control of disease.

HORN's mission is to improve the health and wealth of the people of the Horn of Africa by increasing the local capacity to undertake high quality research in the interactions between people and animals - One Health.

HORN aims to develop a One Health Regional Network - a network of individuals and organisations across the Horn of Africa that can undertake high quality research into the link between people's health and wealth and that of livestock and the environment.

HORN will strengthen the ability of organisations to undertake research with a 5 step process.

(i) First, the current research capacity of the organisations will be assessed, relative to their goals; a plan will then be developed to bridge the gap, implemented, and progress will be monitored.
(ii) Following from #1, training will be provided to non-academics in these organisations that have roles that provide the foundations for research: these could be leadership roles, technical roles or other roles, such as in finance or contracts or IT.
(iii) Training will also be provided to academic researchers from the region. Workshops and short courses (2-5 days), 4-8 week masterclasses and summer schools will educate researchers in aspects of One Health, as well as providing the generic skills that underpin high quality research, like research methods, statistics, presentation, grantsmanship. An e-learning platform will enable a wider body of researchers to access the course material.
(iv) Researchers will 'learn on the job' by undertaking research projects of 3-12 months duration. These projects will be co-created (by discussion and interaction with expert academics) at group events ('sandpits'), with successful ideas rapidly agreed and funded. Mobility of many researchers between countries is envisaged, with research focused in specific parts of Kenya and Ethiopia. UK researchers will be based in these countries too, following research programmes aligned with the development challenges, and providing supervision and mentoring to the researchers from the Horn countries.
(v) By bringing people together, encouraging mobility and increasing the number of organisations who bid in for research projects, we intend to develop the One Health Regional Network for the Horn of Africa - HORN.",Health & Wellbeing; Environment & Sustainability; Economy & Development
"Glasgow Aligning Local Policy Partnerships (GALoPP): connecting people, ideas, sectors and policies for inclusive sustainable futures",0C812447-4E15-4751-B21D-32EADF0B5B02,ES/Y000471/1,Closed,Research Grant,ESRC,39622,University of Glasgow,2023-04-17,2023-09-16,Gillian Fergie,Gillian Fergie (Co-I),"Inequality is a growing problem in the United Kingdom (UK) with austerity measures continuing to hit the poorest hardest. The pandemic shone a light on rising inequality in the UK. It also brought about large-scale cross-sectoral working to respond to the pandemic in a way that was previously almost unimaginable. Now, as the country experiences a cost-of-living crisis, the scale of inequalities is predicted to worsen. This is especially true for people already disadvantaged by poverty, or disability, or for Black and minority ethnic communities and migrants. Like other post-industrial cities and regions across the UK, Glasgow continues to be affected by persistent deprivation, income and education inequity, poor health, and declining natural environments. For decades, researchers from a broad range of disciplines have been measuring and describing inequalities to help policymakers find answers. But often the problems needing to be addressed are driven by a complex interaction of factors, including a lack of affordable housing, insecure and poorly paid work, inadequate access to social support, and needing solutions which transcend the sectorised nature of policymaking. The challenge here is to create a new innovative policy partnership with the experience and foresight to design policies that mutually benefit multiple sectors and support shared goals. Our aim in Phase 1 is to bring together an exciting new partnership in the Glasgow City Region, the Glasgow City Region Future Look Network. This Network will work together in finding solutions that will lead to an economically, socially, and environmentally sustainable future that satisfies the needs of various parts of the policymaking system, whilst working towards inclusive and equitable goals aligned with community priorities. 

To achieve our aim, we will bring together stakeholders from policy, practice, research, private sector, and the community within the Glasgow City Region through a series of meetings and workshops focused on the following three priority areas:
1. Productivity, employment, and skills
2. Health and social deprivation
3. Empowering communities

We will host three stakeholder dialogues, one focussed on each priority area, which will each include a core workshop. These dialogues will aim to understand different stakeholders' aspirations for the future and share thinking on ways to overcome current challenges in aligning policies to achieve this future vision. Information from the three dialogues will then be brought together to create a policy system map that explores the interrelationships between the three priority areas. We will also review existing data providers and datasets, local evidence, and tools, to see how this might contribute to new thinking on developing solutions to the identified challenges, and where additional new evidence is needed. In order to drive forward change within the priority areas, we will host a roundtable event with senior leaders in policy, academia, and practice to review the project findings and identify innovative and actionable solutions to take forward. This will form the basis of our Phase 2 proposal. This network and associated activities will help secure buy-in from partners and senior leaders across the Glasgow City Region to support this future work.",Governance & Policy; Inequality & Social Justice; Housing & Urban
Governance and the Local Integration of Migrants and Europe's Refugees (GLIMER),1C3B8CAE-E310-401A-A659-738A9AF0D04A,ES/R00451X/1,Closed,Research Grant,ESRC,475187,University of Edinburgh,2017-09-30,2021-03-30,Nasar Meer; Timothy Peace,Nasar Meer (PI); Timothy Peace (Co-I),"The current movement of peoples from conflict zones such as Afghanistan, Iraq and Syria into the EU has been described as a 'refugee crisis'. The aim of this project is to work towards innovative solutions that transform this crisis into an opportunity for European cities. Our goal is to generate theoretically informed but empirically grounded data that is able, through best practice sharing and reporting, to advise policy-makers and stakeholders on how workable solutions can be found to integrate displaced migrants and refugees. Inspired by the success of 'welcoming cities' in southern Italy, we will work with civil society groups, local authorities, businesses, citizens and refugee groups in order to support sustainable urban development and the successful integration of diverse communities. We will focus on medium sized cities in both Southern and Northern Europe and a key aspect of the project will be dedicated to investigating how the local governance of new arrivals can secure successful integration across a range of indicators. This research will be carried out in close collaboration with practitioners with the aim of co-producing knowledge that can be beneficial for a range of stakeholders including civil society groups and NGOs as well as municipalities. GLIMER will generate research that will help European cities and regions that have seen population decline, skills shortages and fragmentation in communities to understand how to incorporate displaced migrants and refugees in ways that are sustainable and mutually beneficial.",Migration & Citizenship; Housing & Urban; Governance & Policy
Gradients of marine biodiversity and linkages with eDNA across the Wallacea Region,C926E535-961C-4DB3-B80C-F942BF9E881D,NE/S006958/1,Closed,Research Grant,NERC,354360,University of Essex,2018-11-15,2021-05-13,David Smith,David Smith (PI),"The interdependencies among organisms in ecological systems govern ecological function, responses to ecosystem change and the provision of ecosystem services. Complex multi-species interactions form ecological networks that increase community stability, where it is known that higher diversity promotes dynamic stability and counters pressures on the ecosystem. Understanding these ecological networks and dynamics in response to multiple chronic and acute environmental disturbances is key to designing conservation interventions, but network dynamics remain largely unknown in tropical marine systems.
 
The Wallacea region is not only the epicenter of global coral reef diversity, it's coral reefs are also the most important source of food and income for millions of people. The region is globally important for sustaining globally threatened reef biodiversity, because it is one among few reefs that have not yet experienced large-scale degradation due to climate stress events. However, the regions' reefs are greatly transformed by local stressors, most notably terrestrial derived sediment run-off and fisheries overexploitation. Management to mitigate these local stressors is underway, but is severely hampered by a pervasive lack of data and understanding how these stressors affect biodiversity and its interactions throughout the region. Given the limited local resources, time, and expertise, presently the lack of information to inform management will not be overcome for most reefs across Wallacea.
 
This project addresses three aims, which require addressing to overcome these challenges. Firstly, we will employ traditional visual observation techniques for reef corals, macro-invertebrates and fishes to determine how ecological networks differ between largely unimpacted, sedimented or reduced water quality, and fished sites. Ecological networks will be quantified based on field data using novel/cutting edge ecological modelling approaches and network theory. This aim focuses on easily observable non-cryptic taxa initially, and will form the basis of our comparative assessment of eDNA which has great potential but remains unvalidated in coral reef systems. Our second aim will validate eDNA's utility in describing reef biodiversity dynamics and test for the first time how networks constructed from eDNA compare to those from ecological surveys. Outcomes will provide unique insights and the potential for a step change in reef monitoring approaches by expanding opportunities to intensify spatial and temporal sampling, alongside providing confidence limits associated with ecological networks and their metrics that have been constructed using these novel eDNA data. Finally, having assessed the application of eDNA techniques, we plan to map the coral reef biodiversity of Wallacea with extensive eDNA sampling from remote regions. We will expand eDNA sampling to 10 further sites within Wallacea to provide novel data at unprecedented spatial and ecological complexity scales, enabling us to model and predict change in response to anthropogenic pressures at scales most relevant to Indonesian marine spatial planning.
 
Despite high functional redundancy in the mega-diverse coral reef ecosystems, the loss of species will shift community composition and functionality with wide-ranging ecological, social and economic implications. For conservation efforts in complex systems where cryptic species are under-sampled but play important functional roles, there is a real-world need to know true biodiversity and network interactions. We will develop and test novel approaches to tackle this challenge to inform sustainable development in the face of the coral reef crisis. The response dynamics in ecological networks inform community robustness and this information is key to management decision making.",Environment & Sustainability; Data & Digital; Economy & Development
Gypsies Forging Sustainable Futures: Representing Romani Environmental Knowledge and Practices Through Traditional Metal Artwork and Dance,FA117780-BF7C-49E1-A583-388600B8EB50,AH/Y003284/1,Active,Research Grant,AHRC,810703,University of Glasgow,2024-04-30,2027-04-29,Ionut Cioarta; Karen Bell,Ionut Cioarta (Co-I); Karen Bell (PI),"While Romani communities have traditionally practiced many of the behaviours that are currently being suggested to address the environmental crises, there has been very little acknowledgement of this or investigation into what we can learn from these practices for incorporating into our cultures, governance and economies. This project is novel in its practical and theoretical focus on how Romani knowledge and practices, until now rendered largely invisible from mainstream eco-discourse, might provide lessons and insights into how to live more sustainably without compromising sociability, creativity or cultural pleasure.

Romani people are often portrayed as the source of environmental degradation (Dunajeva &amp; Kostka, 2022) and may experience 'environmental racism' (Heidegger and Wiese, 2020). In the midst of this exclusion and stigmatisation, their centuries-old traditions and knowledge on sustainability have been made invisible. The Gypsies Forging Sustainable Futures project draws on oral history and artwork to identify, highlight and amplify these sustainability practices and perspectives. We are a partnership of the Gypsy Media Company; Friends Families and Travellers; Hermandad Gitana de Almeria (Gypsy Brother/Sisterhood of Almeria); Ando Glaso; University of Glasgow; Coventry University and the University of Almeria. We will create a Romani metalwork sculpture and two dance events that represent the sustainability traditions and everyday practices of Roma and Romany Gypsy communities in the three constituent countries - England, Scotland and Spain - with a particular focus on Sussex, Lanarkshire and Almeria. These visual and dance arts will highlight the contribution of Romani peoples to sustainability thinking and practice (e.g. 'circular economy' - recycling, reuse and repair; 'tiny home' living; use of local materials; use of plants and herbs for health and hygiene; focus on community and sharing: and sustainable production techniques, including metalwork). The associated deliberative and artistic processes will be captured in a professional film. 

Our key research questions are: 1) What are the environmental histories, traditions and values of Romani groups in England, Scotland and Spain?; (2) How can these be represented through traditional Romani visual and dance arts?; (3) How can the environmental knowledge, skills and values of Romani communities be made more visible so as to contribute to current sustainability discourse, policy and programmes?; (4) Which national and local government policies, programmes and discourses support or restrict these sustainability practices?

The project will use a mix of data collection and dissemination methods, including a literature review, mapping of Romani sites and history, 'go-along' interviews, reflection groups, and designing and creating dances, sculpture and film. The research questions, methods and dissemination paths have been developed with Romani artists, communities and researchers and reflects their priorities and aspirations. Unique insights can be derived from an 'insider' (i.e. largely Romani) research team and partners. 
Given that this research is co-produced, we will work with awareness of power and representation in research (Pain et al., 2015) aiming for egalitarian communication and action. 

We have also worked alongside policy-makers and policy-influencers to design the project, and will engage with them throughout, ensuring that there will be timely and useful inputs into policy and practice e.g. UK Departments for Business, Enterprise and Industrial Strategy (BEIS) and Levelling Up, Housing and Communities (DLUHC); Spain's Ministry for the Ecological Transition and the Demographic Challenge (MITECO) and Ministry of Equality (MoE); Women's Environment Network; Green Economy Coalition; Friends of the Earth International.

Reference: PAIN, R. et al. (2015) Mapping alternative impact. N8 Research Partnership. Durham/ESRC (see CfS for others).",Governance & Policy; Culture & Heritage; Economy & Development
"Health, social, economic and cultural impacts of COVID-19 on migrant essential workers in the UK",0B9FDDD3-38D6-43B1-B38F-D0413C6E2BD8,ES/V015877/1,Closed,Research Grant,COVID,253981,University of Glasgow,2020-11-06,2023-05-04,Anna Gawlewicz; Sharon Wright,Anna Gawlewicz (Co-I); Sharon Wright (PI),"1.2 Scientific/technical summary (max. 250 words)
COVID-19 has exposed the UK's socio-economic dependence on a chronically insecure migrant
essential workforce. While risking their lives to offset the devastating effects of the pandemic,
migrant workers reportedly find themselves in precarious professional and personal circumstances
(temporary zero-hours contracts, work exploitation, overcrowded accommodation, limited access
to adequate health/social services including Universal Credit). This project will investigate the
health, social, economic and cultural impacts of COVID-19 on the migrant essential workforce and
how these might impact on their continued stay in the UK. It will focus on the largest non-British
nationality in the UK, the Polish community, who - while employed across a range of roles and
sectors - are overrepresented in lower-paid essential work. We will use this group as an illustrative
case study to make wider claims and policy recommendations about migrant work during the
pandemic. Using a mixed-methods approach, we will conduct: an online survey to map COVID-19
impacts; in-depth qualitative interviews to establish how the pandemic has affected worker's lives;
and expert interviews with stakeholders to investigate how to best support and retain migrant
essential workers in COVID-19 recovery strategies. The results will generate the first
comprehensive UK-wide dataset on the experiences of migrant essential workers against the
backdrop of COVID-19. The research, co-produced with partner organisations (Polish Expats
Associations, Fife Migrants Forum, PKAVS Minority Communities Hub and Polish Social and
Cultural Association), will generate a policy briefing, a toolkit for employers in the essential work
sectors, information resources for migrant workers, alongside media and academic outputs.",Global Health; Migration & Citizenship; Health & Wellbeing
Healthcare and Socio-economic Impacts of COVID-19 on Patients with Diabetes in Tanzania and Kenya,14EDFF5D-AC66-4282-8F3F-179DB018BC04,MR/V035924/1,Closed,Research Grant,COVID,889233,Ifakara Health Institute (IHI),2021-09-07,2023-03-30,Christopher Bunn; Cindy Gray,Christopher Bunn (Co-I); Cindy Gray (Co-I),"People with type 2 diabetes are known to be at increased risk of complications and death from COVID-19, and yet their healthcare has been disrupted by the pandemic. This could lead to more indirect COVID-19 related deaths. Tanzania and Kenya are experiencing increases in the numbers of people with type 2 diabetes, and their ability to manage their condition during COVID-19 may be hampered through lack of access to support, economic hardship and health system challenges. In addition, increased vulnerability may prevent patients seeking treatment, and experiences for people living in urban and rural areas and in the two countries may differ. There is therefore an urgent need to understand how COVID-19 has affected the healthcare and socio-economic welfare of people with type 2 diabetes in Tanzania and Kenya to inform policy recommendations and health education messages to improve health and welfare for this vulnerable population during the pandemic. This project will provide this evidence by administering questionnaires and interviews to people with type 2 diabetes and through interviews to healthcare providers in urban and rural settings in each country. It will also identify the cost of type 2 diabetes to each country during COVID-19 and gaps in national policy and emergency planning responses. The findings will be shared with relevant stakeholders to allow them to input into the development of context-specific policy recommendations and health messages for each country.",Global Health; Health & Wellbeing; Economy & Development
Horizon: Trusted Data-Driven Products,5F929DE1-A504-4BA9-B243-2E55D349E27C,EP/T022493/1,Closed,Research Grant,EPSRC,4075505,University of Nottingham,2020-12-08,2025-12-07,Nicholas Watson,Nicholas Watson (Co-I),"The Horizon institute is a multidisciplinary centre of excellence for Digital Economy (DE) research. The core mission of Horizon has been to balance the opportunities arising from the capture, analysis and use of personal data with an awareness and understanding of human and social values. The focus on personal data in a wide range of contexts has required the development of a broad set of multidisciplinary competencies allowing us to build links from foundational algorithms and system to issues of society and policy. We follow a user-centred approach, undertaking research in the wild based on principles of open innovation.

Horizon now encompasses over 50 researchers, spanning Computing, Engineering, Law, Psychology, Social Sciences, Business and the Humanities. It has grown a diverse network of over 200 external partners who are involved in ongoing collaborative research and impact with Horizon, ranging from major international corporations to SMEs, from a wide variety of sectors, alongside government and civil society groups. We have also established a CDT in the third wave of funding that will eventually deliver 150 PhDs. Our critical mass of researchers, partners, students and funding has already led to over 800 peer-reviewed publications, composed of: 277 journal articles, 51 books and book chapters, and 424 conference papers, in a total of 15 different disciplines. 

Over the years Horizon's focus has evolved from an emphasis on the collection and understanding of personal data to consider the user-centred design and development of data-driven products. This proposal builds on our established interdisciplinary competencies to deliver research and impact to ensure that future data-driven products can be both co-created and trusted by consumers.

Core to our current vision is the idea that future products will be hybrids of both the digital and the physical. Physical products are increasingly augmented with digital capabilities, from data footprints that capture their provenance to software that enables them to adapt their behaviour. Conversely, digital products are ultimately physically experienced by people in some real-world context and increasingly adapt to both. This real-world context is social; hence the data is social and often implicates groups, not just individuals. We foresee that this blending of physical and digital will drive the merging of traditional goods, services and experiences into new forms of product. We also foresee that - just as today's social media services are co-created by consumers who provide content and data - so will be these new data-driven products. At the same time, we are also witnessing a crisis of trust concerning the commercial use of personal data that threatens to undermine this vision of data-driven products. Hence, it is vitally important to build trust with consumers and operate within an increasingly complex regulatory environment from the earliest stages of innovating future products.

Our user-centred approach involves external partners and the public in &quot;research-in-the-wild&quot;, grounding our fundamental research in real world challenges. Our delivery programme combines a bottom-up approach in which researchers are given the opportunity (and provided with the skills) to follow new impact opportunities in collaboration with partners as they arise (our Agile programme), with a top-down approach that strategically coordinates how these activities are targeted at wider communities (our Campaigns programme, with successive focus on Consumables, Co-production and Welfare), and reflective processes that allow us to draw out broader conclusions for the widest possible impact (our Cross-Cutting programme). 

Throughout we aim to continue to develop the capacity in our researchers, the wider DE research community and more broadly within society, to engage in responsible innovation using personal data within the Digital Economy.",Data & Digital; Economy & Development; Governance & Policy
Housing matters: A comparative study of the relationship between housing and poverty in Europe,4649983D-B4BB-42D6-8A47-E0D5F5486F2A,ES/S016694/1,Closed,Research Grant,ESRC,200439,CARDIFF UNIVERSITY,2019-09-30,2022-03-30,Mark Stephens,Mark Stephens (Co-I),"This research will examine how the relationship between housing conditions and costs and poverty outcomes in Europe has changed over the past decade. Despite the significance of housing for the study of poverty, debates in these two fields have occurred in 'disjointed literatures' in recent decades (Stephens and van Steen, 2011). This disjuncture is increasingly problematic because housing costs are rising and now threaten to become a key driver of poverty: a recent study has found that the risk of in-work poverty has risen by one-quarter in the UK between 2004/5 and 2014/15, with this increased risk concentrated almost entirely amongst tenants in the private rented and social rented sectors (Hick and Lanau, 2017; see also Stephens et al., 2014). However, recent studies have typically been solely focussed on the UK: it is less clear whether patterns observed here are distinctive or common amongst European countries.

The aim of this research project is to examine and explain the association between housing and poverty in a comparative European context, and how this has changed over the decade between 2005 and 2017. The project objectives are: (i) to analyse, using the most robust quantitative data available, the association between housing conditions and costs and poverty outcomes in Europe, and how these have changed over time; (ii) to contribute to theory-development in terms of explaining the evolving association between housing systems and poverty outcomes; (iii) to advance debates in both housing studies and poverty analysis by bringing together and integrating insights and debates from these two 'disjointed' fields; (iv) through focussed dissemination and knowledge exchange activities, inform policy and practice so as to contribute to poverty reduction in Europe. 

This research project will consist of a secondary analysis of quantitative data from the EU Study on Income and Living Conditions to examine these issues. SILC includes information about housing conditions and costs, household incomes, poverty and living conditions and contains data from more than half a million respondents from across the EU28 in each wave. Our research include analysis of the rotating panel element of SILC and the 2012 ad hoc module on housing conditions, both of which are under-utilised. 

Our research will be of benefit to academics working in the fields of housing and poverty studies. It will lead to new synergies and will extend the state-of-the-art in these fields. It will generate new comparative evidence about how the housing-poverty association is evolving and, for those in the UK, will provide a different vantage point to consider this association, which is the subject of growing academic and policy scrutiny in the UK. 

In terms of relevance beyond the academe, the research will be of relevance to policy-makers, staff at civil society organisations and the interested public. The nature of the expected non-academic impacts are: (1) to increase awareness about the significance of housing policy for poverty outcomes in Europe; (2) helping to frame potential policy alternatives by providing evidence about policy differences in other European countries and their impacts, and (3) by providing evidence that informs policy decisions.",Inequality & Social Justice; Housing & Urban; Governance & Policy
How do healthy brains drive a healthy economy? A novel occupational neuroscience approach,6781B36A-2AF6-4DE4-A13F-BCC5E7AA5F6D,MR/X034100/1,Active,Fellowship,UKRI FLF,1776610,University of Sussex,2024-03-01,2028-02-29,Emma Russell,Emma Russell (Co-I),"UK businesses are increasingly aware that long hours at work affect staff wellbeing. They are also increasingly conscious that poor staff wellbeing has a knock-on effect on workplace performance, and business outputs. A major challenge for businesses, and society as a whole, is to find optimum working patterns for staff that maximise both wellbeing, and economic output. 
 
This research will explain the psychological and biological processes that drive the impact of working patterns on how staff perform at work. We will study how physical and mental health are affected by working patterns, but also, how physical and mental health in turn drive workplace performance. We know from other research that working patterns affect employees' sleep, lifestyle, mental health, and immune systems. We also know that these aspects of physical and mental health impact on brain function, and therefore, ultimately, on performance at work. In order to better understand the psychological and biological interactions between working patterns, wellbeing, and performance at work, we will conduct three major studies. 
 
First, we will analyse functional magnetic resonance imaging (fMRI) data from the UK Biobank, a large-scale study of 100,000 UK citizens. The Biobank participants provided information about their working patterns, such as how much time they spend at work. We will investigate how their employment factors, in particular amount of time they spend at work, are associated with particular patterns of brain activity, as well as lifestyle, mental health, and immune function. This will tell us what the health consequences are of working long hours, in a large section of the UK population. 
 
Next, we will run trials of a 4 day working week with participating employers. In a 4 day week, full-time staff reduce their working hours to 4 days a week, while retaining full-time salary. Remarkably, studies so far show that productivity at work increases with a 4 day week. We think this is because employees are better rested, and have higher motivation. However, it has not yet been proven that the beneficial changes to workplace performance are due to improvements to physical and mental health, such as in brain function. We will investigate how a 4 day week changes staff wellbeing, using MRI scans, blood tests, and mental health and lifestyle questionnaires. We will also investigate how, in the same group of people, a 4 day week changes workplace performance. This will allow us, for the first time, to explain whether the improvements in performance at work that are seen on a 4 day week are due to the health benefits that employees experience from their reduced time on the job. 
 
Finally, we will seek to replicate our findings that better wellbeing on a 4 day week associates with better workplace performance in international trials of a 4 day week, conducted in many countries around the world by the 4 Day Week Global Foundation. This will solidify our understanding of how a 4 day week works, across many types of employers and across cultures. 
 
This entirely new application of scientific techniques (such as MRI brain scans) to understand modern day working patterns will enable us to make recommendations to policymakers (Government), and to employers, on how to maximise performance and productivity in the workforce. It will also enable us to explain to the general public how working patterns can impact health, and how this can be improved. 
 
In the future, we will also then investigate how other modern working patterns with potential health consequences for employees, such as zero-hours contracts, affect wellbeing, brain function, and workplace performance. Ultimately, this research will help us to understand and optimise psychologically and biologically ideal working patterns for the 21st world of work.",Health & Wellbeing; Economy & Development; Governance & Policy
Identifying the drivers and vulnerabilities of acral lentiginous melanoma through the study of PDX models from Latin American patients,C4878F69-BBB2-495A-B108-45511C26CC31,MR/S01473X/1,Closed,Research Grant,MRC,188804,Wellcome Sanger Institute,2018-11-15,2022-03-30,David Adams,David Adams (PI),"Melanoma is the common cancer that has increased its worldwide incidence the most in the last decades. Survival rates for cutaneous melanoma have increased dramatically in the last decades due in part to the development of drugs that specifically target disease subtypes and agents that stimulate the immune response against tumours. These breakthroughs have been possible thanks to the study of mutations in melanoma genomes and the use of pre-clinical models that faithfully resemble human tumours. However, this success has not been realised yet for patients with acral lentiginous melanoma (ALM), which constitutes the most common subtype of this disease in some Latin American countries. ALM has remained poorly studied to date due to its rarity in European-descent populations, and its causes and genetic and environmental drivers remain mostly unknown; thus survival rates and response to therapy are still poor in these patients. The long-term aim of this project is to develop novel therapies for ALM patients. In this context, we have two specific aims: 

1. Generate and characterise a comprehensive collection of faithful ALM pre-clinical models in the form of patient-derived xenografts (PDX). PDX are human tumours implanted into immunodeficient mice. This collection will include tumours from a variety of body locations and will come from Brazil and Mexico to account for the large variability observed within the disease. We will sequence each PDX's protein-coding genome, and determine gene and protein expression levels to understand what biological pathways are altered in ALM tumours. We will also analyse genetic ancestry, which has been hypothesised to increase risk to develop some tumour types, such as breast cancer. An enrichment of certain genome variants in cases when compared to their population of origin might indicate regions of the genome that modify risk to develop ALM. 

2. Use the PDX collection in order to explore new targets for therapy and biomarkers of ALM. The molecular characterisation of ALMs will allow us to identify potential drug targets, biomarkers useful to determine responders to a specific treatment, and potential resistance mechanisms. We plan to explore this at first by focusing on CDK4 pathway dependencies via direct treatment of PDX-carrying mice with CDK4 inhibitors followed by assessment of tumour growth, as well as the study of gene and protein profiles of responder and non-responders. 

We expect that the results from this project will identify genetic risk factors and suggest therapeutic alternatives for ALM patients, and that it will establish a valuable resource, in the form of a PDX collection, that can be shared with the research community.",Health & Wellbeing; Economy & Development
Impact Acceleration Account 2019: Glasgow,129E777E-6F7A-4E6C-B560-3DF5310D6131,ES/T501918/1,Closed,Research Grant,ESRC,1284699,University of Glasgow,2019-03-31,2023-03-30,Jude Robinson; Sally Wyke,Jude Robinson (PI); Sally Wyke (PI),"Abstracts are not currently available in GtR for all funded research. This is normally because the abstract was not required at the time of proposal submission, but may be because it included sensitive information such as personal details.",
Integrated Deprived Area Mapping System (IDEAMAPS) Network,6EEA9F72-9804-4860-980C-FF3CD32B8DEE,EP/T029900/1,Closed,Research Grant,GCRF,144595,African Population and Health Research Center,2020-04-30,2021-04-29,Joao Porto de Albuquerque,Joao Porto de Albuquerque (Co-I),"Introduction:

The UN estimates that 2.5 billion people will be added to the planet over the next 30 years. A large portion of these populations will reside in deprived neighbourhoods including slums, informal settlements, and areas of inadequate housing and face a range of challenges from insecure tenure, to unplanned housing, pollution, environmental risk, and social exclusion. Spatial data on such neighbourhoods are commonly not available. On the occasions that they do exist, they quickly become out-dated. Without up-to-date information on the geography (location and extent) of deprived neighbourhoods and the specific social and physical environmental conditions faced by their inhabitants, the impact of these on health and social outcomes are not traceable and the development of effective interventions is not achievable. However, there is currently no systematic, scalable approach to map deprived neighbourhoods across cities, particularly in low- and middle-income countries (LMICs). 


Methodology:

The project will design an Integrated Deprived Area Mapping System (IDEAMAPS) that will push the boundaries and overcome the weaknesses of each of these current approaches to mapping slums, informal settlements, and areas of inadequate housing. This will be accomplished by joining up a multisectoral and transdisciplinary network of researchers, technologists and societal stakeholders who will collaborate to co-design the IDEAMAPS approach to map and address neighbourhood deprivation and perform pilot studies in Nairobi, Accra, and Lagos, where we have existing strong partnerships and access to existing data (see details below). This approach will consist of an innovative combination of three components: (a) engagement of stakeholders in different scales; (b) modelling and data infrastructure techniques that aim to integrate and leverage the accuracy of field-based maps; (c) an integrative framework, which defines assessment criteria for characterising neighbourhood deprivation in connection with sustainable development. 

Work Groups:

WP1. Stakeholder Engagement- This work package (WP) leads engagement of stakeholders across sectors (e.g. EO, demography, community, policy) in both established and innovative ways to further develop understanding of urban neighbourhood deprivation, and to create enabling environments in which a deprived area mapping system can be implemented.

WP2. Integrative Frameworks- This will be dedicated to the synthesis of key requirements and a shared agenda for the IDEAMAPS approach. It will begin with collating existing literature reviews from current and past projects of the research team: specifically, the Improving Health in Slums Collaborative, Surveys for Urban Equity, Million Neighborhoods Initiative, Modelling African Urban Population Patterns, Accra women's health study, and Standardizing City-Level Data-Gathering in Lagos and Accra. 

WP3. Modelling and Data Infrastructure Techniques. This WP3 collate existing data and methods to test potential IDEAMAPS approaches. Based on the domains of deprivation framework developed in WP 2 with input from stakeholders of WP1, we will develop new area-level environmental (e.g. flood risk) and social datasets (e.g. open sewers), and evaluate modelling approaches that can capture domains of deprivation individually, as well as an overall deprivation &quot;slumness&quot; index. WP2 will also investigate different visualisation targeted at end-users in different scales. The evaluation criteria developed in WP 2 will be used to assess and compare model outputs.

Expected Output:

The work packages will create a foundation of stakeholder engagement approaches, frameworks, and techniques to scale-up over the next three years to flesh out an integrated deprivation area mapping system (IDEAMAPS) with a capacity to generate more accurate and usable maps and integrate them into community upgrading and advancing progress toward sustainable development goal.",Housing & Urban; Inequality & Social Justice; Data & Digital
"International Trans and Intersex Activist Relationships: Ethics, Ethnodrama and Representation",25F950DD-E142-443E-932E-3F42584B8E7E,ES/W005689/1,Closed,Fellowship,ESRC,98717,University of Strathclyde,2021-09-30,2022-12-19,Harvey Humphrey,Harvey Humphrey (Fellow),"In collaboration with Professor Yvette Taylor, a leading scholar in LGBTI [lesbian, gay, bi, trans, intersex] research and queer methods and whose work includes international LGBTI projects, this Fellowship will develop events and publications to speak to diverse audiences. This Fellowship is situated in the University of Strathclyde, an internationally leading research intensive institution, in the School of Education, with its significant research impact in areas covering equality, LGBTI lives, and methodologies. Additionally, the Fellowship will contribute to the aim of making space in higher education for queer, trans and disabled academics. This is part of a wider agenda as part of a community of queer, trans and disabled scholars committed to challenging transphobia, homophobia and ableism while creating networks to form a sense of community of academics, activists and allies. The Fellowship will present an original ethnodrama (play) drawn from participant interviews with trans, intersex and LGBTI activists in the UK, Malta and Australia conducted during the PhD. These countries are significant for their recent legislation recognising trans and intersex citizens within Australia (Sex Discrimination Amendment (Sexual Orientation Gender Identity and Intersex Status) 2013); Malta (Gender Identity Gender Expression and Sex Characteristics Act 2015); Scotland (Offences (Aggravation by Prejudice) (Scotland) Act 2009); and the UK (Gender Recognition Act 2004; Equality Act 2010). Furthermore, Malta and Australia were the locations of recent intersex equality consensus statements: the Malta Declaration, 2013, and the Darlington Statement, 2017. These locations remain at the forefront of ongoing legislative reform in these areas. The ethnodrama takes a fictitious legislative consultation as a context to discuss the contestation of language and the negotiation of identities experienced by participants. Many participants had recently engaged in consultations on these legislative developments so the fictional consultation is drawn from those experiences. The presentation of the ethnodrama allows for these complex ideas relating to the contestation of language and identities in law, as well as within activist groups, to be discussed and disseminated widely.
The importance of trans, intersex and LGBTI relationships as well as the wider context of political and media relationships are central features of the ethnodrama and central findings of the thesis from which the ethnodrama is constructed. The ongoing consultations for legislative reform across the UK and Scotland in relation to the Gender Recognition Act (2004) and hate crime legislation (Hate Crime and Public Order (Scotland) Bill 2021) provide a relevant current context to watch this ethnodrama developed from recent data collection (2016-2018). A performance of the ethnodrama will offer the potential for engaging reflection on continued legislative reform and public debate. This will be of interest to those interested and invested in social-legal reform and anti-reformers. The Fellowship will be concerned with navigating ethical impact and engagement with and beyond LGBTI communities. The use of ethnodrama as a form of fictionalised representation of participants' data was utilised to preserve anonymity through composite characters to voice the words of multiple participants. This protects participants' ongoing relationships with each other. This allowed for discussion of trans and intersex activist relationships including group and organisational conflicts without compromising these relationships. This Fellowship will contribute to ongoing conversations on ethical public engagement and ethical representations of participant data on topics that may be considered controversial. The ways in which creative methods, including fictionalisation and ethnodrama, can allow for ethical engagement with contested terms and ideas will provide a context for publications, training and talks.",Gender & Equality; Governance & Policy; Culture & Heritage
Investigations in Gravitational Radiation,39FAC0E3-6F53-4339-A8A6-D702A4FA7814,ST/V005634/1,Active,Research Grant,STFC,5974821,University of Glasgow,2021-09-30,2026-03-30,Christopher Berry,Christopher Berry (Co-I),"Einstein's General Relativity predicts that dynamical systems in strong gravitational fields will emit vast amounts of energy in the form of gravitational waves (GW). These are ripples in the very fabric of spacetime that travel from their sources at the speed of light, carrying information about physical processes responsible for their emission. They are among the most elusive signals from the deepest reaches in the Universe.
In September 2015, during the 1st Advanced LIGO observing run, gravitational waves from the collision of two black holes were discovered using the LIGO observatories. The detection of GW150914 resulted in the award of the 2017 Nobel Prize in Physics with explicit recognition of the role of the UK as a critical part of the global team.
In August 2017, during the 2nd observing run, LIGO and Virgo detected the first gravitational wave signal from the collision of two neutron stars. GW170817 was observed in coincidence with a gamma-ray burst (GRB) as well as signals across the electromagnetic spectrum, including the optical and infra-red signature of a kilonova. These discoveries have established a new paradigm of multi-messenger astrophysics

The 3rd observing run of Advanced LIGO and Advanced Virgo (AdV), O3, started on 1st April 2019 and ended in March 2020 during the end of which time the Japanese KAGRA instrument joined the observing network. 
Modelling GW sources has allowed deeper searches and data from LIGO, Virgo, and GEO have increased our understanding of astronomical phenomena. 
We are now able to make regular observations of GWs. To date close to 60 observations of coalescing objects, with an unexpectedly wide range of masses, have been made, with event rates being approximately 1 per week. We now have evidence for the existence of black hole/neutron star binaries, the existence of objects in the mass gap between accepted neutron star masses and black hole masses and the first real experimental evidence for the existence of intermediate mass black holes.
The aLIGO detectors are based on the quasi-monolithic silica suspension concept developed in the UK for GEO600 and on the high-power lasers developed by our German colleagues in GEO600. The AdV detector also uses a variant of the silica suspension technology. Further, KAGRA is being built with input on cryogenic bonding technology from the UK groups.
The consortium groups have led searches for astronomical sources, thanks to funding support received, since first data taking runs began 18 years ago. Key ingredients of several searches were developed at Glasgow.
We propose a programme that exploits data from aLIGO, AdV, and KAGRA building on our analysis of data from the most recent LIGO/Virgo science runs. 

In particular we will observe and analyse signals from the LIGO / Virgo/ KAGRA detector network with particular emphasis on compact binary inference, population and cosmological measurements - measurement of the Hubble Constant and tests of General Relativity, application of machine learning techniques for increased efficiency in modelling signals. performing searches etc and the search for gravitational wave emission from neutron stars.

In parallel, we propose essential detector R&amp;D. Detector sensitivity is mainly limited by thermal noise associated with the substrates of the mirrors, their reflective coatings, and their suspension elements, as well as by noise resulting from the quantum nature of the light used in sensing. Our research is targeted towards making innovative improvements in these areas, essential to maximize the astrophysical potential of GW observatories. 
We have major responsibilities for the silica suspensions in aLIGO, and in the development of enhancements and upgrades to the aLIGO detectors (to form aLIGO+), along with R&amp;D in the areas of mirror coatings for low thermal noise, silicon substrates, cryogenic suspensions and improved interferometer topologies to combat quantum noise.",Data & Digital; Economy & Development
Investigations in Gravitational Radiation,48A1BE72-5368-4D81-8C5A-BA0B892AA5E1,UKRI2487,Active,Research and Innovation,STFC,2832142,University of Glasgow,2025-09-30,2028-09-30,Christopher Berry,Christopher Berry (Co-I),"Einstein's general theory of relativity predicts that accelerating systems in strong gravitational fields will emit vast amounts of energy in the form of gravitational waves (GW). These waves are ripples in the fabric of spacetime that propagate at the speed of light, carrying energy and information about the coalescence of compact objects including neutron stars (NSs) and black holes.
The detection of GWs in 2015 marked the opening of a new window on the Universe, and in 2017 this was recognised through the award of the 2017 Nobel Prize in Physics with explicit recognition of the role of the UK as a critical part of the global team for hardware development critical to the success of Advanced LIGO (aLIGO). With the detection of GW170817, a binary NS with an electromagnetic counterpart, a new paradigm of multi-messenger astrophysics was firmly established.
aLIGO is currently in its 4th observing run (O4) with several public alerts/detections per week, and a binary NS range of typically 150 Mpc (June 2024). Looking to the future, O4 will run until June 2025, generating significant amounts of high-quality astrophysical data for analysis. The LIGO detectors will be upgraded in preparation for O5 (A+) which is scheduled to start mid 2027 (half way into this new consolidated grant). A+ will see significant hardware upgrades, supported via the UK at the level of approximately &pound;10 million (FEC) via a Glasgow-led A+ UK project.
It is essential that the UK capitalises on the investment by STFC to maximise the science return from the current detectors, while at the same time developing the R&amp;D for use in the LIGO detectors and essential to enable improvements in their sensitivity. This grant is a consortium application to allow the GW research groups at the Universities of Glasgow, Strathclyde, and the West of Scotland, together with Rutherford Appleton Laboratory to:

observe, analyse and interpret data from the aLIGO detectors, developing and applying novel data-analysis algorithms to characterise continuous wave, compact binary coalescence and unmodelled burst signals, and using compact binary detections to constrain source populations, infer cosmological parameters and measure the NS equation of state;
play a major role in the commissioning, characterisation and operation of the aLIGO and the A+ detectors, utilising machine learning techniques to identify and characterise the glitches associated with the instruments, thus enhancing the science observing time/output of the instruments;
advance our fundamental research on suspension systems/materials for use in the LIGO detectors and essential to enable sensitivity improvements, pioneering the R&amp;D which supports the continuous improvement, optimisation and development of the existing LIGO detectors.&nbsp;
undertake R&amp;D on the deposition, modelling and characterisation of dielectric mirror coatings, essential for successful operation of the aLIGO/A+ detectors and their sensitivity enhancements, capitalising on world-leading coating facilities being developed in Scotland;
enable experimental demonstration of low displacement noise suspended optics with our unique 10m prototype interferometer in Glasgow, upgraded in 2024 via joint STFC and University infrastructure funding. We will further test novel machine learning techniques to characterise and lock complex suspended cavities, for application to future upgrades within the current LIGO infrastructure and LIGO India.

The UK groups involved in this consortium grant have a track record of delivering internationally leading scientific R&amp;D in data analysis, source inference and hardware development.",Data & Digital; Economy & Development; Housing & Urban
JPI Urban Europe SUGI: Building capacity for integrated governance at the Food-Water-Energy-nexus in cities on the water,AAF37300-38F7-4E93-B54C-82EFEE8858B4,ES/S002235/1,Closed,Research Grant,ESRC,195763,University of Warwick,2018-03-31,2021-11-30,Joao Porto de Albuquerque,Joao Porto de Albuquerque (PI),"Major challenges in urban governance concern interlinking food, water and energy systems, making these linkages understandable to all stakeholders (government, science, business, and citizens), and facilitating cooperation and knowledge exchange among them. The project titled &quot;Creating Interfaces&quot; will address these challenges by developing and testing innovative approaches for local knowledge co- creation and participation through Urban Living Labs in three mid-size cities on water: Tulcea, Romania, Wilmington, USA and Slupsk, Poland. Complemented by previous research and a citizen science toolbox, these Labs comprise a user-defined co-creative approach where research questions, problems, and solutions are decided and implemented with stakeholders themselves.",Housing & Urban; Governance & Policy
Lifelong Physical AcTivity TArgeting INequalities (ATTAIN): A Transformative Network for Healthy Ageing,75989ADC-1C14-43BE-93F6-C4E9016859D9,BB/W018330/1,Closed,Research Grant,BBSRC,281075,University of Birmingham,2022-02-14,2025-03-30,Victoria Palmer,Victoria Palmer (Co-I),"Why is research in physical activity and inequality important for healthy ageing?
Average age in the UK population is continually increasing. Although we are living longer, many older individuals spend a large proportion of their later years in poor health and quality of life, which becomes more apparent in the poorest sectors of our society and minority ethnic communities. Physical activity is essential for healthy ageing, but evidence to support the health benefits of physical activity in socially deprived and ethnic minority groups, and the factors that prevent these communities from participating in physical activity, has been relatively overlooked. As a result, our capacity to develop effective and attainable physical activity interventions with the potential to extend healthy life expectancy in communities who experience health inequalities is limited. 
 
What will we do?
Research, including at the University of Birmingham, clearly shows an urgent need for research to understand the health benefits of physical activity in poorer and minority ethnic communities and the barriers that these populations need to overcome to participate and adhere to physically active living. This proposal is for a research network that brings together people with different knowledge and backgrounds, to work together on this challenge and encourage physical activity research that targets health inequality.
 
What will this network look like?
The network will bring together researchers; academics from health, psycho-social, environmental sciences and beyond, with relevant healthcare professionals; policy makers; and voluntary sector organisations. Those who experience of health inequality will be at the heart of our network as leaders, partners and advisors. Network steer will be guided by an Expert Advisory Group and stakeholder representatives. 
 
What is the network's main aim?
The network will address the central question:
How can we better understand the health benefits of physical activity in socially deprived and minority ethnic communities and overcome the challenges they face and improve their access to physically active living, so that they are able to spend more years in good health?
Our network will focus on two main themes:
1. Understanding the health benefits of physical activity in diverse and deprived UK communities by integrating molecular, cellular and population-level research approaches.
2. Identifying physical, environmental, cultural and psycho-social barriers to physical activity in diverse and deprived UK communities and solutions to ensure effectiveness and equity in physically active living in these populations.
 
How will this be done?
The network will:
- Fund and support small research projects in these areas, laying the groundwork for vital larger scale collaborations in this area.
- Undertake a range of activities including seminars, workshops, knowledge exchange events, interdisciplinary sandpits and writing retreats to bring people together across disciplines and sectors, increase interdisciplinary understanding, and foster two-way engagement and feedback amongst researchers and stakeholders throughout the lifecycle of the project.
- Foster the next generation of research scientists through access to funds for internships and other training and engagement opportunities.
- Run a dedicated website and engage audiences via social media to enable access and engagement with research and project findings throughout the lifecycle of the network and beyond.

Our vision is to see our network benefit socially deprived and ethnic minority commnunities, and influence policy makers and government bodies such as the Department of Health and Public Health England. We will do this by working closely with key organisations and communicating openly with all those who can make a difference to the wellbeing of our target communities to ensure our work has an impact locally, nationally and internationally.",Health & Wellbeing; Inequality & Social Justice; Governance & Policy
MICA: Minimising Mortality from Alcoholic Hepatitis,AC29C409-363F-41F7-B19E-9CE70B33C051,MR/R014019/1,Closed,Research Grant,MRC,4843964,Imperial College London,2018-05-31,2024-05-30,David Adams,David Adams (Co-I),"Alcohol related liver disease (ALD) is responsible for more than 6000 deaths a year in the UK and costs the NHS &pound;3.5 billion. Alcoholic hepatitis is a florid presentation of ALD in which patients present with jaundice and liver failure. Unfortunately, around 30% of people admitted to hospital with this condition will die within 3 months. 
The treatment of alcoholic hepatitis is complicated by the fact that there is tremendous inflammation within the liver whilst the patient is very susceptible to infection. As a result treatment with drugs, such as steroids, which suppress the immune system may exacerbate the risk of infection. In our recent trial we demonstrated that prednisolone (a steroid) reduced mortality by a small amount one month after admission but the advantage was lost at three months. Therefore, at present there is no effective treatment for this condition. 

The aim of this research is to develop clinical tests (biomarkers) which improve the management of alcoholic hepatitis and which help the pharmaceutical industry to run trials in this area. Firstly, we will use a test which measures the amount of bacterial DNA in blood to stratify the risk of infection. Identifying patients who are at high risk of infection will allow us to modify treatment, either by avoiding steroids or adding in prophylactic antibiotics. This test will also identify a group of patients who would benefit from new treatment options. 

Our second aim is to improve the way in which we predict the outcome of this disease. We have previously shown that low transferrin (a serum protein) and a variant of the gene PNPLA3 are associated with a poor prognosis. An existing blood test (ELF), which is a good prognostic test in chronic hepatitis, will be tested in alcoholic hepatitis patients. We propose to combine the new biomarkers with routine clinical data and, using sophisticated statistical techniques, generate a more accurate prognostic scoring system. This will allow us to select patients more carefully for clinical trials, for intensive care and for liver transplantation.

Although it is possible to make a diagnosis of alcoholic hepatitis based on the clinical presentation, we sometimes need to perform a liver biopsy to confirm the diagnosis. Furthermore, a biopsy is usually required in clinical trials. We are planning to develop a blood test based on the levels of a bile acid, taurocholate, which will reduce or eliminate the need for liver biopsy. 

In patients with alcoholic hepatitis the immune system is impaired making them susceptible to infections that increase the risk of dying. Analysis of the characteristics of immune cells in the blood will allow us to identify immune profiles which confer susceptibility to infection. We will use these immune profiles to evaluate new drugs in order to assess whether they are likely to increase the risk of infection either by testing the drugs on immune cells in the laboratory or by conducting immune profiling in the early stages of clinical trials. 

If our programme of research is successful we should be able to use existing drugs more effectively by avoiding complication such as infection. In addition we will encourage and facilitate pharmaceutical companies to invest in this disease area where there is a substantial unmet medical need.",Health & Wellbeing; Global Health; Economy & Development
Maximising the potential of laboratory mice for understanding the genetic basis for disease,63641952-67BF-47A3-9419-BE1DF00CD75C,MR/R017565/1,Closed,Research Grant,MRC,696945,European Bioinformatics Institute,2018-07-16,2022-07-15,David Adams,David Adams (Co-I),"Many of the most important medical discoveries in the last century have been made by studying model organisms such as the laboratory mouse. Mice were key to discovering the antibiotic effects of penicillin, the basis for how the immune system recognises virus infected cells, and are used to develop and test almost every new drug. Laboratory mouse strains display many important disease phenotypes such as resistance to various forms of cancer (e.g. liver, lung, and skin cancer), bacterial, and viral infection and are used as models for many human diseases. The foundation for studying the genetic differences in these strains is having accurate genome sequences. Currently, only one mouse strain (C57BL/6J) has a genome sequence with sufficient accuracy to study genes involved in disease and immunity. In this project, we will upgrade the genome sequences of 16 other laboratory mouse strains to be reference quality using third generation sequencing technologies. This will form the basis for studying the genes that are known to be involved in the differential response to disease and immune challenges. This will enable researchers using these strains to combine sequence and phenotypic data we will determine whether sequence variants are likely to be contributing to disease susceptibility. All of the genome data generated by the project will be made freely available so that researchers worldwide can make maximum use of these genomes.",Health & Wellbeing; Data & Digital; Global Health
Migration Diplomacy in International Politics,A71E062C-6380-44CB-803E-894E57E08083,EP/X019667/1,Closed,Research Grant,Horizon Europe Guarantee,1292567,University of Glasgow,2022-06-30,2025-07-30,Gerasimos Tsourapas,Gerasimos Tsourapas (PI),"MIGDIPLO investigates how states use cross-border mobility as an instrument of foreign policy. It extends the concept of &quot;migration diplomacy&quot; to analyse the strategic linkages between international mobility and interstate relations. Drawing on fieldwork and comparative case studies across Asia and the Middle East, the project examines how governments cooperate or exert pressure through migration-related tools, including labour agreements, visa regimes, and refugee hosting. By mapping the global politics of migration diplomacy, the research offers new insights into statecraft, power asymmetries, and the international governance of human mobility.",Migration & Citizenship; Governance & Policy; Economy & Development
Migration Diplomacy in International Politics,CE2DB1EB-3DEC-4001-B4DE-AA33ABE56387,EP/X019667/2,Active,Research Grant,Horizon Europe Guarantee,,University of Birmingham,2025-07-30,2030-07-29,Gerasimos Tsourapas,Gerasimos Tsourapas (PI),"MIGDIPLO investigates how states use cross-border mobility as an instrument of foreign policy. It extends the concept of &quot;migration diplomacy&quot; to analyse the strategic linkages between international mobility and interstate relations. Drawing on fieldwork and comparative case studies across Asia and the Middle East, the project examines how governments cooperate or exert pressure through migration-related tools, including labour agreements, visa regimes, and refugee hosting. By mapping the global politics of migration diplomacy, the research offers new insights into statecraft, power asymmetries, and the international governance of human mobility.",Migration & Citizenship; Governance & Policy; Economy & Development
"Migration of CO2 through North Sea Geological Carbon Storage Sites: Impact of Faults, Geological Heterogeneities and Dissolution",EAC2BD1A-36CD-4B99-8B98-E3E51DC93060,NE/N016386/1,Closed,Research Grant,NERC,197575,British Geological Survey,2016-04-30,2020-10-31,James White,James White (Co-I),"The storage of CO2 in deep geological formations is one of the chief technological means of reducing anthropogenic emissions of CO2 to the atmosphere. The process requires capturing CO2 at source (e.g. coal-fired power plants), transporting CO2 to the injection site, and pumping liquefied CO2 into kilometre deep, porous reservoirs that are typically initially saturated in saline water or previously contained oil or gas. Initially, buoyant CO2 tends to rise through the porous reservoir until it is trapped by an impermeable horizon, in the same way that oil or gas has been trapped over millennia. Subsequently, buoyant CO2 may be more securely trapped by dissolving CO2 into water (carbonated water is more dense than non-carbonated water and will sink), or by capillary forces acting to hold the CO2 in the small confines of the pore space. Any risk of buoyant CO2 migrating through the overburden is therefore reduced by these trapping processes. Constraining the rates of dissolution and capillary trapping in realistic geological overburden is a key component of strategies to quantify and reduce the risks of leakage. The UK is geologically well placed to implement offshore CO2 storage, with many potential reservoirs in the North Sea.

This proposal will improve our understanding of the risks of leakage through the overburden by quantifying trapping rates in faults and heterogeneous strata typical of the overburden of North Sea reservoirs, and by quantifying our ability to seismically detect any CO2 in the overburden. CO2 is less viscous than water and will finger along more permeable layers. Sedimentary strata exhibit large variations in permeability on all scales that will substantially increase the rates at which CO2 dissolves in the formation waters.

The analysis, while general in scope and resultant techniques, is applied to the Goldeneye field, a target for CO2 storage and a candidate for the Government's CCS commercialisation competition. Our approach is to geologically characterise the relevant geological heterogeneity within the overburden, and to map the structure and propensity for fluid flow within faults in that locality. Drill core provides samples of rock (5x20 cm) that can then be interrogated in the laboratory. We will directly image, at conditions typical of the overburden, the rates of fluid flow, dissolution, and capillary trapping both at the scale of individual pores within the rock (microns) and over the length of the core (centimetres). Geochemical analysis of the fluids will allow us to measure in situ dissolution and precipitation rates in our core flooding experiments. In order to determine how rates of flow and trapping may be applied at the scale of the reservoir and overburden the results must be interpreted in light of flow through 1-100 centimetre scale geological heterogeneities and along faults. To assess the impact of heterogeneities on the rates of trapping we will construct simplified models of flow along predominantly layered strata, or along cross-cutting faults, along with laboratory analogue experiments in which we can optically assess trapping rates and thereby provide a firm benchmark for our predictions. Finally, at larger scales, we will image flow up chimney structures in existing CO2 experiments (eg Sleipner in the North Sea) and thus provide quantitative estimates of our ability to seismically resolve leakage pathways in the storage overburden. 

Our proposal will develop tools needed to geologically characterise the North Sea overburden, provide quantitative estimates of trapping rates in geologically complex overburden and fault complexes, and demonstrate the ability to seismically resolve fluid flow pathways. To date geological CO2 storage has been demonstrated at relatively safe storage sites. This work would greatly expand the potential for geological CO2 storage by quantifying the potential risks associated with leakage in more geologically complex storage sites.",Governance & Policy; Migration & Citizenship; Environment & Sustainability
Mobilisation of foreign fighters in the former Soviet Union,A5F7602F-DE63-4B6D-A1AC-48FE08A1D777,ES/V003453/1,Closed,Research Grant,ESRC,472751,University of Glasgow,2022-01-05,2024-07-03,Huseyn Aliyev,Huseyn Aliyev (PI),"Foreign fighters are individuals who choose to participate in armed conflicts occurring outside their countries of residence. The rise of radical Islamist organisations, such as al-Qaeda and the Islamic State of Iraq and Levant (ISIL), has led to thousands of volunteers travelling to the Middle East from Europe and Asia to join various armed groups, significantly contributing to the strength and resilience of these radical extremist organisations. While some foreign fighters, such as British jihadist Jihadi John became notorious on social media, many more remained in the shadows supplying armed groups with human and material resources, as well as the expertise crucial for the success of such brutal militant organisations as ISIL. Over the last decade, the post-Soviet region has served as a key supplier of foreign fighters for armed conflicts in the Middle East and across the former Soviet Union. The former Soviet Union, which includes Russian Federation, the Caucasus and Central Asian regions, supplied more foreign fighters to the Middle East than any other region of the world, including the Middle East itself. 

Although there has been little research done on foreign fighters in the context of the former Soviet Union, existing scholarly works echo mass media statements and the reports by international organisations in that post-Soviet foreign fighters are viewed as primarily driven by religious and political motivations. Most of these claims are based on the analysis of secondary sources and random interviews with conflict witnesses. No comprehensive fieldwork-based projects were ever conducted to understand what effect do sociocultural traditions, perceived repressions and opportunities have on foreign fighter mobilisation in the former Soviet Union.

Years of preliminary exploratory research and a number of smaller pilot projects have led the research team to believe that post-Soviet foreign fighters mobilise not necessarily due to religious fervour or political ideology, but due to a complex combination of sociocultural and perception-centred causes. Opportunities to mobilise, or the lack thereof, also emerge as significant causes behind individual mobilisation. During our preliminary research, notions of honour, solidarity, obligation and culturally embedded customary laws, combined with ethnic and religious persecution in home countries, emerge as instrumental in individuals' choices to participate in armed conflicts abroad. 

In order to provide a definitive answer as to which factors can account for the high rates of foreign fighter mobilisation in the post-Soviet region, we propose developing a theory which will seek to demonstrate that individuals choose to become foreign fighters not necessarily due to their religion or political views, but also owing to sociocultural traditions, their perceptions of persecution and opportunities available to disengage from armed groups. To test that theory we will conduct original interview-based fieldwork amongst active, former, and aspiring foreign fighters in Ukraine, Russia's republic of Dagestan and amongst Chechen Diaspora in Western Europe (Austria, Denmark and Germany). To better understand the process of foreign fighter mobilisation and reasons behind it, we will sample widely individuals who chose to become foreign fighters in order to record their opinions and experiences. 

This original and interdisciplinary research project will be the first ever fieldwork-based effort to study foreign fighters in the former Soviet Union. Innovative research methods combining interdisciplinary approaches will be used to carry out interviews with informants. Bearing in mind that project data can inform and improve the current understanding of radicalisation causes, the project findings will have major implications for de-radicalisation, conflict de-escalation and national security across Europe, Middle East and Asia.",Conflict & Security; Culture & Heritage; Global Health
"Models of Explicit and Implicit Memory: Linking Priming, Recognition, and Source Memory",1C77C3E0-0CB1-4855-A16B-A8F830F40B75,ES/N009916/1,Closed,Research Grant,ESRC,264974,University of Plymouth,2016-11-23,2020-08-21,Christopher Berry,Christopher Berry (PI),"Memory comes in many different forms. Understanding how these different forms of memory operate and are enabled in the brain is a crucial goal in psychological and neuroscientific research. A fundamental question is whether there are distinct forms of memory that function independently of other kinds (multiple-systems theory), or whether different forms of memory actually draw upon the same underlying memory (single-system theory). This project will conduct rigorous tests of an existing single-system model by a) applying it to a memory task thought to be challenging for the model to explain -- source memory, and b) comparing its predictions to those of multiple-systems versions of the model in eight new experiments that are designed to discriminate between the models.

In previous research, the applicant has found evidence for a single-system model of recognition memory and repetition priming, and this model was preferred to multiple-systems ones. Recognition memory involves being able to determine whether you have encountered something before, for instance, being able to say that you have seen the face of a perpetrator of a crime before. Repetition priming is a more indirect example of memory -- it is typically shown via improvements in performance when a stimulus is re-encountered; for example, when presented with a familiar face that you have seen recently, you will tend to identify it faster than a face that you have not seen for a long time. Recognition memory is a traditional example of explicit (conscious) memory, whereas repetition priming is a traditional example of implicit (unconscious) memory.

The new task to be explained by the single-system model is source memory, another explicit memory task, which involves remembering specific information related to a prior encounter. For instance, source memory would be shown if you were able to remember that you saw a particular face at the scene of a crime and not at the supermarket, or if you were able to correctly remember that the colour of the jacket of the perpetrator of a crime was red and not blue. It is important for the single-system model to also explain source memory because many theories propose that the memory used to make source memory decisions is distinct from the kind of memory that drives repetition priming. If the relationship between source memory and repetition priming could be shown to follow the predictions of the single-system model, this would have important implications for these alternative theories, and would be a crucial test of the breadth of single-system views.

Multivariate signal detection theory will be drawn upon in extending the model. The main assumption of the single-system model is that priming, recognition, and source are driven by the same memory signal. Specific predictions of the model will be tested experimentally. For example, the model predicts that repetition priming will be positively related to the accuracy of source memory judgments and also the confidence with which these judgments are made. It also predicts that this relationship is modulated by recognition memory. Furthermore, it predicts that experimental variables will tend to affect priming, recognition and source memory similarly, and so would be strongly challenged by experiments in which these measures are differentially affected. Experiments manipulating attention and modality of presentation at encoding will investigate this. The model will be fit to the experimental data and compared with the fit and predictions of multiple-systems models; these will incorporate competing theoretical assumptions to the single-system model and allow for various degrees of independence between the memory signals driving explicit and implicit memory.",Culture & Heritage; Data & Digital
Multi-level crisis governance in Canada and the UK: Seeing crisis governance like a city,241AC322-DF9D-4E88-B4AC-BC54CAEECA94,UKRI1585,Active,Research Grant,ESRC,5442,University of Glasgow,2025-04-30,2026-04-30,Ross Beveridge,Ross Beveridge (PI),"This knowledge synthesis project responds to the theme of Involvement and inclusion in governance structures with its focus on changing technological landscapes of participation by more diverse communities in Canada and the UK, and Systems of
governance, with a particular view towards &quot;the central role played by municipalities in recent crises&quot; and the workings of &quot;levels of governance and responsibilities between national, regional and local governments.&quot;
The project's overall aim is to distil knowledge of how multi-level governance is constructed in Canada and the UK in an era of urban crises identifying clearly the knowledge gaps in the literature. Looking at how such crises are now conceptualized as
poly- or permacrises, we will focus on how governance mechanisms and responsibilities have been changing. In doing so, and in slight digression from the conventional &quot;methodological nationalism,&quot; we prioritize an urban view (looking at crisis
urbanization as an ongoing process) and a city view (looking at specific crisis urbanisms as instances of crisis) in examining the emerging systems of governance across levels and scales of government. This changed epistemological stance does not
see cities (their politics and governance) as primarily constituted &quot;from above&quot; but primarily &quot;from below&quot; (both contested concepts in a globalizing world). The governance of urban crises is not separate from, but interwoven with, urban ways of life and must reflect how urban residents and communities are experiencing, navigating and countering crises. We focus on contextualised accounts of the impacts, dilemmas and possibilities of living with and beyond crisis and on how the literature has reflected this interweaving of urban life and governance. This synthesis of knowledge will advance thinking on just and sustainable responses to crisis in cities in Canada and the UK resulting in an agenda for future research.
In sum, this project will study the challenges facing, and agency shown by civil society, community activists, urbanists, focusing on diverse and often marginalised urban residents and communities living with crisis. From that perspective we will
focus on how just and resilient structures can be built into urban life and how institutions and processes of governance can support them. We analyze contextualized and experiential accounts of crisis governance, as a contributing factor in the crisis of liberal democracy, taking seriously the capacity of people to develop skills to deal with crisis, and innovative ways of viewing crisis governance through dialogic comparison in a transatlantic perspective.
Expected contributions and impacts: We will make an essential contribution to the scholarly and policy literature on multi-level governance from an urban perspective in Canada and the UK. It builds on past and ongoing joint work by the applicants on urban and regional governance and politics.
The significance of this project lies in its direct response to the experience of urban communities over the past few years when, for example, the COVID-19 pandemic universally tested the resilience of municipal actors and as cities around the
world have been threatened by wildfires and impacted by flooding, and other disasters. In Canada, this focus includes a look at the role of crisis in Indigenous communities (from boiled water advisories to racist violence) and the central role of
Indigenous governance in that country's governance architecture. The project's &quot;urban lens&quot; promises empirical and conceptual insights on contemporary forms of crisis as they interweave with urban life and governance.",Governance & Policy; Housing & Urban; Global Health
Multilayer Algorithmics to Leverage Graph Structure (MultilayerALGS),0B1C288E-4BA3-46B4-8239-E852C8EDFDD0,EP/T004878/1,Closed,Research Grant,EPSRC,765537,University of Glasgow,2020-06-30,2025-06-29,Mark Wong,Mark Wong (Co-I),"Graphs are popular as a structure for modelling systems of connections in the real world, and graph theory has taken a major role in the wider field of algorithmics and computational complexity. Many of the algorithmic problems we might wish to solve on graphs (e.g. extracting useful information, or identifying optimal modifications) are intractable in general, but there has been significant progress in recent decades in our understanding of how mathematical structure in graphs can be exploited to design efficient algorithms. However, many real-world datasets are not sufficiently highly structured for this approach to be effective.

In this project we aim to address this issue by exploiting the fact that many real-world systems exhibit qualitatively different types of connections, driven by fundamentally different processes. For example, online friendships are not geographically constrained, and you may have online friends that you have never met in person. In contrast, the set of friends you see regularly in person is subject to geographical factors, and may revolve around common activities or meeting places. These two types of links are different in the processes that produce them, in the structure of the graph they form, and in their role in answering different questions. We call a system like this, with multiple different types of links, a multilayer system, and we can model it with a multilayer graph in which entities represented by nodes are linked by several different classes of links, or 'edges'. Such multilayer systems arise in a huge range of different real-world applications, and the crucial observation for our work is that the structure of each individual layer is typically much easier to understand and to describe mathematically than that of the entire system. Our strategy is therefore to develop methods that allow us to use our understanding of the structure of the individual layers to answer questions about the entire system within an acceptable amount of time.

Our theoretical results will produce dichotomy meta-theorems which allow us to identify precisely, for a wide range of problems involving systems of this kind, the structural properties of individual layers that will allow us to solve the problems efficiently. Central to the development of these new algorithmic results will be a better understanding of the structure of real-world multilayer systems, so we will also develop new ways to model and simulate multilayer graphs. 

Our work will include a variety of case studies on real-world data, including human contact information from online social networks, medical statistics, and ecological and epidemiological disease transmission data.",Data & Digital; Health & Wellbeing; Environment & Sustainability
NAPIC: National Alternative Protein Innovation Centre,EA038CCE-F087-4B59-B5B9-0004196D4008,BB/Z516119/1,Active,Research and Innovation,BBSRC,16001352,University of Leeds,2024-08-11,2029-08-10,Nicholas Watson,Nicholas Watson (Co-I),"To secure a continued supply of safe, tasty, affordable and functional/healthy proteins while supporting Net Zero goals and future-proofing UK food security, a phased-transition towards low-emission alternative proteins (APs) with a reduced reliance on animal agriculture is imperative. However, population-level access to and acceptance of APs is hindered by a highly complex marketplace challenged by taste, cost, health and safety concerns for consumers, and the fear of diminished livelihoods by farmers. Furthermore, complex regulatory pathways and limited access to affordable and accessible scale-up infrastructure impose challenges for industry and SMEs in particular. Synergistic bridging of the UK's trailblazing science and innovation strengths in AP with manufacturing power is key to realising the UK's ambitious growth potential in AP of &pound;6.8B annually and could create 25,000 jobs across multiple sectors. The National Alternative Protein Innovation Centre (NAPIC), a cohesive pan-UK centre, will revolutionise the UK's agri-food sector by harnessing our world-leading science base through a co-created AP strategy across the Discovery?Innovation?Commercialisation pipeline to support the transition to a sustainable, high growth, blended protein bioeconomy using a consumer-driven approach, thereby changing the economics for farmers and other stakeholders throughout the supply chain.

Built on four interdisciplinary knowledge pillars, PRODUCE, PROCESS, PERFORM and PEOPLE covering the entire value chain of AP, we will enable an efficacious and safe translation of new transformative technologies unlocking the benefits of APs. Partnering with global industry, regulators, investors, academic partners and policymakers, and engaging in an open dialogue with UK citizens, NAPIC will produce a clear roadmap for the development of a National Protein Strategy for the UK. NAPIC will enable us to PRODUCE tasty, nutritious, safe, and affordable AP foods and feedstocks necessary to safeguard present and future generations, while reducing concerns about ultra-processed foods and assisting a just-transition for producers. Our PROCESS Pillar will catalyse bioprocessing at scale, mainstreaming cultivated meat and precision fermentation, and diversify AP sources across the terrestrial and aquatic kingdoms of life, delivering economies of scale. Delivering a just-transition to an AP-rich future, we will ensure AP PERFORM, both pre-consumption, and post-consumption, safeguarding public health. Finally, NAPIC is all about PEOPLE, guiding a consumers' dietary transition, and identifying new business opportunities for farmers, future-proofing the UK's protein supply against reliance on imports.

Working with UK industry, the third sector and academia, NAPIC will create a National Knowledge base for AP addressing the unmet scientific, commercial, technical and regulatory needs of the sector, develop new tools and standards for product quality and safety and simplify knowledge transfer by catalysing collaboration. NAPIC will ease access to existing innovation facilities and hubs, accelerating industrial adoption underpinned by informed regulatory pathways. We will develop the future leaders of this rapidly evolving sector with bespoke technical, entrepreneurial, regulatory and policy training, and promote knowledge exchange through our unrivalled international network of partners across multiple continents including Protein Industries Canada and the UK-Irish Co-Centre, SUREFOOD. NAPIC will provide a robust and sustainable platform of open innovation and responsible data exchange that mitigates risks associated with this emerging sector and addresses concerns of consumers and producers. Our vision is to make &quot;alternative proteins mainstream for a sustainable planet&quot; and our ambition is to deliver a world-leading innovation and knowledge centre to put the UK at the forefront of the fights for population health equity and against climate change.",Economy & Development; Governance & Policy; Health & Wellbeing
NPIF DTP IAA ABC (2020): Glasgow,C76B829E-5403-44C4-93E1-F455C550DA9F,ES/V50225X/1,Closed,Research Grant,ESRC,100000,University of Glasgow,2020-02-13,2021-11-12,Jude Robinson,Jude Robinson (PI),"Abstracts are not currently available in GtR for all funded research. This is normally because the abstract was not required at the time of proposal submission, but may be because it included sensitive information such as personal details.",
"Network Plus Shifting Global Polarities: Russia, China, and Eurasia in Transition",D586D39E-02B7-494A-9328-E867C5361023,ES/Z503009/1,Active,Research and Innovation,ESRC,4291419,University of Birmingham,2024-03-31,2028-03-30,David Smith; Leyla Sayfutdinova; Luca Anceschi; Marcin Kaczmarski; Sara Bernard,David Smith (Co-I); Leyla Sayfutdinova (Co-I); Luca Anceschi (Co-I); Marcin Kaczmarski (Co-I); Sara Bernard (Co-I),"We are witnessing a period of major shifts on the Eurasian continent, upending conventional wisdom, and ushering in an era of unprecedented threats from multiple regions and actors. Long standing conflicts across Europe and Asia have gathered momentum, be it Russia's invasion of Ukraine, the intensification of the Nagorno-Karabakh territorial dispute, growing instability in the Balkans, or the regional and extra-regional consequences of the growth of China's military, economic, and political power. These destabilising trends interact unpredictably with the new realities of climate change and the intensification of human impacts on the environment, with the rise of populism in certain Eastern European states, and the enormous potential of new forms of technology, or the shifting migratory and export movement of people, animals, and products. Consequently, increasing numbers of people across these regions live under undemocratic regimes, shattering civil societies, deepening economic insecurity, and intensifying vulnerability to natural disasters. This is unquestionably a time of massive uncertainty.

This Network Plus brings together more than 30 academics, policymakers, and artists from leading centres of excellence, expertise, and training (7 UK and 6 Overseas) to comprehend, evaluate and address the challenges evident across a region encompassing Russia, China, Eastern Europe, the Balkans, and Central and Eastern Asia. It will create new syntheses, knowledge and networks, build new capacities, and train and mentor early career academics and policymakers. The Network combines the social sciences, arts and humanities and physical sciences, while building on existing good practice in multi-disciplinary Area Studies, to develop novel inter-disciplinary alliances and explore urgent challenges such as climate change and energy, rare earths extraction, and cybersecurity in addition to longstanding areas of concerns such as migration flows and economic links and dependencies.

The Network will bring about a step-change in our understanding of the region as well as the interface between academia and policymaking via:

1.Undertaking horizon scanning and the synthesis of existing relevant knowledge from across the globe, and from the existing research of Network members, to ensure that the UK's approach to this region remains cutting-edge, dynamic, cooperative and proactive and to generate new knowledge through the commissioning of new research and the use of the flexible fund;

2.Bringing about a step change in interactions between academia and policy-makers to create mutually beneficial, symbiotic and impactful relationships;

3.Enabling the training of cohorts of early career researchers to assist the development of key skillsets, knowledge and connections with respect to the potential challenges and threats posed by shifting geopolitical trends;

4.Commissioning creative arts outputs to broaden the extent of 'ground level' engagement and connect with a diverse range of non-academic audiences.

The Network's activity is to be advanced by new commissioned research, funded through its flexible fund, including focused Workshops, Training events, and artistic and educational activities.",Economy & Development; Environment & Sustainability; Culture & Heritage
Non-communicable lung disease in Kenya: from burden and early life determinants to participatory inter-disciplinary solutions,FC355D0A-5915-4023-AC89-CF679E5DD683,MR/S009027/1,Closed,Research Grant,MRC,517543,Liverpool School of Tropical Medicine,2019-01-17,2023-03-30,Cindy Gray,Cindy Gray (Co-I),"The lung diseases asthma and chronic obstructive pulmonary disease (COPD) are very common. Around the world 300 million people have asthma and 200 million have COPD. Low- to middle-income countries (LMICs) such as Kenya shoulder the burden of asthma and COPD. These diseases interfere with the lives of people, they stop people working and cost them money. The diseases also hold back countries from developing. The Kenyan Government has highlighted asthma and COPD as national priorities. Research from high income countries shows that the process of developing asthma and COPD starts early in life when we are children, or even earlier. Although research has shown that many adults in Africa have reduced lung function, no one has looked to see if this starts early in life.

Our team of researchers and doctors from Kenya and the UK will work closely with two communities in Nairobi, Kenya, to design and carry out a project looking into the early life origins of lung disease. We are interested in what causes lung disease and how people experience lung disease. We want to find out how early these diseases start, so that eventually we can prevent lung diseases by targeting the right age groups. 

Our focus is on children and young adults aged 5 to 18 years because this is the age at which lungs are developing, and ill-effects at this time of life can impact the rest of people's lives. We will work in two areas: an informal settlement (Mukuru) and a wealthier area (Bura Bura). These two areas are geographically very close but very different in terms of their socio-economic make up. We will involve community members in all stages of the scientific process (including bid-writing, design, data collection, communication and project evaluation). We want to do this because it ensures that our research is directly relevant to community members and the results are more likely to be acted upon. We are particularly interested to look at the effects of indoor and outdoor air pollution, birth weight and early life chest infections.

We will conduct a survey of children/young adults aged 5-18 years - 1000 in Mukuru and 1000 in Bura Bura. The children and young adults will be recruited through local schools. The parents of the young people who want to take part will be visited by local field workers. The field workers will ask questions about lung symptoms, sources of indoor air pollution and any known lung problems. We will ask mothers if we can look at the Child Health Card that records birth weight, childhood weights and chest infections. We will measure the lung function of the young people using a simple blowing test called spirometry. We will do this before and after they run for 6 minutes, a simple way of looking for a form of asthma. To look at the effect of air pollution we will measure the air pollution experienced for a day by 100 young people from each community. They will be asked if they would wear a bag with some light-weight monitoring equipment for a day. The results of this monitoring will be used with the questionnaires to estimate exposure to air pollution for all those taking part. 

The information gathered will be used to see if more children than expected have reduced lung function and at what age this appears. We will also see if air pollution, birth weight and early life chest infections affect the lung function of children. This has never been done before in Africa. The study is large enough to make fairly precise estimates of prevalence and to look for associations.

The results of this study will be fed back to the two communities in easily understandable ways, including theatre and comics. We will also let scientists, doctors and those interested in lung disease know the findings of the study. Although this study will not provide definitive proof, it is the first step for showing that lung diseases in Africa start early in life and can be prevented by targeting the right age group.",Health & Wellbeing; Governance & Policy; Global Health
Northern Power: Making Engineering and Physical Sciences Research a Domain for All in the North of England,D2D7B351-D914-44E9-876A-FE0DAC35B095,EP/S012206/1,Closed,Research Grant,EPSRC,591462,Durham University,2018-12-01,2021-08-30,Emma Flynn,Emma Flynn (Co-I),"Our vision, as a consortium of nine Universities and six Industrial Partners, is to shape an actively inclusive culture in the Engineering and Physical Sciences (EPS) community that supports, drives and sustains greater equality for all, including traditionally under-represented groups (e.g., women, disabled people, LGBT+, and Black, Asian and Minority Ethnic (BAME) researchers). Having identified seven critical challenges to this vision (lack of role models; a leaky pipeline; inequity in opportunities; lack of synergy in initiatives; lack of understanding of barriers by some senior leaders; poor data; and poor analysis of progress), we outline six activities designed to address them: shared-characteristic mentoring; reverse mentoring; an on-line networking platform; leadership and networking development; collaboration with industry; better data capture; and better analysis. The critical feature of this bid is that we will pool opportunities and experience across our consortium to better meet the needs of groups underrepresented in EPS. As a result of this inclusive culture, a wider pool of talented individuals will be able to successfully progress within the EPS community and these resulting diverse perspectives will ultimately produce better science to address complex and important global challenges.

HEI partners: Durham University, Lancaster University, Leeds Beckett University, Newcastle University, Northumbria University, Teesside University, University of Huddersfield, University of Hull, and Leeds University.

Industrial Partners: Atom Bank, Stanley Black and Decker, IBM, GTN Ltd., Northumbrian Water Ltd. and SAGE. 

Our consortium of nine HEIs, from a wide base but all based in the North of England, and six industrial partners, from a range of EPS-facing domains, are all committed to continuous improvement with regard to Equality, Diversity and Inclusion (EDI) in EPS. Our aim is to take a collaborative approach, drawing together resources, opportunities, experience and best practice to build a consolidated arena within which to influence change. By pooling our resources we will be able to meet the needs of groups under-represented in EPS more effectively. 

By the end of the project we will have:
- a better understanding and awareness of the barriers and challenges facing under-represented groups within the EPS community.
- an assessment of interventions which aim to improve the representation of groups, currently under-represented within EPS. Critically this will also include a robust evaluation to understand the conditions under which things work well and don't work well for different communities.
- Our proposal is that these interventions will result in groups under-represented in EPS having: a greater willingness to act as mentors; a greater motivation to apply for promotion and grants; a desire to take on leadership roles; a great awareness of role models; a stronger sense of belonging within the North of England's EPS community, and the EPS community in general; and better links with industry.
- established and shared best practice with regard to developing inclusive EPS communities from HEIs and industry (and beyond) with HEIs, research councils, industry and policy makers through seminars, publications and an online platform. 
- This will result in HEIs and industries sharing, changing and introducing policies to adopt this best practice.

Longer term legacy impact will be seen in: changes to practices (such as training) and policies within the consortium and beyond; establishment of best practice which will be disseminated so that other key stakeholders adopt it; a more inclusive environment within the EPS community, demonstrated by a more diverse staff and student base including within senior roles; and adoption of this best practice beyond the EPS community.",Gender & Equality; Economy & Development; Data & Digital
ORA (Round 5) What is Governed in Cities: Residential Investment Landscapes and the Governance and Regulation of Housing Production,074E2E65-2C90-4D81-BF70-A3AB789ECF44,ES/S015078/1,Closed,Research Grant,ESRC,465235,UNIVERSITY COLLEGE LONDON,2019-03-01,2022-02-28,Nicola Livingstone,Nicola Livingstone (Co-I),"This proposal draws on a precise comparative, inter-disciplinary methodology to examine the inter-relationships between contemporary investment flows into the housing markets of major cities and the governance arrangements and public policy instruments that are designed to regulate them. Our case studies are three of Europe's leading urban centres: the Amsterdam Metropolitan Area; Greater London; and Grand Paris. 

The proposal is timely as major cities have been faced with unprecedented development pressures. Their populations and economies have expanded and their envrionments have become highly attractive locations for global and national financial investment. These pressures have been particularly acute in the production and consumption of housing, where the impacts of investments on markets, citizens, and places are generating a widely perceived 'crisis' and set of new challenges for policy-makers and planners. There is a growing urgency to produce affordable housing for a variety of groups in order for cities to maintain their growth and to meet the needs of their citizens. A failure to tackle housing problems will both limit future growth potential and act as a source of social conflict and discontent. 

The proposal draws on two streams of analysis. First we examine investment landscapes and the effectiveness of regulations and policy instruments that are designed to control them. We do this systematically and comparatively. Second we analyse the types of investment that are shaping housing markets and their impacts on people and places. We explore its sources, objectives, and designed outcomes.

The research meets an increasingly urgent need to develop better understandings of the complex relationships between markets, planning controls, and the quality of life of citizens in a context of escalating political tensions between different socio-economic groups and major global economic and social changes.",Housing & Urban; Governance & Policy; Economy & Development
Operationalizing One Health Interventions in Tanzania,4448E08C-B785-4ED4-8AE4-44F0EB7722CA,BB/S013857/1,Closed,Research Grant,BBSRC,581859,University of Glasgow,2019-02-15,2021-08-13,Alicia Davis,Alicia Davis (Co-I),"Endemic livestock zoonoses are important causes of human febrile illness and livestock productivity losses. Despite having major societal impacts in low- and middle-income countries, this group of diseases remains widely neglected. Although many of these infections can be treated, a lack of access to robust diagnostic tests means that many cases remain undiagnosed, which also limits access to effective treatment. Furthermore, prevention and control measures are often challenging as these diseases span both human and animal populations. This proposal aims to address several existing barriers and constraints to the design and development of interventions to mitigate zoonotic disease impact, focussing on areas of interventions that have the potential for both immediate and longer-term impact. 

Our project will focus on key areas of One Health intervention research to prevent and control zoonotic diseases in poor livestock-keeping communities in Tanzania: (i) interventions delivered through the medical sector to improve clinical management of cases of human zoonotic diseases; (ii) community-led approaches to develop potential behavioural and livestock management interventions; and (iii) interventions to control infection in animal populations that could be implemented by veterinary service providers. The project builds directly from earlier ZELS research in Tanzania that have demonstrated clear potential for application and impact. Our research will focus in pastoral livestock-keeping communities, which have the greatest risk of zoonotic infections and where the greatest social and economic impact of zoonoses interventions is likely to be. Previous research has also demonstrated that rates of disease are higher for small ruminants (goats and sheep) than cattle. Therefore, for animal interventions, we will concentrate on establishing capacity for interventions targeted at small ruminants and associated transmission pathways.

The work will involve linked research activities to develop disease-specific interventions against brucellosis and Q fever (caused by infection with Coxiella burnetii), alongside community-led strategies that have potential to reduce impacts across multiple pathogens. Medical-sector interventions will address the common problem of mis-diagnosis of zoonotic causes of febrile illness. Research will involve verification of existing human brucellosis diagnostic tests as a first step towards roll out across Tanzania and a healthcare utilisation survey to generate robust estimates of healthcare availability in pastoral areas. These research activities are explicitly designed to support the development of the National Strategy for Brucellosis Control in Tanzania. Community-based activities will involve novel participatory action research that engages community co-researchers alongside academic researchers to develop and implement behavioural interventions to reduce infectious disease risks. Animal interventions will focus on a C. burnetii vaccine trial to investigate safety and effectiveness at reducing shedding in local-breed goats in endemic settings. This study will generate baseline longitudinal on shedding and infection patterns that will inform development of transmission models and will be integrated with economic models to evaluate a range of potential intervention strategies. 

In addition to developing pathogen-specific interventions, our research activities will contribute to strengthening interdisciplinary capacity for One Health interventions that can be applied to a wider range of zoonoses. Our partnership with the Tanzanian One Health Coordination Desk (OHCD) in the Prime Minister's Office will ensure that the findings from this research will directly inform the Tanzanian One Health Strategic Plan through a series of stakeholder workshops to support knowledge exchange and effective communication with policymakers.",Health & Wellbeing; Economy & Development; Global Health
Opportunities for intervention and innovation in the UK School Food System: the GENIUS (Generating Excellent Nutrition In UK Schools) network,18D70CAE-8B15-4802-AD9E-F4F5B7406D0A,MR/S03756X/1,Closed,Research Grant,MRC,253593,Queen's University Belfast,2019-08-31,2022-09-29,Stephanie Chambers,Stephanie Chambers (Co-I),"Food provided in schools has a major influence on the quality of children's diets and has the potential to reduce inequalities in dietary intake between children according to their social or economic background. The quality of diet in childhood has been shown to impact on future development, educational achievement, health and well-being outcomes, and also influences diet in adulthood, as well as disease risk (e.g. diabetes, heart disease) in later life. There are differences in how schools arrange their food provision and what they serve, between schools and between countries in the UK, and this is not well understood. We propose a UK school food network (GENIUS), considering the food system across the preschool, primary and secondary schools, and including all school food provision, both within and outside the canteen. The aim of this network will be to work towards a more health-promoting food and nutrition system in UK schools. Objectives include the development of a network of academics and non-academics across the UK actively researching and influencing school food, the use of a range of novel research methods to understand the current UK school food system, and appreciate its complexities, and examination of similarities and differences and areas of best practice between the four nations of the UK. Finally, the network will explore opportunities for interventions that will positively impact on school food, improve the diet quality of children at school and reduce inequalities. The network will bring together researchers from a range of backgrounds including nutrition, epidemiology, public health, sensory science, health economics, health informatics, health psychology, education, planning and policy. Inclusion of project partners who are actively involved in the provision of school food from across the UK, including from local government, catering providers, pupils and parents, will make sure the work of the network is immediately useful and, together, this team of academics and non-academics will ensure the-development of research priorities and questions that are relevant in the school setting. This network will use a combination of workshops, working groups and funding of small projects to map the school food system and work together to develop research questions. Understanding the current food system and building this network of those interested in and working in school food will advance research and policy around the food environment in schools. Findings will be presented widely in both the academic and non-academic setting to make sure the findings have an impact. Funding applications will be developed based on the initial co-production of research questions and priority areas during network activities, working in partnership with policy makers and schools, and will sustain the network in the longer term.",Health & Wellbeing; Economy & Development; Governance & Policy
OptiWaSP - Optimised Walking Schoolbus Planning,C17C8177-9E70-4C4B-8AFC-16F45E176FD3,EP/W010240/1,Closed,Research Grant,EPSRC,219322,University of the West of England,2022-09-30,2025-09-29,Fiona Crawford,Fiona Crawford (Co-I),"Abstracts are not currently available in GtR for all funded research. This is normally because the abstract was not required at the time of proposal submission, but may be because it included sensitive information such as personal details.",
"Participation in the City: How Urban Participatory Innovations are Reshaping Democracy, Governance and Trust (PAR-CITY)",C168CABD-7F60-498A-B386-41498491BCDF,ES/Z000459/1,Active,Research Grant,ESRC,326175,Queen Mary University of London,2025-01-01,2027-12-31,Ross Beveridge,Ross Beveridge (Co-I),"In an era of eroding democratic freedoms and withering trust in electoral democracy, innovations in political participation are pivotal to democracy's survival in the 21st century. Cities have been a key source of urban participatory innovations (UPIs): new practices and mechanisms through which citizens inform and reshape democratic institutions. UPIs include both grassroots attempts to use physical (e.g. public squares) and digital (e.g. social media) urban spaces to build trust and reshape democracy, as well as institutional reforms such as open government and participatory design of institutions. Yet cities are also sites of political conflict and deep inequalities that express the failures of the democratic project. PAR-CITY brings together, for the first time, a unique interdisciplinary set of 25 researchers to examine how and why cities respond to the key democratic challenges of our times. PAR-CITY will undertake a relational comparison of 7 major cities (covering 4 regions across the global south and north): where we have existing empirical research and established teams. Each city has been chosen due to its promotion of one or more UPIs in recent years and will address the same central research questions in order to achieve three objectives. First, PAR-CITY will establish the empirical significance of cities for responding to the global challenges of democracy, governance and trust (DGT). Second, the project will examine the role of digital media, tools and technologies in eroding or strengthening DGT in large cities. Third, the project will advance concepts, models and theories of DGT through the central notion of UPI. At the end of the three-year period, the team will have shifted disciplinary landscapes by centering the role of cities and UPIs in studies of DGT, drawing new relations between disciplines and geographical contexts, producing a co-authored book, several journal articles and a digital platform.",Housing & Urban; Governance & Policy; Data & Digital
Participatory Futures,13DA0BEB-B2A9-4886-AB34-2C74756783E5,EP/T025034/1,Closed,Research Grant,GCRF,120735,University of Glasgow,2020-05-31,2021-09-29,Jude Robinson,Jude Robinson (Co-I),"The GCRF Challenge Cluster Participatory Futures directly addresses the challenge of Equitable Access to Sustainable Development as identified by the UKRI GCRF strategy: &quot;Partnerships should be transparent and based on mutual respect... equitable distribution of resources, responsibilities, efforts and benefits... recognising different inputs, different interests and different desired outcomes.&quot; As a central component to this challenge area, the proposed cluster looks to the Sustainable Development Goal 17, Partnerships for the Goals, to ensure that innovation and knowledge is shared between countries via strong global partnerships. This goal is gravely underrepresented in development-related research and yet critically underpins and determines the quality, impact and sustainability of outcomes of our research and practice. 

This project recognises the need for a critical examination of what we mean by partnership, how these are enacted within development practice, and how we might learn and enable the research community to &quot;partner better.&quot; The practices, tensions and experiences relating to the ongoing challenges of partnership working are largely overlooked in reports and papers of interdisciplinary, transboundary projects. Compounding this problem, the evidence of the impacts of &quot;projectitus&quot; (short-termism in planning without concern for the longer-term implications of research or interventions, and &quot;research fatigue&quot; amongst over-burdened communities), the examples of unintended detrimental consequences of well-intentioned research and of abandoned and failed initiatives and the rise of post-development literature as a response to the western dominated nature of development, continues to amass. 

Despite the increasing affluence and capacity of the Global North, people in the south still suffer disproportionately from disease, poverty, war, famine and climate change. We have come together in recognition that partnerships and participation represent a fundamental but complex component of all GCRF. We contend that without genuine and equitable partnerships at the foundations of our research, the potential impact, relevance, and sustainability of the research will forever be limited or negated. Partnerships not only determine the very design and implementation of research, but the outcomes. As innovation is a requirement of GCRF and part of wider research and development working, creating and maintaining successful and equitable partnerships is advantageous, leading to new insights and perspectives, engagement with harder to reach countries and populations, leading to new possibilities for sustainable impact. 

By moving partnerships to the foreground, the Participatory Futures Challenge Cluster will bring together strands of early successes and recognised failures in GCRF research to address the problem of equity in sustainable development. This project is fuelled by critical insights and analysis of completed and ongoing projects, and ultimately driven by a focus on proposition and solution. Phase 1 of the Cluster will include: (1) an ethnography of cluster projects to analyse partnership practices in terms of equity, participation, and impact; (2) a synthesise of research findings and outputs; (3) the development of a framework and proof of concept case study in accessible forms (written report, documentary, media); and (4) a transition pathway to tools of translation, education, impact, and influence to mainstream international research. These outputs predicate the objectives of a larger project (Phase 2) focused on rolling out this framework through concurrent projects led by different disciplines in multiple distinct regions beyond those reflected in this cluster.",Economy & Development; Health & Wellbeing; Inequality & Social Justice
Performing Arts and Social Violence: Innovating Research Approaches to Sexual and Gender-based Violence in the Global South,86DF2864-F327-4AA9-A01B-887D78CCFECA,AH/V005480/1,Closed,Research Grant,AHRC,119814,University of Sheffield,2020-12-07,2021-12-06,Laura Martin,Laura Martin (Co-I),"The project examines the use of the performing arts to gauge the extent to which comedy, theatre and dance can be harnessed to understand and address social violence, in this case sexual and gender-based violence (SGBV). It will seek to link the literature with a more practical engagement. Therefore, the project activities will consist of a comprehensive literature review, accompanied by 'live' elements, which will involve academics, performers, NGOs and policymakers from across the globe. 
The project will begin with a review of the state of the performing arts and their relationship to social violence, particularly SGBV and their impacts in different contexts. The second part of the project involves practical engagement. Our in-country Co-Is and local partners in South Africa and Sierra Leone will identify additional collaborators to engage with for a workshop in South Africa and a conference in Sierra Leone. With local comedians, dancers and theatre performers, we will use these different performative modes as a means to better understand and engage the extent and limitations of using the performing arts to engage with SGBV, and the differences and commonalities between theatre, dance and comedy in creating spaces for conversations about SGBV. 
The first workshop will take place in South Africa. In partnership with Clowns without Borders, project Co-Is will help co-produce and attend three activities. These will be organised in communities near Cape Town with a dance group, a theatre group and a comedy troupe with contents relating to SGBV. After each performance, the Co-Is will conduct focus group discussions with the communities to inform our reflection on these performances and preliminary research findings. 
The larger component of the scoping project will be a 4-day conference in Freetown, Sierra Leone. This conference will engage academics, practitioners and performers from different countries and disciplines. In partnership with Co-Is, the conference will be co-produced with Timap for Justice staff, SGBV activists and performers from Sierra Leone and South Africa, providing a valuable opportunity for capacity building by helping design the program contents and logistical support. 
The conference aims to be an interactive and immersive experience for participants. Following the South Africa workshop, the conference will involve participants attending and observing different groups of performers of theatre, dance and comedy, each related to SGBV, over the course of the first three days in Freetown communities. These sessions will be followed by large discussions with the communities, and then a follow up discussion amongst the conference participants and the performers about their observations and approach. Participants will be asked to reflect on these experiences and contrast them to their own experiences with different performing arts mediums in different parts of the world. These sessions will be the basis for an open access Special Issue in an interdisciplinary journal that will reflect on the ideas and performances at the conference. All publications will be co-authored, with people from the global south collaborating with those from the global north. In addition, we will produce a short film highlighting the performances and perspectives of participants. 
Importantly, owing to the uncertain implications of the COVID-19 pandemic for our work, we have built in contingency planning. For instance, if travel is impossible, we would conduct both the South Africa workshop and the Sierra Leone conference virtually in collaboration with our partners and Co-Is. The performances in both places would be live streamed and online discussions would follow. 
The scoping work in the project will, therefore, develop existing interdisciplinary work led by arts and humanities scholars and provide the basis for identifying new arts and humanities research directions that respond to the SDGs.",Culture & Heritage; Gender & Equality; Conflict & Security
Place-Based Programme Director,CEF8CBEE-D9D8-4675-87B3-954CF57380FD,AH/W007614/1,Active,Fellowship,AHRC,721540,University of Glasgow,2021-10-17,2027-03-30,Rebecca Madgin,Rebecca Madgin (PI),"The aim of the programme is to identify the most effective ways for AHRC to directly invest in the future, build on areas of strength and reach out to disciplines across and beyond the arts and humanities that have the potential to contribute to this area. This will be achieved through three inter-connecting work packages based on the objectives of 'scoping', 'identifying', 'communicating'.
The Programme will work with and cover the full range of arts and humanities disciplines as defined by the AHRC/UKRI.",Culture & Heritage
Planning for Nature Recovery: the role of spatial planning in preventing habitat and biodiversity loss,DD26E584-5B28-481E-B056-2F08A057D86B,ES/Z503459/1,Active,Research and Innovation,ESRC,822779,University of Sheffield,2025-03-03,2027-09-01,Andy Inch,Andy Inch (Co-I),"What is the problem?

Habitat and biodiversity loss are a global nature emergency, and urbanisation is a key driver.

With the UK now one of the most nature-depleted countries in Europe, governments have recently introduced policies for nature recovery that operate through spatial planning systems. We call this 'Nature Recovery Planning', and it employs new market-oriented logics to count, evaluate, and mitigate habitat and biodiversity loss.

From Autumn 2023, the English government will introduce Biodiversity Net Gain (BNG). Ecologists will assess the quality and quantity of the habitat destroyed due to development. Developers will then mitigate this loss either by creating areas set aside for nature recovery on the development site or by purchasing offsite biodiversity credits. In Scotland, recently introduced planning policies emphasise the need to consider 'natural capital' (the idea that nature has economic value and provides essential services to humans) but BNG is not mandatory.

However, at present, we do not have data on the extent of habitat and biodiversity loss associated with planning decisions under the previous and new policy regimes in either nation, which makes it difficult to evaluate the effectiveness of these new policies. We also do not know how much weight ecological considerations will hold compared to the other social, spatial, economic, and environmental objectives balanced by planning systems. Furthermore, it is unclear how the types and scales of mapping used for nature recovery and spatial planning relate to one another. Importantly, the introduction of new forms of ecological assessment raises wider theoretical questions about whose view of nature is conceptualised, counted and valued, and the democratic and social justice implications of these changes for key actors.

What will the project achieve?

This interdisciplinary project will provide the first analysis of Nature Recovery Planning in the context of wider spatial planning systems. It will generate:

The first robust quantitative ecological assessment of habitat and biodiversity loss associated with planning decisions in England and Scotland, comparing the effectiveness of emerging nature recovery policies with previous policy regimes.
A groundbreaking qualitative analysis of the weight and status granted to ecological considerations compared to other social, economic, and environmental objectives in spatial planning processes across England and Scotland.
A detailed study of the mapping processes of nature recovery and spatial planning, comparing their logics, studying the degree of integration between them, and exploring their impact on the production of urban and natural space.
The first in-depth understanding of the ways that emerging policy is changing the types of ecological knowledge and expertise that are valued in the planning system, exploring the social justice and democratic implications of the change for different actors in planning systems.
A series of recommendations to improve planning policy and practice to better respond to habitat and biodiversity loss.
We will produce robust interdisciplinary research that generates new, timely appraisals of this emerging policy approach, and is of academic relevance to scholars beyond planning studies, including environmental economists, conservation researchers, ecologists, geographers, and political ecologists. Findings will be of immediate interest to government policymakers, planning and ecology practitioners, conservation NGOs, and community groups, and the project has strong support from major national organisations in these areas. It will be supported by a match-funded Knowledge Exchange Associate, who will ensure findings inform policy and practice.",Governance & Policy; Environment & Sustainability; Economy & Development
Predictors of mental ill-health in mothers caring for a son or daughter with intellectual disabilities,FE21AAE4-F214-4F27-9ECA-7CCBF82D20CF,ES/P010539/1,Closed,Research Grant,ESRC,161606,University of Glasgow,2018-01-01,2022-07-30,Nicholas Watson,Nicholas Watson (Co-I),"An increasing number of parents in Scotland are continuing to care for their son or daughter with intellectual disabilities (an individual with an intellectual impairment and impaired social functioning which started before adulthood, with a lasting development) over a prolonged period of time. This is due to improvements in medical technology, health care, nutrition and the movement away from institutional to community care. While caregiving can be an extremely positive and rewarding experience, it can also have a negative impact on the mental health of parent carers at various points in the caregiving trajectory (i.e. across the life cycle - caring for a child (0-15 yrs), adult (16 - 54yrs), older adult (55+ yrs*) including after the death of a son or daughter with intellectual disabilities (described hereafter as 'post caregiving'). 

Small scale research suggests that mothers caring for a son or daughter with intellectual disabilities, as opposed to fathers and other carer groups, report poorer mental health potentially making them more susceptible to depression and anxiety. However, there is a dearth of robust research in this area. Scotland's Census 2011**, provides a unique opportunity to identify the mental health of mothers' caring for a son or daughter with intellectual disabilities. This is the only known whole population census in the world whereby mothers with a caring role can be identified, as can households with a child or adult with intellectual disabilities, enabling the individual characteristics of both mother and child to be linked. Scotland's Census 2011 will also be linked to information from different sources (routinely collected health records) to better understand the mental health of mothers at different stages of caregiving, including post caregiving.
 
Aims: To investigate the prevalence and determinants of mental ill-health in mothers caring for a son or daughter with intellectual disabilities, both overall and at different stages of the caregiving trajectory, including post caregiving.

Methods: The proposed study aims to take advantage of Scotland's rich informatics environment and datasets to benefit mothers caring for a son or daughter with intellectual disabilities and mothers post caregiving, through data linkage and secondary analysis of routinely collected health data. We will link datasets that tell us about: mothers self-reported mental ill-health (Scotland's Census 2011); use of medications for depression and anxiety (Prescribing Information System) and; hospital admissions for mental ill-health (Scottish Morbidity Records). It is also important to identify possible reasons for mental ill-health (e.g. socio-economic factors such as household structure, employment status, number of children in household), so these can be addressed. Linking these datasets will allow us to investigate how common mental ill-health is in mothers caring for a child, adult or older adult with intellectual disabilities or post caregiving, and additionally, compare this with matched women who do not have this caring role. 

The proposed study provides a highly cost effective method to address important and overdue questions on mental ill-health and will subsequently provide evidence to inform professionals to support mothers at pivotal points in the caregiving trajectory including post caregiving. It will also provide valuable insight on the impact of the broader social context on mental ill-health. 


* 'Older adults' are categorised as individuals 55+ years of age as it is generally accepted that individuals with intellectual disabilities, not just people with Down syndrome, show signs of premature ageing.
** Scotland's Census 2011: the only comprehensive consistent source of national and local data about people, their key characteristics, and household composition.",Health & Wellbeing; Economy & Development; Data & Digital
"Preventing gambling related harm in adolescents: developing a peer-led, social network intervention",CAC6262D-7864-4765-8E76-E92C18422EE3,MR/S019200/1,Closed,Research Grant,MRC,151621,University of Edinburgh,2019-07-31,2021-01-31,Gerda Reith,Gerda Reith (Co-I),"In 2007 the UK government introduced the Gambling Act, which meant gambling could be advertised across a much broader range of media (e.g. television, social media, newspapers, door drops and billboards). This exposure creates a concern that young people are growing up in a culture where gambling is normalised, especially if you are a sports fan. Research has shown that young people (aged 12-17) are aware of, and attracted to, financial incentives to gamble (especially if the advertising comes from celebrities) and gambling odds, but do not understand how they work (Pitt et al, 2016, Pitt et al, 2017). 

Research has also shown that an early age of the first gambling experience could result in gambling problems in later life (Rahman et al, 2012). In the UK a 2017 survey found that approximately one in ten 11-16 year olds had gambled in the past seven days. This means that more young people are gambling than smoking cigarettes (5%), (Gambling Commission, 2017). If young people start to experiment without understanding the potential harm caused by gambling they could experience gambling related harm (e.g. financial problems, relationship and emotional issues) in adulthood. This could not only affect them but other people around them. 

This study will create a secondary school programme (intervention) to protect young people from gambling related harm by giving them the skills and confidence to understand the ways they could be influenced by gambling advertising, the actual odds of winning and the potential harm from gambling. In doing so, it will help young people resist future harmful gambling activity and, if they decide to gamble, have a greater awareness of how to gamble safely, within their own limits, and recognise when gambling could be becoming a problem.

We will do this by adapting an existing secondary school, peer led programme called ASSIST that has been successful in protecting young people from smoking harm (Campbell et al, 2008). The adapted ASSIST will use social network analysis to identify opinion leaders ('peer supporters') who are trained in gambling related harm and then tasked with spreading the new information they have learned to people they know. The proposed intervention will be based on the four stage model used in ASSIST: 1) identifying peer supporters via 'peer nomination'; 2) peer supporters attend a two-day training course (away from school delivered by external trainers); 3) peer supporters have informal conversations with other students and record conversations in a paper diary; 4) follow-up sessions (n=4) delivered in school by external trainers.

There are currently no evidence based secondary school, peer led, social network programmes to protect young people from gambling related harm so this early phase study is very important to develop the intervention in collaboration with schools, young people, researchers and youth workers. The study has two parts. The first is about developing the intervention and evaluation tools. This means we need to spend time talking to lots of people and asking for their help to make sure that the training is fun and the messages we want peer supporters to spread are clear and easy to discuss. We will do this by talking to school staff, students, parents and experts who either: work with young people; have experience of delivering ASSIST; or understand gambling and young people. Once we have done this we will spend time drafting a training manual and all the resources required to deliver the intervention. We will then go back to the people we spoke to and ask for their feedback and make further changes. Then, in part two, we will test and evaluate the intervention in one school to see how it works in real life and make further changes. By the end of the study we will have a complete intervention manual, training materials and evaluation tools that can be tested in more schools.",Culture & Heritage; Global Health; Economy & Development
"Pride, shame and the civic imaginary: UK cultural festivals and the levelling up agenda",E38CA651-68B4-485F-AA82-1FEC594850D6,ES/X004139/1,Closed,Fellowship,ESRC,95177,University of Southampton,2022-09-30,2023-09-29,Michael Howcroft,Michael Howcroft (Fellow),"Civic imaginaries are the multiple ways in which individuals and collectives think, feel and dream about the futures of their places and communities. They reveal the potential qualitative avenues through which researchers might explore the everyday realities and understandings of local political cultures, and develop new questions to address the broader societal impacts of cultural festivals. Incorporating innovative, creative methodologies, working with civic imaginaries lies at the intersection of arts, humanities, political and social science research. By analysing the civic imaginaries of my PhD participants, I argued that Hull2017 exploited local histories and feelings to engineer an emotional atmosphere of pride in the city - a strategy of emotional governance which contributed to the uncritical acceptance of Hull2017 as a 'triumph'. In doing so, I showed that the correlation between civic pride and 'thriving' places is an assumed one, in need of further interrogation. I also found that: i) there are different types of civic pride, and not all necessarily evidence policy success; ii) civic pride is temporary and fragile - it is difficult to measure and it does not last very long. Given the emerging Levelling Up context and its promotion of pride through local culture, this work has proved to be timely, with potentially significant impact across academia, policy and practice.

This fellowship will allow me to expand and disseminate my knowledge of the civic imaginary and civic pride and their relationship with cultural festivals and UK political culture. Building on the approach and findings of my PhD, it will support new research of additional case studies: Coventry UK City of Culture 2021 and Birmingham Festival 2022 - the Commonwealth Games cultural programme - as well as analyse existing data regarding cultural festivals in the Bournemouth, Christchurch and Poole (BCP) local authority. The latter is chosen to consider the impact of smaller scale festivals on hyper-local imaginaries and political cultures and was a case study in my recent research associate post at the University of Southampton. Supplementing my PhD data, I will write this research into a monograph for the Routledge Critical Event Studies Series. I will also write an article to submit to the high impact, interdisciplinary journal Environment and Planning D: Society and Space based on the conceptual framework of my PhD. I will further present my work at the conferences of: the American Association of Geographers, the Political Studies Association, and the Regional Studies Association. I will also convene a panel at the Royal Geographical Society conference. These outputs will consolidate my publication record and allow me to present findings to a wide academic cohort.

Additionally, I will take this conversation about civic pride and 'Levelling Up' to a range of relevant industry stakeholders such as think tanks, cultural and local government bodies. As the UK government affirms its commitment to developing civic pride metrics in the technical annex to the Levelling Up white paper, this fellowship will contribute and critique that process, offering novel theoretical and methodological insights. The fellowship will also support my methodological skills through training in quantitative and mixed-methods research. These will help me become a more rounded and flexible researcher, putting me in good stead for securing competitive research funding. They will also enable me to teach research methods courses, thus boosting my employability. Finally, I will seek the advice of my mentors to lay the next steps in my academic career, such as reviewing job opportunities and application materials for fellowships and lectureships.",Culture & Heritage; Governance & Policy; Housing & Urban
Protecting Minority Ethnic Community Online (PRIME),CA9C65F0-F7AB-4218-878E-828F4093EF48,EP/W03235X/1,Closed,Research Grant,SPF,315773,University of Glasgow,2022-03-31,2025-03-30,Mark Wong,Mark Wong (PI),"Abstracts are not currently available in GtR for all funded research. This is normally because the abstract was not required at the time of proposal submission, but may be because it included sensitive information such as personal details.",Data & Digital
Providing the 30% recycled content for food packing (PFP): An integrated stakeholder approach to solving 'hard to recycle' plastic packaging,2B0C0896-41E1-4651-BCE3-D07AA2970C00,NE/V010751/1,Closed,Research Grant,ISCF,458436,Brunel University London,2020-11-01,2023-11-30,David Smith,David Smith (Co-I),"The COVID-19 pandemic has exacerbated the problem of plastics in the environment, impacting on waste management across the UK, EU and globally. We have seen increased demand for single use plastics for public health purposes, disruptions to the usual distribution pathways and variations in reuse, recycle and retention which are all vital to developing a circular economy. As countries begin to ease lockdown restrictions it is likely that citizens will face greater pressures in managing their waste with potentially more home based working, less travel and socialising and increased single use plastic packaging (e.g. medical equipment, customer avoidance of 'loose' retail products).

An explosion of interest in the ongoing problem of plastic waste has seen a diverse range of solutions being proposed. Recently we completed the PRISM project (2015-18) with a number of industry leaders that has shown a real and sustainable proof of concept that promises to be a significant part of the solution to this problem.

We will address the automatic sorting of waste plastic containers used in food and non-food grade applications as is partially done at waste recycling plants. Current automated near infra-red sorting techniques are unable to identify food grade from non-food grade packaging which consigns high value polymer resins into low grade; non food grade uses or worse still, landfill and incineration. We will enable a low cost labelling system suitable for commercialisation, to make this sorting a reality; support the long term viability for closed loop sorting of these materials (PP, PE, PET, e.g. plastic milk bottles, drinks containers to household detergent bottles). Previously our consortium demonstrated a labelling system that can be used for high speed sorting of various crushed plastic bottles at high belt speeds with high purity and high yield which has received a great deal of interest from global brands. 

To commercialise this proof of concept it is desirable to optimise the luminescent materials that will be taken forwards so we will develop a sustainable low cost luminescent marker system using low toxicity and environmentally safe materials, thus lowering any commercial barrier to enter the market.

Once this technology is proven then we will be in a strong position to seek wide implementation of our technology and run full scale field trials with major brand owners facilitated through our NextlooPP partner. This transformative project will have the effect to reduce inappropriate plastics disposal and increase recycling rates by increasing the monetary value of the recycled material. This will address the Plastics Pacts objective of 30% recycled content by finalising the underpinning luminescent labelling technology to be implemented. Implementation of this technology into the NextlooPP process will facilitate the availability of rPP granules for food, cosmetics and lower grade applications thus reducing the demand for virgin polymer. 

Tackling the systemic problem of plastic waste effectively cannot be achieved through purely technical means and our research offers fresh insights into people's perspectives on recycling and how consumers (UK, Spain, Germany) engage with surface markers on plastic packaging in their households, a neglected but important site for managing waste. This project thus moves beyond the technical infrastructure of waste management and design of products to address people's perceptions and behaviour with plastic packaging in their every day life and how their perceptions and behaviour might have changed in light of COVID-19.
This ambitious project will thus help position the UK at the forefront of innovation in sorting hard to recycle plastics and offers fresh insights by integrating technical, business, policy and consumer focused elements to ensure that we are in alignment with stake holders all across the plastic packaging supply chain.",Global Health; Health & Wellbeing; Economy & Development
Quantitative network analysis of appointment diaries,F7E8B615-10D7-49BE-AF8E-4E14C92FD44B,ES/R009236/1,Closed,Research Grant,ESRC,198996,University of Glasgow,2018-12-01,2020-11-30,Mark Tranmer; Neil Rollings,Mark Tranmer (Co-I); Neil Rollings (PI),"Research on diaries, while well-established across the social sciences and humanities, has either focussed on the narrative content of unsolicited personal diaries, or on their solicited use as a research tool. Appointment diaries have received little attention to date. Using quantitative methods provides a means of exploiting the mass of data available in such sources in a systematic way for the first time. This will create a novel form of individual biography, or collective biography when the individual diaries are linked together.

This approach will be applied to three illustrative cases: the appointment diaries of Margaret Thatcher (covering 1962-90), those of Harold Wilson (covering 1958-60 and 1966-88) and the private office diaries of ministers and permanent secretaries in the Department of Trade and Industry (DTI) 1986-93. The first two cases provide long series of diaries which allow a clear understanding of career development on their paths to being Prime Minister and thereafter. The third case, which includes Lord Young, Francis Maude, John Redwood, Neil Hamilton and Alan Clark, provides a consistent set of diaries for a group of individuals allowing a more collective form of biography of the department. This can also be linked to the records of Margaret Thatcher and will illustrate the nature of political relationships within the government and with wider society, in particular, with business. In addition to creating a novel form of biography, the research will inform a range of debates about the Thatcher governments, the role of Prime Minister, the everyday life of ministers and the networks in which they operate from a unique perspective.

From the experience of working with these individual cases it will be possible to draw up a template for other social scientists interested in exploiting this previously unused source. The project is timely because with the now widespread use of electronic diaries analysis of this type of information has become much more straightforward. The third case, that of the DTI ministers has been selected in part because these records were created as an early form of electronic diary system. This will provide insights into 'born-digital' records (those created from origin in digital form). The preservation and use of such born digital records is a key issue facing archivists and historians at the moment and so analysis of these records can inform and engage with this subject and the community addressing it. It will also provide timely insights into the analysis of such records given the spread of electronic diaries in the workplace and for the individual. To this end, links have been established with archivists, notably at the National Archives.

Indeed, one of the wider impacts envisaged by the project is to explore the potential for the use of electronic appointment diaries as a resource for understanding career development and networks of relationships relevant to individual and organisational performance. In consultation with the Chartered Institute for Personnel Development the project team will address the possible development of a research tool which could be applied by individuals and organisations to their appointment diaries. 

This project, bringing together an historian who is a recognised expert in the use of contemporary archival sources with a similarly recognised quantitative social network analysis expert, will transform a source of information presently largely ignored into a key research tool for understanding individuals' career development and the networks within organisations. It will open up a new research field with potential applications across the social sciences and humanities. It will inform the current discussions on working with digital records and provide an evaluation of the potential for its application more widely across society.",Economy & Development; Data & Digital; Governance & Policy
RUDE: The Rural-Urban Divide in Europe,971039A4-3AF8-47A4-9A9E-63F0720C1F96,ES/XX00056/1,Closed,Research Grant,ESRC,243836,Goethe University Frankfurt,2021-01-01,2023-12-31,Christopher Claassen,Christopher Claassen (Co-I),"Rising populism and polarization, coupled with declining democratic legitimacy, all point toward a
crisis in European democracies. This crisis has a regional dimension: a political and perhaps cultural
divide between rural and urban areas. The project examines whether and how urban-rural
residency is related to divides in legitimacy beliefs, social identities, perceptions of injustice and
threat, political and social attitudes and political behavior of European citizens. It explores
“Democratic governance in a turbulent age” from different thematic angles. First, it deals with
shifting identities and their consequences for democratic governance and political representation
(theme 4). Stable cleavages only emerge when struggles for identity are accompanied by
perceptions of social inequality and unfair resource distribution (theme 1). Second, it examines the
role played by globalization: increasing rural-urban economic divides create social status threats
which exacerbate rural-urban political divides (theme 2). The project will combine a broad
comparative study of all European countries with an in-depth analysis of five established European
democracies. The project will result in the provision of significant new evidence on rural-urban
disparities in European politics, which will allow us to examine the consequences of – and cures for
– the current crisis of democracy, thereby engaging both academic and policymaking audiences.
The coordination of the project, setting of the agenda, and the timely delivery of work packages
will be the responsibility of the Frankfurt team. In particular, the project will be coordinated by
holding five internal workshops and using a shared cloud server.",Governance & Policy; Housing & Urban; Culture & Heritage
Rapid Sperm Capture,BE55E416-7E9F-4756-A4C0-31B36121F148,EP/N021096/1,Closed,Research Grant,EPSRC,958032,University of Birmingham,2016-06-30,2022-06-29,David Smith,David Smith (PI),"Infertility, not being able to conceive after a year of trying for a baby, affects around one in six couples. Problems with sperm - for example low numbers of rapid swimming sperm, or poorly-formed sperm (which may have damaged DNA) contribute in around half of all cases. Therapies such as IVF, or ICSI (injection of sperm into an egg) are used to treat sperm-related problems, however they are ineffective, are very expensive and put physical and emotional strain on the couple, particularly the woman. Worryingly, using sperm with damaged DNA may contribute to miscarriage or health problems in any resulting children. Some patients would be better off continuing to try for a baby naturally, but with some lifestyle changes (stopping smoking, improving diet), or with a less invasive treatment (insemination into the womb). Other patients should be quickly moved to IVF, some will only conceive through ICSI. The difficulty with treatment decisions is that methods to determine the type and severity of sperm problems are imprecise. The main methods are manually 'counting' swimming sperm, and drying them out on a slide to examine their shape. This does not take advantage of the huge leaps in computer and camera technology made in recent years - indeed even 1980s 'Computer-Aided Semen Analysis' methods are not generally used in clinics (partly because of their unsatisfactory accuracy). Think of the technology in a typical smartphone - a high definition (possibly rapid framerate) camera, pattern recognition, and high volume data processing/storage - this is the type of 21st Century technology that needs to be brought into the fertility clinic.

We will develop a new way to examine sperm, using both rapid digital camera imaging, and computer-based pattern recognition. The aim will be to be able to automatically, accurately and repeatably examine a semen sample, collecting simultaneous data on how cells swim, and what their shape is like. The target of this technique will be to look for the 'special' few cells that have the right shape, and can swim well - so that in natural fertilisation they would be able to travel through the cervix, womb and fallopian tubes and fertilise the egg. 

There will be a number of practical issues that will need to be solved. For example, do we need to make the cells fluorescent so we can see their shape better, or can we achieve our aims with a 'standard' type of microscopy? Can we work with samples at any concentration, or do we need to dilute them to recognise the cells properly? Should we use a 'micro-fluidic' chamber to separate out the swimming cells first - and should we use a high viscosity ('sticky') fluid that better represents the physical challenge sperm face in the female reproductive tract? 

A key question will be how to convert the large volume of information we can measure into information that doctors and patients can make use of. We will apply a type of machine learning based on prototypes, representations of typical types of patients based on the many 'features' we can extract from rapid sperm videos. These prototypes will be progressively modified as more patients come through the system, making the model more accurate. In the long term the possibility of integrating the large volume of data through a model we can train will lead to a very powerful way to bring together clinical information nationally or even internationally. 

As the system makes its way into real application, patients will receive the right treatment more quickly, saving resources, patients will have a less difficult experience of fertility treatment and will achieve success more quickly. A longer-term benefit will be by helping clinical research and toxicology - the system will provide researchers with a powerful method to test new advances in fertility treatment, for example drugs, lifestyle changes, and they will also be able to check for unintended sperm-toxic effects of other chemicals.",Data & Digital; Health & Wellbeing
Real Estate Adaptation and Innovation within an Integrated Retailing System,0C87C79F-B649-4E6C-A395-12A5AB2C66D7,ES/R005117/1,Closed,Research Grant,ESRC,514394,University of Glasgow,2018-09-30,2022-06-29,James White,James White (Co-I),"The retail sector is crucial to the economic health and vitality of towns and cities and is a core component of the national economy, but is experiencing an ongoing period of change and the challenges faced by centres are being met in different ways, with different outcomes. Consumers are behaving, shopping and using urban centres in new and diverse ways and many retailing centres have experienced falling footfall, retailer closures and a rise in empty retail units. In an attempt to reverse the cycle of decline, centres need to be multi-functional places and policy-makers are encouraging more mixed use development. Large-scale mixed-use re-development of obsolete stock, novel temporary land uses, events and public realm works are being used to try to make urban centres more attractive and increase their competitive edge. Yet, not everyone is experiencing the benefits of these changes. Mistrust, tension and conflict can arise from land use changes and become barriers to further renewal and change, limiting the effectiveness of these &quot;town centre first&quot; policies. A recent ESRC-funded study undertaken by researchers at Manchester Metropolitan University blamed these tensions and lack of co-operation as significant contributors to the continued declined of retailing in many centres (Parker, 2015).

This project seeks to explore one of the largest stakeholder groups within the sector. The objectives and behaviour of land and property owners, developers and investors are significant to the use and form of retailing centres. The project explores how ownership and the behaviour of this stakeholder group impact on the sector, by exploring issues around changing ownership and use patterns; innovations in design form; the ability of the industry to respond to change; and the ways the group engages and interacts with other stakeholders in urban centres. Thus, it aims to examine how their expectations, perceptions, practices and co-operation help or limit experimentation with new uses, building types and designs.

The research will explore issues around: whether retailers and landlords in city centres are becoming more or less diverse; whether new design formats, flexible uses and large scale redevelopments can help struggling centres; the extent to which established practices and procedures in the real estate market encourage or even hinder new uses; and whether stakeholders can work together in better ways for the future health of town and city centres. These issues will be examined using five case study cities over the period 1997-2017: Glasgow, Edinburgh, Liverpool, Sheffield and Nottingham.

The project will bring together different data that has not been available previously, to map, measure and identify any links between changes in land and building use, vacancy and ownership over the last 20 years. It will analyse and identify new developments and novel land and building uses and designs and, by talking to developers, designers, planners and occupiers, the researchers will identify the factors shaping these changes and how they impact on cities and shoppers. The project will examine established real estate market practices, such as lease lengths, rent review terms, repair obligations and use clauses to see how adaptable the industry is to change when shoppers and retailers want new and unusual property uses and forms. Finally, the researchers will talk to different centre users, managers and owners to explore how relationships might work well or badly and identify good practice for the creation of new developments and adaptions to the existing building stock to help the retail sector in cities.",Housing & Urban; Economy & Development; Governance & Policy
Repair and Repurposing for Pandemic Resilience in Low Income and Humanitarian Settings,69C388AE-0CC3-4B1F-B2DC-7DF5833933B3,AH/V006533/1,Closed,Research Grant,GCRF,104900,University of Edinburgh,2020-09-06,2021-09-05,Jamie Cross,Jamie Cross (PI),"There is an urgent need for new research to inform the design response to overlapping refugee crises and the SARS-CoV-2 (COVID-19) pandemic in countries across Sub Saharan Africa, including Burkina Faso. Burkina Faso is currently experiencing an unexpected escalation of conflicts, human rights abuses, threats to human security and peace building, coupled with unanticipated large scale forced population displacement, and an unprecedented public health emergency. Global disruption to supply chains for electrical and electronic technologies and components as a result of restrictions to transportation and shipping is restricting the distribution of essential humanitarian energy technologies. Against this backdrop the repair and repurposing of old technologies and systems, as well as the continued maintenance of existing humanitarian technologies is an urgent and essential humanitarian task; one that requires the mobilisation of locally situated repair cultures (skills, knowledge and practices) as well as the local sourcing of spare parts and components. In partnership with the UNHCR's Innovation Service and Chatham House this research project sets out to address a significant knowledge gap about the extent, significance and potential role of repair in meeting people's basic needs.",Health & Wellbeing; Global Health; Migration & Citizenship
Resilient dairy: socio-technical innovation for dairy resilience and sustainability,CC310446-ED0F-41B9-9E48-8666A021A6A7,BB/R005680/2,Closed,Research Grant,BBSRC,191423,Scotland's Rural College,2020-12-07,2022-01-06,Gavin Stewart,Gavin Stewart (Co-I),"This project will explore new ways to make dairy systems better for the natural environment and farmers' livelihoods, while maintaining the long-term supply of dairy products at reasonable prices in the face of unpredictable challenges like climate change. 

We will do this by combining the latest natural, social, biological and veterinary science with industry expertise and experiential farmer knowledge, to devise and test innovations that could increase the resilience and sustainability of dairy farming in a rapidly changing world.

THE CHALLENGE

The UK alone has the tenth largest dairy sector in the world, producing 14 percent of the EU's milk and representing over two per cent of global milk production. A sustainable dairy industry must improve or maintain water, biodiversity and soil quality, meet social expectations, offer farmers a livelihood and provide accessible and affordable dairy products to consumers. However, a number of important changes threaten the long-term future of the sector. 

The UK dairy industry has suffered from low and sometimes negative profit margins in recent years, worsened by high input costs, competition between retailers, global oversupply and, since 2014, Russian dairy import bans. Dairy production depends on nature but, if poorly managed, can erode the natural capital upon which it depends, for example by polluting rivers. Dairy systems also use a lot of water, and so are vulnerable to reductions in water availability and quality caused by climate change, and they are also vulnerable to the introduction of new animal diseases transmitted by ticks or insects. In order to make systems resilient to these future changes, and to make them sustainable and socially responsible, we need to understand the complex links between dairy production, animal health, and the natural ecosystems upon which they depend. 

OUR APPROACH

We will do this by investigating a range of innovative, practical measures developed with, and applied by, major players in the dairy industry in collaboration with dairy farmers in the north of England and south of Scotland, that are designed to improve animal health and milk production while improving the natural environment. This will include the use of new pricing models being piloted by Nestle that reward more sustainable production decisions and enable farmers to adapt more effectively to future change, so guaranteeing the long-term supply of dairy products to manufacturers. We will also investigate a range of other innovative interventions, which we will develop in collaboration with farmers and other stakeholders, for example new techniques for loosening compacted soils and methods from precision agriculture. With the possibility of a post-Brexit reduction or cessation of direct payments to dairy farmers it is critical and timely to improve both financial and environmental sustainability in the sector. 

The project combines cutting edge social, economic, natural, biological and veterinary science to identify and test new approaches in close collaboration with industry partners in the UK. The work will provide evidence to the devolved administrations, Defra (notably feeding into their two forthcoming 25-year plans) and the third sector to inform post-Brexit policy on food, farming and environmental policy, and will support the Government's role in providing early warning of major, notifiable or new and emerging animal diseases in the dairy sector. We will use computer models and an international stakeholder network to identify lessons for the industry internationally.",Economy & Development; Environment & Sustainability; Governance & Policy
Resilient dairy: socio-technical innovation for dairy resilience and sustainability,125163F4-C417-4549-BB22-C4E9E0F3FBC3,BB/R005680/1,Closed,Research Grant,BBSRC,673306,Newcastle University,2018-01-01,2020-11-30,Gavin Stewart,Gavin Stewart (Co-I),"This project will explore new ways to make dairy systems better for the natural environment and farmers' livelihoods, while maintaining the long-term supply of dairy products at reasonable prices in the face of unpredictable challenges like climate change. 

We will do this by combining the latest natural, social, biological and veterinary science with industry expertise and experiential farmer knowledge, to devise and test innovations that could increase the resilience and sustainability of dairy farming in a rapidly changing world.

THE CHALLENGE

The UK alone has the tenth largest dairy sector in the world, producing 14 percent of the EU's milk and representing over two per cent of global milk production. A sustainable dairy industry must improve or maintain water, biodiversity and soil quality, meet social expectations, offer farmers a livelihood and provide accessible and affordable dairy products to consumers. However, a number of important changes threaten the long-term future of the sector. 

The UK dairy industry has suffered from low and sometimes negative profit margins in recent years, worsened by high input costs, competition between retailers, global oversupply and, since 2014, Russian dairy import bans. Dairy production depends on nature but, if poorly managed, can erode the natural capital upon which it depends, for example by polluting rivers. Dairy systems also use a lot of water, and so are vulnerable to reductions in water availability and quality caused by climate change, and they are also vulnerable to the introduction of new animal diseases transmitted by ticks or insects. In order to make systems resilient to these future changes, and to make them sustainable and socially responsible, we need to understand the complex links between dairy production, animal health, and the natural ecosystems upon which they depend. 

OUR APPROACH

We will do this by investigating a range of innovative, practical measures developed with, and applied by, major players in the dairy industry in collaboration with dairy farmers in the north of England and south of Scotland, that are designed to improve animal health and milk production while improving the natural environment. This will include the use of new pricing models being piloted by Nestle that reward more sustainable production decisions and enable farmers to adapt more effectively to future change, so guaranteeing the long-term supply of dairy products to manufacturers. We will also investigate a range of other innovative interventions, which we will develop in collaboration with farmers and other stakeholders, for example new techniques for loosening compacted soils and methods from precision agriculture. With the possibility of a post-Brexit reduction or cessation of direct payments to dairy farmers it is critical and timely to improve both financial and environmental sustainability in the sector. 

The project combines cutting edge social, economic, natural, biological and veterinary science to identify and test new approaches in close collaboration with industry partners in the UK. The work will provide evidence to the devolved administrations, Defra (notably feeding into their two forthcoming 25-year plans) and the third sector to inform post-Brexit policy on food, farming and environmental policy, and will support the Government's role in providing early warning of major, notifiable or new and emerging animal diseases in the dairy sector. We will use computer models and an international stakeholder network to identify lessons for the industry internationally.",Economy & Development; Environment & Sustainability; Governance & Policy
Resisting Racial Capitalism in the City,1863B28E-C246-4058-8359-EB1F76A60D3D,UKRI2792,Active,Research and Innovation,ESRC,56399,University of Glasgow,2025-09-29,2026-09-29,Tilman Schwarze,Tilman Schwarze (PI),"Based on archival research, this project will analyse a key moment of collective community resistance and grassroots activism against the destruction of a historic building and important space for African-American culture on Chicago’s South Side: The South Shore Cultural Center (SSCC) (known as the South Shore Country Club until 1974). In particular, the project examines the role of the Coalition to Save the South Shore Country Club (CSSSCC) (1977-1986) in preserving the building, focusing on how their struggle against the demolition of the Club comprised an important moment in resisting austerity politics under racial capitalism in Chicago. In 1977, the Chicago Park District (CPD) wanted to demolish the building, three years after it had purchased it, because it was too expensive to maintain it under Chicago’s austerity politics at the time. In response, Black middle-class individuals from the South Shore community formed the CSSSCC. It began an extensive grassroots campaign against its closure, particularly emphasising the cultural wealth of Black communities which public and media representations portrayed as culturally deprived in post-war America (Lieberman 2019).
Ultimately successful in its fight, the Coalition disbanded in 1986 and today, the SSCC is an important community space for cultural events and activities on Chicago’s South Side. Today, the same community is, however, once more fighting a similar fight to preserve public park space surrounding the SSCC. In 2016, the Obama Foundation and the city of Chicago announced that they would build the Obama Presidential Center (OPC) into the area which included a proposal to privatise and redevelop two public golf courses surrounding the SSCC into a Championship PGA golf course to be managed and owned by Tiger Woods. In response to this plan, residents have come together to oppose this privatisation of public park space for the golf course development and to demand their right to public space.
The aim of this project is to identify how the CSSSCC was successful in its fight against the Park District and how lessons for current grassroots activism against the privatisation and commodification of public space can be learned from the CSSSCC. Three research questions undergird this project:

What political strategies did the CSSSCC use to preserve the SSCC?
What challenges did the CSSSCC encounter in its struggles and how did the coalition manage to overcome these?
What lessons can be learned from the CSSSCC’s fight for today’s grassroots activism against the privatisation and commodification of public space?

Methodologically, this project builds on archival research. The Chicago Public Library has a collection on the CSSSCC which includes&nbsp;meeting minutes, financial and fund-raising records, community programming materials, and public relations documents between the 1970s and 90s. Through archival research, the project will reconstruct the political strategies that undergirded the CSSSCC’s campaign. Theoretically, the project is grounded in research on resistance against racial capitalism, particularly focusing on how such resistance becomes articulated through the defence of Black city space against privatisation and commodification under racial capitalism. The project will add to this research through a historical analysis of the CSSSCC that is not simply concerned with describing past community activism, but, crucially, with deciphering how lessons can be learned for current efforts to maintain public space in a racially marginalised Black community. An elaboration of how this will be achieved can be found below.",Culture & Heritage; Housing & Urban; Conflict & Security
Responding to the Covid-19 domestic abuse crisis: developing a rapid police evidence base,88A1734D-870A-4FD8-88FC-587FA99704D6,ES/V007033/1,Closed,Research Grant,COVID,142348,"City St George’s, University of London",2020-06-14,2021-12-14,Kelly Johnson,Kelly Johnson (Co-I),"The proposed project provides a near real-time evidence base to inform the police approach to the apparent surge in domestic violence and abuse (DA) triggered by the Covid-19 lockdown in the UK.
Police case file data from seven diverse police forces are pooled to track the impact of the pandemic on DA, analysing changes in the risk factors, frequency, nature and profile of DA reported to police. These changes are mapped closely to shifts in the restrictions imposed during lockdown, transitional phases and post lockdown, when DA calls to police are expected to spike. The proposed study is the largest and most rigorous analysis of police DA case file data conducted anywhere in the world to date. 
The statistical analysis is complemented by regular focused semi-structured phone interviews with police officers, to identify emerging challenges and best practice in the frontline response to DA. The mixed-methods study addresses urgent questions on the impact of Covid-19 on DA, which may have significant implications for the complex task of accurate police risk assessment, victim safeguarding, and criminal prosecution as the Covid-19 pandemic evolves. 
The Home Office, the National Police Chiefs Council (NPCC), and College of Policing (CoP) are project partners and constitute direct links to critical decision-makers and provide direct routes to impact. A timely and evidence-based development of a police strategy is urgently needed to address the emerging DA crisis and its devastating, long-lasting consequences for victims and their children.",Global Health; Health & Wellbeing; Data & Digital
SPEEDIER - Surveillance integrating Phylogenetics and Epidemiology for Elimination of Disease: Evaluation of Rabies Control in the Philippines,2B2BABA3-3D12-4B29-A003-B31EF936C220,MR/R025649/1,Closed,Research Grant,MRC,404647,University of Glasgow,2018-09-30,2023-03-30,Sally Wyke,Sally Wyke (Co-I),"Rabies, a horrific but preventable disease, kills over 200 people annually in the Philippines. The National Rabies Prevention and Control Program in the Philippines has catalysed rabies control efforts with some provinces now aiming to declare freedom from disease. However, incursions and outbreaks continue and human deaths still occur. While improved postexposure prophylaxis (PEP) access has reduced mortality, it has proven expensive. Indeed rising PEP use has put a strain on local and national budgets, even as rabies circulation has declined, raising the question of how these efforts can be sustained. Meanwhile, routine rabies surveillance in the Philippines has major shortcomings and is not sufficiently sensitive for international agencies to recognize rabies free areas or to rapidly respond to incursions which remain a risk while rabies circulates in other provinces. As a result, surveillance measures need strengthening and use of PEP needs rationalizing for the Philippines to fully benefit from rabies control measures that are currently underway.

Our overarching aim is to deliver a cost-effective, epidemiologically robust surveillance package that can be rolled out across the Philippines to guide and sustain the elimination of canine rabies. Through implementation research we will develop best practice for an enhanced surveillance approach using Integrated Bite Case Management (IBCM) as a strategy to detect rabid animals, with risk assessment of bite patients triggering epidemiological investigations. IBCM has been identified as a potential strategy that can sufficiently enhance surveillance to enable verification of rabies freedom by international organizations and rapid detection of incursions for effective outbreak responses to maintain rabies freedom. Operationalizing IBCM as a key component of enhanced surveillance will have immediately beneficial applications within the Philippines and is of critical importance for the global campaign to eliminate human rabies deaths by 2030.

IBCM has also been demonstrated as an effective way to improve PEP administration, ensuring at risk persons are treated and unnecessary PEP use is reduced. Within our implementation study, we will conduct a pragmatic stepped-wedge cluster randomized controlled trial to evaluate the potential for cost savings and improved patient care through rationalized PEP. We estimate that if implemented effectively, rationalized PEP could save over $9 million every year in the Philippines.

Focusing on the low socio-economic class provinces of Romblon, Occidental Mindoro, and Oriental Mindoro, that include geographically isolated and disadvantaged communities, SPEEDIER will provide learning opportunities to local health and veterinary professionals and support communities to attain disease freedom, contributing to the Philippines developmental goals (2014 Kalusugang Pangkalahatan ('Universal Health') Road Map). Integrated, intersectoral, surveillance and response systems are advocated by international agencies, but rarely operationalized in resource-poor settings. Using our detailed epidemiological understanding of rabies and experience of deploying new technologies, we will develop an integrated surveillance and response system that enables effective working between sectors at multiple scales of governance. This is important; international agencies like the World Health Organisation and the World Organisation for Animal Health recognize the essential need to develop effective surveillance and sustainable approaches to guide rabies elimination programmes. The tools and best practice produced by SPEEDIER will therefore be invaluable for the global target to achieve zero human rabies deaths by 2030.",Data & Digital; Health & Wellbeing; Governance & Policy
Scottish Election Study 2016,1F4EF41A-FD59-40ED-9BF8-844E55434D8F,ES/N018060/1,Closed,Research Grant,ESRC,473439,University of Edinburgh,2016-04-30,2021-12-31,Christopher Carman,Christopher Carman (Co-I),"In May 2016 Scottish residents aged 16+ will vote in the fifth election to the Scottish Parliament. This takes place a year after the UK General Election in which the SNP won all but three Scottish seats, and 20 months after a referendum in which support for independence rose to 45%, a figure surpassed in some recent polls. This election provide an opportunity to explore long-term electoral realignment in Scottish politics, the specific impact of the referendum, and youth electoral engagement following the extension of the franchise. In addition we will address more habitual concerns about the impact of campaigning or opinion polls and the predictors of vote choice.

We will conduct an online survey before the election to identify the factors influencing vote intention, and return to the same respondents in an immediate post-election survey to identify how and why people voted the way they did. Via this panel design, we can determine how intentions translate into behaviour and see how expectations influence reactions to the election result. The pre-election survey will be conducted across the last four weeks of the campaign to capture reaction to campaign events and polls. In addition, we will collect data on campaigning through a survey of party agents, interviews with party officials, and data on leader visits and campaign spending. We will also collect data on opinion polls from January 2016, tracking these alongside the campaign survey data to assess the impact of these polls.

Primarily we are interested in exploring whether and how individuals decide to vote, how this process might be shaped by factors distinct from UK general elections, and also whether previous models of voting behaviour in devolved elections are still able to account for partisan preferences after the referendum. We will not only link preferences in the 2016 election to past voting behaviour in devolved and UK elections but also probe opinion on two wider issues: constitutional change in the UK (in England as well as Scotland) and the possibility of British exit from the EU. In each case, we can examine how this relates both to partisan preferences and campaign strategies in the 2016 SP elections.

Throughout we will locate Scottish findings within a comparative context through our collaboration with the 2016 Welsh Election Study team, with whom we will conduct a Massive Open Online Course on the devolved elections. We will also include a core of questions from the comparative Making Electoral Democracy Work project, which to date has conducted sub-state surveys in five states . Our project will provide the first UK data for analysis within this comparative project. Our research questions, discussed in detail in the case for support, relate to contested theories of voting behaviour in elections. We focus on the extent to which voting behaviour is a function of identity, issue positions (especially on the independence question), ideology, evaluations of government performance, and leader preferences. We draw on a rich body of research on Scottish voting behaviour, much of which has been generated by previous Scottish Election Study data. 

We are eager to contribute to public debate and to facilitate engagement with the research process. We will hold consultation events before the survey begins, will invite academic researchers and school students to suggest survey questions, will provide the data in a format that is easy to analyse online and will employ a communications team to reach key stakeholders. Online research facilitates the quick release of research findings so that we will be able to contribute to wider debates about the election result. We will conduct briefing events and produce briefing papers as well as generate top quality academic research for journals and a monograph targeted at a top university press. We will also hold capacity building events to facilitate access to data for secondary school and university students.",Governance & Policy; Data & Digital; Culture & Heritage
Scottish Election Study 2021-2025,3D199243-BABD-47C9-BAF3-C2625E497855,ES/V01000X/1,Active,Research Grant,ESRC,965005,University of Edinburgh,2021-02-01,2026-08-30,Christopher Carman,Christopher Carman (Co-I),"The sixth election to the Scottish Parliament is scheduled for 6 May 2021. Scottish elections were already seen both as important and as national elections; since the independence referendum in 2014 they have taken on added significance for Scotland's future. We therefore propose the Scottish Election Study (SES) 2021-25: both a national election study for this key contest and an opportunity to track opinion into and beyond the election.

Two decades of studying Holyrood elections have generated several findings. First, of course, voting in Scotland has become closely aligned with support for independence. Second, this is not the whole story. Other factors, notably the performance of the government on devolved issues and the perceptions of the other parties as willing to stand up for Scotland against Westminster, also play a role. Third, devolved elections matter to voters. They are not widely seen as a chance to take a punt on smaller parties or a free hit at the Westminster government: they are primarily about choosing a Scottish government. 

Big questions remain, however - about this election, about devolution and about Scotland's constitutional future. Some of these derive from the fact that this will be the first major British election since the Covid-19 pandemic and the UK's departure from the European Union. Will these sideline or intensify the arguments about independence? Others relate to ongoing or new debates in research on Scottish politics and elections. How do voters decide which level of government is responsible for the state of Scotland's economy, schools and hospitals, and do they reward or punish the right people? Is the Scottish government held accountable for its manifesto pledges or is this all overshadowed by independence? Has Scotland come to resemble the US in terms of 'affective polarisation': a place in which people not only disagree about independence but stereotype, distrust or even hate the other side? Is the poor turnout record at Scottish Parliament elections the result of voters' uninterest or parties' campaigning behaviour? 

To address these and other questions, we propose a range of activities generating data to be swiftly shared with the wider academic community. The first is the core Election Study, a two-wave survey of 4,000 Scots conducted in the last month of the 2021 campaign and in the fortnight afterwards. This contains core questions on voting behaviour, expectations of and assessments of the election, as well as numerous measures of background and attitudes helping us to explain vote choices. 

How people vote also depends in part on opinions and perceptions shaped in the years between elections. We know voters change their minds about leaders, parties and governments. What drives this - events, government performance, new information, social interactions, and so on - is often less clear. We propose a brand new SCOttish OPinion (SCOOP) monitor, three short surveys per year. This enables us to track opinion over a critical period as well as to pick out the long-term dynamics of electoral choice. It also provides a vehicle for our own and the community's questions and experiments, evaluating, for instance, the extent of polarisation or how far people make deliberative decisions when presented with information.

The SES package contains several other components:

a) election agent surveys to evaluate campaigning in this (post-Covid-19) election and how it differs from Westminster elections;
b) resources for journalists, practitioners, teachers and the public, including constituency profiles, maps, briefing papers, teaching materials and quick access to data;
c) unprecedented collaboration with the Welsh and Northern Irish Election Study teams on questionnaire content, analysis and dissemination;
d) capacity building for ECRs in this difficult climate, including Winter Schools on Devolved Electoral Behaviour to teach best practice, offer mentorship and build networks",Governance & Policy; Global Health; Data & Digital
Scottish Election Study 2026-2031,13DA9951-414A-4208-B654-D6BD6BBBC7DF,UKRI2621,Active,Research Grant,ESRC,1343397,UNIVERSITY OF EDINBURGH,2025-11-01,2030-11-01,Christopher Carman,Christopher Carman (Co-I),"The Scottish Election Study is an independent ESRC-funded study of political attitudes and behaviour in Scotland. Its primary purpose is to collect attitudinal and behavioural data to identify the drivers of vote choice in the 2026 devolved elections for a wide community of academic scholars and practitioners. Our goal has been to widen access to data, to build interest in the analysis that can be conducted using it, and to build capacity to analyse Scottish quantitative data. We pursue this through dedicated mentoring of early career researchers, resources and awards for undergraduate and secondary school students, skills workshops and questionnaire space for devolved election scholars as a well through a range of practitioner- and public-engagement events.&nbsp;


&nbsp;


We will collect data before and after the 2026 Scottish Parliament election, but also before and after the next UK General Election in Scotland in two-wave panels that maximize the representation of previous SES respondents. We will also collect data between elections, via our Scottish Opinion (SCOOP) monitor surveys three times a year, to provide essential data about changing trends in Scottish politics. This includes changing constitutional preferences, changes to government approval, evaluations of the economy and public policy and how Scots navigate the multi-level political worlds they inhabit, as well as rapid reaction data on Scottish, UK and international events to track their impact on attitudes and behaviour. This provides valuable data to facilitate evidence-led decision making by a range of data users, and injects useful factual information about the attitudes and behaviour of Scots into public life in the UK.


&nbsp;


The SES 2026 will involve several methodological innovations. This will involve a world’s first youth panel, aided by new relationships with the Scottish Youth Parliament. We will recruit and then survey young people with a co-produced survey that provides essential information about the civic engagement of young people and helps us to understand generational divides. We will also conduct multi-generational surveys to evaluate the different responses of children and parents so as to identify possible improvements to data quality. We will undertake recruitment experiments to target under-represented groups, and will expand the number of qualitative questions on our survey, bringing valuable new data to qualitative researchers.


&nbsp;


We draw on UK and international best practice on, for example, survey design, reaching under-represented groups and connecting web-tracking data to survey responses so as to improve the survey architecture and data quality within Scotland as a whole. This also contributes Scottish data to wider comparative debates about democratic engagement, the decision-making calculus in elections and opinion formation


&nbsp;


Throughout, we will employ our existing networks with academics, journalists and practitioners, as well as our new stakeholder group to ensure that the SES data we collect reflects the needs of research users, that our data and analysis outputs are timely and informative, and will work to enhance capacity to access and analyse ESRC-funded data.",Data & Digital; Governance & Policy; Economy & Development
Single-molecule fluorescence microscopy of intracellular protein dynamics in live bacteria without fluorescent proteins,28324079-F1B8-45FE-808B-CE15D4AD46F9,BB/N006070/1,Closed,Research Grant,BBSRC,446299,,2016-03-31,2020-03-30,Richard Berry,Richard Berry (PI),"Proteins are the workhorses of living cells, and how they work is a topic of enormous importance. Currently, one of the best ways to find out is to watch proteins going about their business in living cells, in real time, using fluorescent microscopy. This requires fluorescent labels to be added to protein molecules, which are not themselves visible against the background of the rest of the cell. The current state-of-the-art is to use fluorescent proteins, which can be fused to any protein of interest by genetic engineering. A huge amount has been learned by this method, and it will continue to be a vital tool across the life sciences. Our lab has been part of this progress for a decade. We have used fluorescent protein fusions to discover the composition of the bacterial flagellar motor - a self-assembled nano-scale rotary electrical motor that propels swimming bacteria - and to discover that most of the protein molecules that make up this and other large biological machines are constantly exchanging between the machine and a pool of circulating spare parts in the cell. While the machine continues to work!

Fluorescent proteins however have their limitations. They are not particularly good fluorescent labels, compared to small organic dye molecules that are now commercially available which are brighter and last longer before &quot;photobleaching&quot;. This limits how much can be learned about the behavior of each labelled protein molecule, before the label bleaches and the protein molecule becomes invisible again. Also, fluorescent proteins are big and can only easily be attached at either end of the molecular chain that folds up to make each protein molecule. Because of this, they usually compromise the function of the chosen protein, and often completely abolish it. By contrast, organic dyes are much smaller and can be added anywhere on the protein surface by genetically engineering an appropriate tag for them to stick to. For these reasons, most investigations of proteins done OUTSIDE of living cells, with purified proteins in artificial model systems, use small organic dyes and not fluorescent proteins as labels. But until now it has not been possible to put these small-labelled proteins INSIDE cells.

A new method has recently been developed in our building that allows us to bring the advantages of small dye labels to work inside live cells. The proteins are purified and labelled as for work outside cells, and then put into cells using a method called electroporation - which is a standard way of getting DNA into cells for genetic engineering. With the help of its inventors, we propose to develop, exploit and popularize this new method. We will bring it to bear on a range of questions arising from the current research in our labs. The long term aim is to establish this as an additional method for studying in vivo protein behavior across biological systems. We can already track single signaling molecules for tens of seconds as they shuttle between the sensory cluster that detects the external environment and the flagellar motor that responds to it. Watching individual molecules for long times will tell us in detail how this system works, and we will use the same method on at least half a dozen related systems to see what we can learn. As always with a new method, we can expect some confirmations of what was expected and some surprises.",Environment & Sustainability; Culture & Heritage
Smart Data Donation Service (SDDS),09406668-065F-4F21-B16A-D21BAA1F3845,ES/Z504221/1,Active,Research and Innovation,ESRC,6506652,University of York,2024-09-30,2029-03-30,Heather Wardle,Heather Wardle (Co-I),"The Data Donation Service for Games (DDS) aims to catalyse a paradigm shift in the quality and accessibility of smart data for video gaming, addressing a significant gap in our understanding of video games' societal effects. This initiative emerges in response to both the UK's substantial engagement with video gaming and the recognized limitations of current research data, as articulated in recent findings and governmental frameworks.

The UK video gaming industry is a major economic force, with a consumer revenue surpassing &pound;7.8 billion annually. The substantial engagement levels—90% of children and 56% of adults playing games weekly—underscore the potential societal impact of gaming. This includes effects on physical and mental health, skills, behaviour, and social norms. However, debates around these impacts remain unsettled, primarily due to the lack of granular, longitudinal data that links gaming behaviour with real-world outcomes.

The Video Games Research Framework (VGRF), launched by the UK government, highlights this deficiency, calling for improved access to detailed behavioural gaming data. This framework is supported by several stakeholders including Ofcom and the DCMS, who acknowledge that their regulatory, educational, and health-related efforts are impeded by the current data inadequacy.

DDS proposes to address these challenges by facilitating the donation of individual data by players. Game companies typically collect extensive, click-level data over long periods, yet this rich data is rarely shared with academics due to various ethical, financial, and competitive concerns. Under the UK's GDPR regulations, individuals can download their personal data from companies—a capability that DDS plans to leverage by enabling gamers to access, understand, and donate their data securely for research purposes.

This service aims to be transformative by creating a publicly funded, secure, and privacy-preserving platform managed by academic institutions for the public good. It will enable gamers to explore their own data visually, enriching their understanding and potentially motivating them to contribute their data for research. The DDS aspires to build the world's first nation-scale data donation service, which could fundamentally alter the landscape of gaming research and policy-making.

The project builds on the University of York's previous success with Weavr, a large-scale data analysis and visualisation platform for XR gaming, which demonstrated the feasibility and public interest in data-sharing initiatives. DDS will extend this model, providing a comprehensive system that includes a personal data vault, encrypted data storage, and easy-to-use tools for data donation.

The envisioned DDS will be populated initially with a large-scale, nationally representative dataset from various cohorts, ensuring a broad and inclusive base for research. Furthermore, the system's design will be informed by ongoing consultations with researchers, policymakers, industry, and especially young people and underrepresented communities, ensuring alignment with the needs and values of all participants.

In terms of practical applications, the DDS will offer different levels of data access, including synthetic datasets for broader public use and more controlled access to sensitive data for qualified researchers. This approach aims to balance the need for privacy with the demand for detailed data that can drive more effective game design, regulation, and policy.

DDS represents a strategic response to the urgent need for better evidence to inform policy and industry practices concerning video gaming. By enhancing the quality, scale, and accessibility of gaming data, DDS will provide a more reliable foundation for understanding the effects of games on society.",Data & Digital; Governance & Policy; Economy & Development
Spaces of HOPE. The Hidden History of Community Led Planning in the UK,A4A5E3FD-9187-4661-8425-72CAB6079122,AH/T00729X/1,Closed,Research Grant,AHRC,604638,Oxford Brookes University,2021-01-01,2023-11-30,Andy Inch,Andy Inch (Co-I),"'Spaces of HOPE' will produce the first sustained history of community-led planning (CLP) in the UK documenting the diverse and previously hidden ways in which people have come together to care for the future of their local environments and exploring what their efforts mean for contemporary approaches to planning and participatory place-making. 
2019 marked the 50th anniversary of the Skeffington Report which established public involvement in town planning, one of the first public services to embrace participation. Existing scholarship has tended to focus on how citizens have influenced the official processes this established. Alongside this formal system, however, runs a rich history of informal CLP, which has not been subject to systematic or sustained research. Given the contemporary significance of community action around urban and environmental issues this gap severely limits the capacity to learn from the past about the role of citizens in planning. 
Building on the strengths of a multidisciplinary team including planners, community artists and historians, the project will address this gap by realising three overarching objectives: Firstly, reflecting on the development of discourses and practices of CLP since 1969 in order to contribute to a critical historiography of planning. Secondly, revealing previously hidden histories of CLP, using co-creative methods to explore the lived experiences of those involved and the ways in which understandings of self, place and community have been shaped by their actions. Thirdly, enlivening debates and generating dialogue between past and present by bringing these 'hidden' voices into conversation with contemporary practices of participatory place-making. 
Documentary and archival research will bring together scattered and fragmentary sources, including the uncatalogued archives of our impact partner the Town and Country Planning Association (TCPA) and the personal collections of the individuals and groups involved, some of which are in danger of being lost if not captured soon. Case studies of local CLP initiatives will include the drawing up of 'People's Plans', the building of new communities, anti-redevelopment campaigns and the creation of innovative participatory planning approaches. By combining arts-based, participatory methods such as memory walks and photo elicitation with oral history interviews and workshops we will explore narratives of participation and engender the sharing of memories within and across places. 
The project will generate significant impact using the TCPA's extensive networks to spark dialogue between past and present. A project website, hosted by the Digital Humanities Institute but available through the TCPA site, will act as an interactive CLP 'exhibition', including timelines and downloadable maps, and a living archive of CLP stories and materials. A series of workshops, short articles and presentations at practitioner events will be used to generate discussion and we will produce downloadable guides for local groups interested in researching CLP and on what policy-makers can learn from these histories of citizen action and participatory planning. A final, national workshop &quot;Community-Led Planning: the Next Fifty Years&quot; will promote collective discussions on the future of CLP. In addition, we will make presentations to 3 international academic conferences and contribute 3 articles to high-quality academic journals across the fields of urban history, community development and planning. Finally, we will publish a monograph bringing case studies and oral histories together to explore the history of CLP in the UK. 
Overall, the project aims to uncover previously hidden histories of this important form of local citizen action, exploring how grassroots, place-based activism has challenged development proposals, set out alternative visions for places and in the process reshaped communities, identities and citizens' relations with the local state.",Housing & Urban; Culture & Heritage; Economy & Development
Structural and functional studies of the VAPB-PTPIP51 ER-mitochondria tethering proteins in neurodegenerative diseases,21249599-AED3-4886-8BF2-27BCB8870F97,MR/X021858/1,Active,Research Grant,MRC,1083309,King's College London,2023-10-30,2026-10-29,Christopher Miller,Christopher Miller (PI),"Alzheimer's disease and related dementias, and amyotrophic lateral sclerosis (ALS) are major neurodegenerative diseases that afflict large proportions of our population and exert huge burdens on our healthcare system and economy. There are no cures for any of these diseases and for Alzheimer's disease and ALS, there are not even effective disease modifying treatments. There is therefore an urgent need to identify new therapeutic targets for treating these diseases.

Alzheimer's disease and ALS share several pathological features. These include damage to calcium concentrations in neurons, fat metabolism, mitochondria (the energy producers of the cell), transport of proteins and mitochondria within neurons, activation of cellular stress responses, alterations to a process termed autophagy which removes damaged proteins from neurons and damage to synapses which are the connections neurons make with each other to compute and relay signals. Finally, inflammation is seen in both diseases. The biological conundrum is how so many apparently disparate physiological processes are damaged collectively. The therapeutic challenge is selecting which of these different damaged processes to prioritize for drug discovery.

Recently, attention has focused on how two components of neurons, the endoplasmic reticulum (ER) and mitochondria, communicate and signal to each other in neurodegenerative diseases. This is because ER-mitochondria signaling regulates all of the functions described above that are damaged in these diseases. We and others have shown that ER-mitochondria signaling is perturbed in Alzheimer's disease and ALS, and we have identified a mechanism that facilitates this communication. It involves binding of the ER protein VAPB to the mitochondrial protein PTPIP51; this binding acts to &quot;tether&quot; ER with mitochondria to facilitate signaling. We have gone on to show that the VAPB-PTPIP51 tethers are disrupted in some neurodegenerative diseases and that this involves activation of a kinase enzyme termed GSK3beta. We have also identified another kinase enzyme (AMP kinase) that stimulates VAPB-PTPIP51 binding. These kinases modify proteins to influence their function and interactions via a process termed phosphorylation. One hypothesis is that GSK3beta and AMP kinase phosphorylate VAPB and/or PTPIP51 to regulate their binding and that this is perturbed in neurodegenerative diseases. Disruption of VAPB-PTPIP51 binding and ER-mitochondria signaling then leads to synapse damage, neuronal cell death and neurodegenerative disease. The aims of this project are to test aspects of this hypothesis. The objectives are:
1. To gain information on the structure of VAPB-PTPIP51 complexes since this knowledge will facilitate the design of drugs that can correct damaged tethers in neurodegenerative diseases.
2. To identify GSK3beta/AMP kinase phosphorylation sites in VAPB and PTPIP51 and to determine how this effects their binding.
3. To determine whether changes in VAPB and PTPIP51 phosphorylation occur in human post-mortem Alzheimer's disease and ALS tissues and in animal models of ALS.
4. To determine whether experimental disruption of the VAPB-PTPIP51 tethers in animals leads to neurodegenerative disease.

These findings will help us understand the role that the VAPB-PTPIP51 tethers play in Alzheimer's disease and ALS, and they will facilitate the design of potential therapeutics for neurodegenerative disease that target the VAPB-PTPIP51 interaction.",Health & Wellbeing; Governance & Policy; Economy & Development
"Structure, mechanism and assembly of a nano-scale biological rotary electric motor",C73DBE02-1130-4883-8AC2-C789F32CC072,EP/S036660/1,Active,Fellowship,EPSRC,2042298,,2020-03-31,2026-02-28,Richard Berry,Richard Berry (Fellow),"The fundamental processes of life are now known to be carried out by large molecular complexes, more like machines than simple molecules. One of the grand challenges for science in the 21st century is to understand them in detail. This will have far reaching consequences across science and medicine. In this project I propose to integrate structural and functional understanding of a representative large molecular machine, pushing this challenge to a new level. The field of Single Molecule Biology, in which I have been a pioneer for two decades, studies individual molecular machines in real time, explicitly addressing the random thermal fluctuations that distinguish them fundamentally from macroscopic machines. This has led to spectacular successes in understanding in detail the mechanisms of a handful of small, relatively simple molecular machines. The next challenge is to understand large, complicated molecular machines. The Bacterial Flagellar Motor is an ideal model system - a rotary electric motor ~50 nm in diameter that propels swimming in many bacterial species. I will continue to develop new single-molecule techniques, and use them to map the relations between flagellar motor input and output and to detect the fine-structure of rotation and directional switching. My discovery of protein exchange in the flagellar motor revealed that the structure is constantly changing, which has hindered discovery of the mechanism. Now I have the knowledge and experimental tools to understand and control these structural fluctuations. This will be significant in itself; protein exchange in large molecular machines is increasingly recognized as an important general phenomenon. It will also provide the previously-missing platform for understanding the motor mechanism. I propose to apply my unique combination of structural and mechanistic experience to understanding the bacterial flagellar motor in detail, across an unprecedented range of length and time scales. 
The bacterial flagellar motor is one of the best studied of all large molecular machines. It is a rotary electric motor common to many species of bacteria. Ion flux across the cytoplasmic membrane that encloses bacteria is coupled to rotation of a rotor spanning the bacterial membranes and cell wall. This drives swimming bacteria by rotating an extracellular filament at 100s of revs per second. Switches in motor direction, induced by signaling proteins in response to environmental factors, allow bacteria to navigate gradients of nutrients and other chemicals. The motor also acts as a mechanosensor, informing decisions about surface adhesion and biofilm formation. It is indispensable to the lifestyles of many bacteria, and is often crucial for biofilm formation and virulence. 
The overall structure of the motor is known, as are the locations of many, and atomic structures of some, of its component proteins. The order in which different parts are made and assembled is known, and its function has been studied in quantitative detail for over 4 decades. Over the last 25 years I have contributed substantially to this body of knowledge, in particular in developing biophysical tools for understanding structural dynamics and the mechanisms of torque-generation. Nonetheless, fundamental details of structure, assembly and mechanism remain unclear - constrained by the limited resolution of our measurements and by unforeseen layers of complexity in structure and function. 
The goal of this project is to achieve a holistic structural and functional understanding of the motor, from the sub-millisecond transitions that power rotation and switching, via protein exchange dynamics over seconds to minutes, all the way to elements of the structure that may be stable for days to months. The flagellar motor is one of the best-understood examples of a large molecular machine, and the principles and methods that I discover will find applications in a wide range of other molecular machines.",Health & Wellbeing; Data & Digital
Studying the role of TDP-43 induced damage to the VAPB-PTPIP51 ER-mitochondria tethers in fronto-temporal dementia/amyotrophic lateral sclerosis,AC4680F9-8887-4204-97A2-4121F5A7DA1B,MR/R022666/1,Closed,Research Grant,MRC,428686,King's College London,2018-09-30,2023-04-29,Christopher Miller,Christopher Miller (PI),"Alzheimer's disease and related dementias, Parkinson's disease and motor neuron disease are major neurodegenerative diseases that afflict large proportions of our population and exert huge burdens on our healthcare system and economy. There are no cures for any of these diseases and for dementia and motor neuron disease there are not even effective ways of slowing disease progression. There is thus an urgent need to identify new therapeutic targets for treating these diseases.

A number of cellular processes are perturbed in all of these neurodegenerative diseases. These include damage to calcium concentrations in nerve cells, fat metabolism, mitochondria (the energy producers of the cell), transport of proteins and mitochondria within nerve cells, activation of cellular stress responses and alterations to a process termed autophagy which removes damaged proteins from cells. Finally, inflammation is seen in all of these diseases. The conundrum is how damage to all these apparently disparate cellular processes occurs collectively in neurodegenerative diseases. Moreover, the diversity of these damaged features makes devising new treatment strategies difficult; which damaged cellular function should be prioritized as a therapeutic target?

Several recent studies have focused attention on how two components of the cell, the endoplasmic reticulum (ER) and mitochondria, communicate with each other in neurodegenerative diseases. This is because ER-mitochondria communications impact upon most of the cellular processes described above that are damaged in these diseases. We and others have shown that ER-mitochondria communications are perturbed in dementia, Parkinson's disease and motor neuron disease. Importantly, we have identified a mechanism by which ER and mitochondria communicate. It involves binding of the ER protein VAPB to the mitochondrial protein PTPIP51; this binding acts to tether the two cellular components so as to facilitate communication. We have gone on to show that the VAPB-PTPIP51 tethers are damaged in some neurodegenerative diseases.

This project focuses on fronto-temporal dementia (FTD) and amyotrophic lateral sclerosis (ALS). FTD is the second most common cause of presenile dementia after Alzheimer's disease and ALS is the most common cause of motor neuron disease. FTD and ALS are clinically linked with many patients displaying aspects of both diseases. TDP-43 is a protein that is strongly associated with FTD/ALS; abnormal TDP-43 deposits are seen in affected neurons in most FTD/ALS patients and mutations in the TDP-43 gene are the cause of some inherited forms of the disease. TDP-43 is also linked to Alzheimer's and Parkinson's diseases. Notably, we have shown that TDP-43 disrupts the VAPB-PTPIP51 tethers and ER-mitochondria signaling. 

The aim of this project is to determine whether damage to ER-mitochondria signaling and the VAPB-PTPIP51 tethers represent pathogenic events that contribute to disease in TDP-43 linked FTD/ALS. The Objectives are: 
1. To determine the temporal sequence of ER-mitochondria signaling disruption in some animal models of FTD/ALS. This will reveal whether damage to ER-mitochondria signaling represents an early feature of disease.
2. To determine whether ER-mitochondria signaling is disrupted in human patient derived neurons carrying pathogenic TDP-43 mutations. This will provide clinical relevance to the findings in the animal models.
3. To determine whether correcting TDP-43 induced loosening of ER-mitochondria contacts via overexpression of VAPB or PTPIP51 is protective in cell models.
If we find that TDP-43 induced damage to the VAPB-PTPIP51 tethers is an early disease feature which also occurs in the patient neurons, and that correcting this damage is protective, it will lend strong support for developing drugs which remedy damaged ER-mitochondria signaling in disease.",Health & Wellbeing; Economy & Development; Gender & Equality
Supporting the National Action Plan for Antimicrobial Resistance (SNAP-AMR) in Tanzania,11B06952-C566-44D0-8D92-071B17F1E49B,MR/S004815/1,Closed,Research Grant,MRC,3190383,University of Glasgow,2018-04-30,2023-03-31,Alicia Davis,Alicia Davis (Co-I),"Antimicrobial resistance (AMR), the ability of bacteria to resist the effect of drugs, is a threat to human and animal health in resource rich nations like the UK and low and middle income countries like the United Republic of Tanzania. In Tanzania, as in many low and middle income countries, the AMR problem is compounded by the fact that people and livestock often live close together and widespread use of antimicrobials in both. In response to a global call to action from the World Health Organisation, Tanzania has created an ambitious National Action Plan to combat AMR, including improving awareness and understanding of the AMR problem among policy makers, professionals and the public and enhancing surveillance, research, infection prevention and antimicrobial stewardship in people and livestock. Successful implementation of the NAP is challenged by lack of human and financial resources, making prioritisation of activities and interventions an essential component of an effective and efficient campaign to control AMR.

Our research will provide new evidence to support this prioritisation and targeting, taking an approach that recognises that individuals are part of a larger system and that behaviour of professionals and the public may depend on policy, regulations or knowledge, but also on cultural background, social norms and access to medical, veterinary or diagnostic infrastructure and drugs. Our team of UK and Tanzania-based researchers and policy experts will take an interdisciplinary approach, working with a wide range of biological and social scientists as well as health professionals and community members, to provide novel insights into cultural, socio-economic and biological drivers of antimicrobial use (AMU) in hospitals and the community and in contextually appropriate methods of communication around those issues.

The origin of AMR problems can be described as hospital-, community- or livestock-associated so we will work with doctors and nurses, householders and patients, and veterinarians and livestock keepers as well as (in)formal drug providers and other stakeholders to investigate knowledges, beliefs, attitudes and practices around health and AMU/AMR. We will compare health care settings (health centres, district, regional and referral hospitals) and livestock keeping communities (Chagga, Masaai and Sukuma) to reflect a range of professional and cultural contexts. Using focus group discussions, questionnaires and interviews, we will examine factors that influence prescribing and use of antimicrobials and through choice experiments we will examine how changes in e.g. knowledges, social norms or access might change such behaviour. To complement the socio-economic investigations, we will use DNA-sequencing of hospital -, community - or livestock-associate bacteria in combination with mathematical modelling approaches to establish the relative contribution of different sources and transmission routes to the clinical and economic burden of AMR. The combination of insight into the drivers and relative importance of behaviours that may contribute to the AMR problem provides a unique opportunity to identify and prioritise levers of behavioural change to reduce AMU and limit the risk and impact of AMR.

Finally but importantly, we will work with policy makers, professionals and the public to design context-specific messages and methods to communicate AMR awareness and infection prevention and control messages in hospitals and community settings, and evaluate the impact of those communication campaigns using a combination of the social and biological sciences methods described above. The combined outcomes of our research will help priority setting in AMR control by identifying the settings where change is practicable and cost-effective. It will inform implementation of the National Action Plan in Tanzania and serve as a generalisable transdisciplinary model of AMR control in low and middle income country settings.",Health & Wellbeing; Governance & Policy; Economy & Development
System-science Informed Public Health and Economic Research for Non-communicable Disease Prevention (the SIPHER Consortium),98BA5EED-B1E0-4EC4-A64B-B43F111C4D41,MR/S037578/2,Closed,Research Grant,MRC,4383327,University of Glasgow,2020-07-22,2025-03-15,Alison Heppenstall; Ellen Stewart,Alison Heppenstall (Co-I); Ellen Stewart (Co-I),"THE PROBLEM
There is strong evidence that the social and economic conditions in which we grow, live, work and age determine our health to a much larger degree than lifestyle choices. These social determinants of health, such as income, good quality homes, education or work, are not distributed equally in society, which leads to health inequalities. However, we know very little about how specific policies influence the social conditions to prevent ill health and reduce health inequalities. Also, most social determinants of health are the responsibility of policy sectors other than &quot;health&quot;, which means policymakers need to promote health in ALL their policies if they are to have a big impact on health. SIPHER will provide new scientific evidence and methods to support such a shift from &quot;health policy&quot; to &quot;healthy public policy&quot;.

OUR POLICY FOCUS
We will work with three policy partners at local, regional and national level to tackle their above-average chronic disease burden and persistent health inequalities: Sheffield City Council, Greater Manchester Combined Authority and Scottish Government. We will focus on four jointly agreed policy priorities for good health:
- Creating a fairer economy
- Promoting mental wellbeing
- Providing affordable, good quality housing
- Preventing long-term effects of difficult childhoods.

OUR COMPLEX SYSTEMS SCIENCE APPROACH
Each of the above policy areas is a complex political system with many competing priorities, where policy choices in one sector (e.g. housing) can have large unintended effects in others (e.g. poverty). There is often no &quot;correct&quot; solution because compromises between different outcomes require value judgements. This means that to assess the true benefits and costs of a policy in relation to health, policy effects and their interdependencies need to be assessed across a wide range of possible outcomes. However, no policymaker has knowledge of the whole system and future economic and political developments are uncertain. Ongoing monitoring of expected and unexpected effects of policies and other system changes is crucial so failing policies can be revised or dropped.

We propose to use complex systems modelling, which has been developed to understand and make projections of what might happen in complex systems given different plausible assumptions about future developments. Our models will be underpinned by the best available data and prior research in each policy area. Our new evidence about likely policy effects across a wide range of outcomes will help policy partners decide between alternative policies, depending on how important different outcomes are to them (e.g. improving health or economic growth). We will develop support tools that can visualise the forecasts, identify policies that achieve the desired balance between competing outcomes and update recommendations when new information emerges. Whilst new to public health policy, these methods are well-established in engineering and climate science.

We will
1. Work with policy partners to understand the policy systems and evidence needs
2. Bring together existing data and evidence on each policy system (e.g. links between policies and outcomes, interdependencies between outcomes)
3. Explore citizens' preferences for prioritising when not all outcomes can be achieved
4. Link policies and their health and non-health effects in computer models to analyse benefits and costs over time
5. Build an interactive tool to help policy decision-making, inform advocacy action and support political debate.

SIPHER's MAIN OUTCOME
We will provide policymakers with a new methodology that allows them to estimate the health-related costs and benefits of policies that are implemented outside the health sector. This will be useful to our partners, and others, who want to assess how scarce public sector resources can be spent to maximise the health and wellbeing benefits from all their activities.",Governance & Policy; Health & Wellbeing; Economy & Development
System-science Informed Public Health and Economic Research for Non-communicable Disease Prevention (the SIPHER Consortium),5A54CF8D-EAD5-469A-825D-BF4D9F12413A,MR/S037578/1,Closed,Research Grant,MRC,4980461,University of Sheffield,2019-09-15,2020-07-21,Alison Heppenstall; Ellen Stewart,Alison Heppenstall (Co-I); Ellen Stewart (Co-I),"THE PROBLEM
There is strong evidence that the social and economic conditions in which we grow, live, work and age determine our health to a much larger degree than lifestyle choices. These social determinants of health, such as income, good quality homes, education or work, are not distributed equally in society, which leads to health inequalities. However, we know very little about how specific policies influence the social conditions to prevent ill health and reduce health inequalities. Also, most social determinants of health are the responsibility of policy sectors other than &quot;health&quot;, which means policymakers need to promote health in ALL their policies if they are to have a big impact on health. SIPHER will provide new scientific evidence and methods to support such a shift from &quot;health policy&quot; to &quot;healthy public policy&quot;.

OUR POLICY FOCUS
We will work with three policy partners at local, regional and national level to tackle their above-average chronic disease burden and persistent health inequalities: Sheffield City Council, Greater Manchester Combined Authority and Scottish Government. We will focus on four jointly agreed policy priorities for good health:
- Creating a fairer economy
- Promoting mental wellbeing
- Providing affordable, good quality housing
- Preventing long-term effects of difficult childhoods.

OUR COMPLEX SYSTEMS SCIENCE APPROACH
Each of the above policy areas is a complex political system with many competing priorities, where policy choices in one sector (e.g. housing) can have large unintended effects in others (e.g. poverty). There is often no &quot;correct&quot; solution because compromises between different outcomes require value judgements. This means that to assess the true benefits and costs of a policy in relation to health, policy effects and their interdependencies need to be assessed across a wide range of possible outcomes. However, no policymaker has knowledge of the whole system and future economic and political developments are uncertain. Ongoing monitoring of expected and unexpected effects of policies and other system changes is crucial so failing policies can be revised or dropped.

We propose to use complex systems modelling, which has been developed to understand and make projections of what might happen in complex systems given different plausible assumptions about future developments. Our models will be underpinned by the best available data and prior research in each policy area. Our new evidence about likely policy effects across a wide range of outcomes will help policy partners decide between alternative policies, depending on how important different outcomes are to them (e.g. improving health or economic growth). We will develop support tools that can visualise the forecasts, identify policies that achieve the desired balance between competing outcomes and update recommendations when new information emerges. Whilst new to public health policy, these methods are well-established in engineering and climate science.

We will
1. Work with policy partners to understand the policy systems and evidence needs
2. Bring together existing data and evidence on each policy system (e.g. links between policies and outcomes, interdependencies between outcomes)
3. Explore citizens' preferences for prioritising when not all outcomes can be achieved
4. Link policies and their health and non-health effects in computer models to analyse benefits and costs over time
5. Build an interactive tool to help policy decision-making, inform advocacy action and support political debate.

SIPHER's MAIN OUTCOME
We will provide policymakers with a new methodology that allows them to estimate the health-related costs and benefits of policies that are implemented outside the health sector. This will be useful to our partners, and others, who want to assess how scarce public sector resources can be spent to maximise the health and wellbeing benefits from all their activities.",Governance & Policy; Health & Wellbeing; Economy & Development
TBI-REPORTER (UK-TBI REpository and data PORTal Enabling discoveRy),F3FCA4AC-BD99-4F56-9738-540D8A29C87E,MR/Y008502/1,Active,Research Grant,MRC,9558371,University of Cambridge,2023-09-30,2028-09-29,Emma Russell,Emma Russell (Co-I),"Traumatic brain injury (TBI) is a leading cause of death and disability, costing the UK economy over &pound;10 billion/ year, and the global economy over $400 billion annually. Further, TBI impacts the lifelong health of survivors (increasing risk of dementia, epilepsy and poor mental health and reducing life expectancy). Despite promising laboratory data there have been multiple failed and expensive drug trials, and progress in improving TBI treatments has been slow. Nevertheless, recent studies have increased our knowledge of how TBI develops after the injury impact. There is, therefore, a timely opportunity to capitalise on UK research strengths to advance the development of our approaches to diagnosis and treatment, enabling more person specific treatment pathways.

UK-TBI REpository and data PORTal Enabling discoveRy (TBI-REPORTER), is a proposal from a consortium of leading UK investigators and stakeholders in response to this call. TBI-REPORTER will establish a platform to facilitate research in TBI across the lifespan. The breadth of our team allows us to address disability and early mortality from TBI across all injury severities and a complete range of injury contexts, including previously underserved groups such as current and former military personnel and athletes, and those exposed to intimate partner violence. To achieve these aims, TBI-REPORTER will establish a UK national research platform comprising:

1) A Data Hub to collate and curate TBI research data at scale. We will integrate this effort with existing infrastructure, in partnership with Dementias Platform UK (DPUK), and Heath Data Research UK (HDRUK) to establish linkage with existing UK NHS TBI datasets, including Trauma Audit and Research Network (TARN), Intensive Care National Audit and Research Network (ICNARC), and the UK Rehabilitation Outcomes Collaborative (UK ROC). Close collaboration with DPUK will allow seamless adoption of procedures and protocols allowing investigators - for the first time - streamlined access to large linked TBI datasets, and to international partners through the International Initiative for TBI Research (InTBIR).

2) A National Biomarker Resource which will draw on expertise from both TBI and dementia research and link to our Data Hub to: (i) co-ordinate the collection and processing of human blood and other samples at scale, including those obtained via advanced techniques, such as dialysis fluid from brain pressure monitoring in critically injured patients with TBI (brain microdialysis); (ii) co-ordinate and standardise brain imaging data collection and analysis (computed tomography, magnetic resonance and positron emission tomography); (iii) standardize collation and archiving of postmortem and surgical tissue samples in specialist tissue banks.

3) An Experimental Medicine Network of research-ready NHS specialist neuroscience hospitals, with explicit early &quot;proof of concept&quot; study capabilities to support research into novel TBI diagnostic and treatment approaches. These will initially comprise six Pathfinder Centres, but eventually expand to 12-16 hospital sites - selected by potential to study advanced brain imaging, biomarkers and TBI treatments. The Network will develop a Prospective Proof of Principle cohort of people with TBI, in whom we will gather extensive banked clinical and biological data to demonstrate the platform is capable of delivering challenging proof of concept studies which will develop and refine future TBI research.

TBI REPORTER investigators will engage their existing networks of patient and public representatives through a programme steering committee and advisory board membership, ensuring their interests - supported by robust information governance, ethical approvals and programme management - are paramount at each stage of platform development.",Data & Digital; Health & Wellbeing; Economy & Development
Teaching for Digital Citizenship: Digital ethics in the classroom and beyond it.,D1A516A9-4F70-44B9-8E7E-B2D87124026E,ES/X002756/1,Active,Research Grant,ESRC,601560,University of Glasgow,2022-12-01,2026-02-28,Joao Porto de Albuquerque,Joao Porto de Albuquerque (Co-I),"Digital citizenship and data ethics prepare young people to create, navigate and exercise agency in the world of work, civic and social life into the future; however, there is considerable ambiguity in the ways these concepts are currently understood and enacted in schools. The curriculum does not furnish a definitive definition of digital citizenship, and many approaches to digital skills or digital safeguarding proceed without attention to developing students' moral and civic agency. Understanding the different aims, challenges and practices of teaching for digital citizenship in secondary schools, both across curriculum areas such as Citizenship, PSHE, Religion Values &amp; Ethics, Modern Studies and Computer Science, and in the wider life of the school through digital home-school communication, safeguarding against online abuse and cyber-bullying, the use of mobile devices and access to pupil data, will enable us to develop strategies, resources and practices which refurbish a workable and coherent moral education for the challenges of digital citizenship and data ethics.
To understand these different aims, challenges and practices, this project will bring together previously unconnected stakeholders in the philosophy of digital ethics, developers of digital tools for teachers, curriculum policymakers and the teachers themselves to map the extent to which beginning teachers, teacher educators and school leaders are aware of these challenges, and their approaches to addressing them. It is also important to understand the enactment of these approaches across the curriculum and wider life of the school, which is why this project will undertake four case studies across the nations of the UK, working in each case with a regional cluster of 3 schools all drawing on a shared digital citizenship resource. The purpose of these ethnographic engagements is to understand the coherence of the curriculum, the extent to which Computer Science addresses ethical challenges, the extent to which practices beyond the curriculum are responsive to digital ethics, and the awareness shown by teachers of the ethical dimension of their digital pedagogical practices. In order to refurbish a workable and coherent moral education for the challenges of digital citizenship and data ethics, we will work collaboratively with secondary students and teachers as co-researchers through a digital participatory research design, generating, piloting and evaluating resources to address the ethical issues and practical challenges identified by our professional conversations and ethnographic observations.
This project employs ethnographic, normative and participatory approaches to understand the ways digital citizenship and data ethics challenges are understood and responses taken up across the curriculum and the wider life of the school. We conceive of digital citizenship at three levels: at the level of the school, what does it mean to be a good citizen of one's school community; at the level of the civic, what are schools doing to prepare the future political and economic citizens of the nation; and in relation to the increasingly complex globalized digital economy. We will carry out multi-site ethnographic work in schools in order to understand the influence of teacher preparation, national education policy, and the influence of digital resources produced by mid-level policy enactors, on the ways schools enact their digital citizenship curriculum. We will create and curate communities of practice, making use of smartphone-enabled remote working to bring together developers, teachers, students and philosophers in order to design, pilot and disseminate freely available resources for use in secondary schools. The resulting resources, together with a report making recommendations for teacher educators, school leaders, examination authorities and policy-makers across the four nations of the UK, will furnish an integrated cross-curricular digital citizenship strategy.",Data & Digital; Migration & Citizenship; Governance & Policy
The Genomic Atlas of Dermatological Tumours (DERMATLAS),3719DCAA-AE15-4F8C-A58D-4514F07A1F5E,MR/V000292/1,Active,Research Grant,MRC,1634646,Wellcome Sanger Institute,2021-03-31,2026-05-30,David Adams,David Adams (PI),"There is a misconception that skin cancers, Europe's most common type of tumour, are treatable with surgery and are thus not a research priority. The reality is that while many patients can be adequately managed with surgical intervention, surgery is often disfiguring and can be associated with significant morbidity. Notably, many skin tumour types such as cutaneous angiosarcoma, Merkel cell carcinoma and some sarcomatoid/spindle cell carcinomas are associated with an extremely poor prognosis. 

Importantly, in the clinic the classification of skin tumour types can be extremely challenging, particularly determining benign from malignant lesions with the exact diagnosis having profound implications for patient outcome and management. Unlike more common cancers, the genomes of most skin malignancies have not been studied in detail and treatment options in advanced disease are limited. In terms of the etiology of skin cancers, another misnomer is that most skin cancers are UV-associated. While this is certainly the case for some types of melanoma, BCCs and squamous cell carcinoma, the cause of most other types is unknown. Some tumours such as Merkel cell carcinoma are associated with viruses (Merkel cell polyomavirus) while HPV has been suggested to play a role in other entities but the role of viruses or other exposures has been poorly explored. In this project we plan to use genetic analysis to identify how and why a wide range of skin tumours develop, with the possible implications for this work being enhanced patient management, better diagnosis and an improved understanding of the basic biology of skin.",Health & Wellbeing
The HealthMod Cluster: Enhancing Policy Modelling Capabilities to Tackle the Economic Determinants of Health and Health Inequality,44FA7274-B051-468D-A5AA-D726992ED5D8,MR/Y030656/1,Active,Research Grant,MRC,7452381,University of Glasgow,2024-03-31,2028-03-30,Alison Heppenstall; Clementine Hill OConnor; Ellen Stewart; Nicola McEwen,Alison Heppenstall (Co-I); Clementine Hill OConnor (Co-I); Ellen Stewart (Co-I); Nicola McEwen (Co-I),"HealthMod is a large research programme that brings together scientists, policymakers, and charities interested in using economic policies to improve people's health. We particularly want to improve the health of people who experience disadvantage or discrimination in their lives, as they tend to spend much more of their lives in poor health and also die younger, and the situation has got worse over the past decade.

Local and national governments make decisions on various economic policies, such as changes to taxes, welfare, job creation, and social housing. These policies have long-term effects on people's health, as they influence important aspects of healthy living, like having enough money, good work, decent housing, safe neighbourhoods, and supportive communities.

In HealthMod, we want to help policymakers, charity organisations and communities themselves understand how these policies affect people differently, based on characteristics like gender, income, and where they live. Our research would show whether planned new policies are likely to support long and healthy lives for everyone, or whether they would make inequalities worse. 

Our programme has three work areas:

Computer modelling for Health: We will develop computer models to show how different kinds of policies might affect the economic situation and long-term health of each person in Britain. These models help policymakers understand the impact of policies on people in their area, especially whether they narrow or widen unfair health inequalities, so they can make informed decisions. All models we develop will be freely available for researchers and policymakers to use.

Policy and Advocacy Engagement: Government organisations and charities seeking to promote healthier policy decisions are partners in our programme. Together we will decide on the most urgent questions that our modelling can help answer. This will ensure that the models we build can inform real decisions. We will create websites, videos, and training courses to explain how our models work and how to use them effectively.

Citizen's Engagement and Democratisation of Modelling: We believe it is vital to involve people who may be affected by economic policies. We will host workshops where individuals experiencing issues such as poverty or poor health can share their thoughts and experiences. These insights will shape our models, making them more relevant and inclusive. We will also work with a broader group of citizens to understand which policy outcomes are most important for society.

Our goal is to create high-quality, trustworthy computer models that incorporate policymaker and community perspectives. This research will guide the best way to design, explain and use computer modelling for policy decisions that seek to improve health and reduce health inequalities.",Governance & Policy; Health & Wellbeing; Inequality & Social Justice
The Politics of Science in International Climate Cooperation,613A7F27-D703-4A4B-83C5-09E3CA864D27,ES/W001373/2,Closed,Research Grant,ESRC,283994,University of Glasgow,2023-04-30,2025-06-29,Patrick Bayer,Patrick Bayer (PI),"International climate talks in Katowice, Poland, in 2018 descended into acrimony over a scientific landmark report by the most authoritative international body on climate science, the Intergovernmental Panel on Climate Change (IPCC). Saudi Arabia, Kuwait, Russia, and the United States--four big oil and gas producers--refused to endorse an IPCC special report. This report stated that limiting global warming to 1.5C reduces climate-related risks, but requires deep emission reductions in all sectors. Since these reductions are costly, governments may have political incentives to try to influence how these reports are written and used. We study how and under what conditions governments seek to influence the production of science in the IPCC; and the effects of this attempted influence on climate negotiations and domestic climate policymaking.

Our research comes at a vital moment for international climate politics. In order to meet the 1.5C-2C temperature target agreed in the Paris Agreement in 2015, countries need to increase their climate action. As the pressure to decarbonise the global economy mounts, the IPCC's forthcoming Sixth Assessment Report in 2022 will provide states with the latest knowledge on the scientific basis; impacts, adaptation, and vulnerability; and mitigation of climate change. The key findings from this comprehensive assessment will serve as scientific input to United Nations climate negotiations and guide governments' climate policies for the decade to come. Despite its key role, the IPCC's 6-8 year assessment cycles have come under repeated criticism for different reasons. Our systematic study of countries' engagement with IPCC processes will hence contribute to the practical and scholarly discussion on how the IPCC can best fulfil its mandate of being policy-relevant in the new climate landscape the Paris Agreement has created.

In this unique context, we will offer new theoretical and empirical insights into the strategies, conditions, and effects of attempted government influence in international climate science policy. The theoretical framework, which we will develop, will allow us to analyse governments' strategic involvement in the production of IPCC reports and their uptake in climate policymaking. While &quot;interference&quot; and &quot;obstruction&quot; at both stages is documented in the literature, our framework will help us to hypothesise how, when, and with what effects governments seek influence in the global climate science-policy interface. Our systematic empirical analysis will benefit from a mixed methods approach. We will combine qualitative and quantitative methods, including elite interviews; participant observation; comparative case studies; document analysis; regression models; and text-as-data approaches. This multifaceted approach will enrich our empirical understanding of government influence in the IPCC and will help us to overcome the methodological challenge that government influence is not always readily observable.

Together with our advisory board, which includes senior IPCC leadership and assessment authors, and through partnerships with leading climate research institutes--CICERO (Center for International Climate Research) in Norway; PIK (Potsdam Institute for Climate Impact Research) in Germany; Cardiff University's Centre for Climate Change and Social Transformations (CAST); and the Tyndall Centre for Climate Change Research in the UK--we intend to create impact from translating our research findings into feasible and implementable proposals to inform ongoing discussions about IPCC reform. We will furthermore present our findings at the United Nations climate conference in winter 2023 and, over the course of the project, disseminate our research to a wider audience through blog posts, podcasts, and on social media.",Environment & Sustainability; Governance & Policy; Data & Digital
The Politics of Science in International Climate Cooperation,0AC1B992-A9A9-4364-BA80-7E69850F616A,ES/W001373/1,Closed,Research Grant,ESRC,499935,University of Strathclyde,2022-01-01,2023-04-29,Patrick Bayer,Patrick Bayer (PI),"International climate talks in Katowice, Poland, in 2018 descended into acrimony over a scientific landmark report by the most authoritative international body on climate science, the Intergovernmental Panel on Climate Change (IPCC). Saudi Arabia, Kuwait, Russia, and the United States--four big oil and gas producers--refused to endorse an IPCC special report. This report stated that limiting global warming to 1.5C reduces climate-related risks, but requires deep emission reductions in all sectors. Since these reductions are costly, governments may have political incentives to try to influence how these reports are written and used. We study how and under what conditions governments seek to influence the production of science in the IPCC; and the effects of this attempted influence on climate negotiations and domestic climate policymaking.

Our research comes at a vital moment for international climate politics. In order to meet the 1.5C-2C temperature target agreed in the Paris Agreement in 2015, countries need to increase their climate action. As the pressure to decarbonise the global economy mounts, the IPCC's forthcoming Sixth Assessment Report in 2022 will provide states with the latest knowledge on the scientific basis; impacts, adaptation, and vulnerability; and mitigation of climate change. The key findings from this comprehensive assessment will serve as scientific input to United Nations climate negotiations and guide governments' climate policies for the decade to come. Despite its key role, the IPCC's 6-8 year assessment cycles have come under repeated criticism for different reasons. Our systematic study of countries' engagement with IPCC processes will hence contribute to the practical and scholarly discussion on how the IPCC can best fulfil its mandate of being policy-relevant in the new climate landscape the Paris Agreement has created.

In this unique context, we will offer new theoretical and empirical insights into the strategies, conditions, and effects of attempted government influence in international climate science policy. The theoretical framework, which we will develop, will allow us to analyse governments' strategic involvement in the production of IPCC reports and their uptake in climate policymaking. While &quot;interference&quot; and &quot;obstruction&quot; at both stages is documented in the literature, our framework will help us to hypothesise how, when, and with what effects governments seek influence in the global climate science-policy interface. Our systematic empirical analysis will benefit from a mixed methods approach. We will combine qualitative and quantitative methods, including elite interviews; participant observation; comparative case studies; document analysis; regression models; and text-as-data approaches. This multifaceted approach will enrich our empirical understanding of government influence in the IPCC and will help us to overcome the methodological challenge that government influence is not always readily observable.

Together with our advisory board, which includes senior IPCC leadership and assessment authors, and through partnerships with leading climate research institutes--CICERO (Center for International Climate Research) in Norway; PIK (Potsdam Institute for Climate Impact Research) in Germany; Cardiff University's Centre for Climate Change and Social Transformations (CAST); and the Tyndall Centre for Climate Change Research in the UK--we intend to create impact from translating our research findings into feasible and implementable proposals to inform ongoing discussions about IPCC reform. We will furthermore present our findings at the United Nations climate conference in winter 2023 and, over the course of the project, disseminate our research to a wider audience through blog posts, podcasts, and on social media.",Environment & Sustainability; Governance & Policy; Data & Digital
The Productivity Institute,33DCB61E-5287-411B-B1B9-5569CED711E8,ES/V002740/1,Closed,Research Grant,SPF,26621454,University of Manchester,2020-08-31,2027-03-30,Bridgette Wessels,Bridgette Wessels (Co-I),"Summary continued: 

The Productivity Institute will be led by the University of Manchester (UoM), whose Alliance Manchester Business School will act as its headquarters. The Productivity Institute will include eight partner institutions across the country: University of Glasgow, University of Sheffield, University of Cambridge, King's College London, Queen's University Belfast, Cardiff University, University of Warwick, and the National Institute of Social and Economic Research. NIESR will coordinate The Productivity Institute's policy outreach as well as establish and lead a national Policy Reform Group. In recognition of the uneven nature of the productivity puzzle across regions and sectors, The Productivity Institute will build capacity throughout the UK by establishing eight Regional Productivity Forums which will act as local focal points to engage our target users, scope their needs and challenges, and understand where The Productivity Institute can add value. These Forums will be supported by experts from the participating universities.",Governance & Policy; Economy & Development
The Religious and Spiritual Lives of Transnational Young People of African Migrant Background,98065E5C-B5DE-41D9-9AD3-E96C398AF0BA,ES/X002276/1,Active,Research Grant,ESRC,758460,University of Glasgow,2023-05-14,2026-12-14,Dominic Pasura; Tinashe Nyamunda,Dominic Pasura (PI); Tinashe Nyamunda (Co-I),"The role of religion in the construction of youth identities and belonging, especially those of migrant background, is often the subject of policy and public concern across Europe and Africa. Major international events such as the terrorist attacks on 11 September 2001 in the USA and the London bombings of 7 July 2005, and the growing interest from academics and policy makers, have brought religion to the fore from the confines of the private sphere. Research on migrant religions indicates that in Europe, unlike in the United States, religion and Islam in particular is considered a barrier rather than a bridge to integration. Within the context of the rise of religious extremism and public debates about migration-related diversity and security, our focus on transnational young people of African migrant background directly responds to these policy issues and debates. Previous research and existing policy discourses tend to adopt a binary approach to the movement and identities of young people of migrant background in terms of 'first- and second-generation' or 'left-behind', host or home, Global North or Global South. Meanwhile, the experiences and perspectives of young people of African migrant background themselves remain little understood.

This project aims to analyse the role of religion and spirituality in constructing youth identities and a sense of belonging among transnational young people (aged 15-35) of Nigerian and Zimbabwean migrant backgrounds in London and Birmingham (UK), Lagos (Nigeria), Harare (Zimbabwe) and Johannesburg (South Africa). We will investigate young people categorised as 'first- and second-generation' and 'left behind', combining migrant-origin and migrant-receiving countries. In doing so, the project will advance our knowledge of the ways migration impacts young people's religious and spiritual lives at home and abroad. 

The project will generate important new academic insights through its synthesis of theoretical perspectives on transnationalism, the mobility turn and lived religion. It will make two distinctive contributions to the field of religion and migration by: (1) going beyond previous research and existing policy discourses that adopt a binary approach to movement and identities of young people of migrant background primarily in terms of 'first- and second-generation' or 'left-behind', Global North or Global South in order to emphasise the multi-directional movements of young people, ideas and religious practices; (2) shifting away from the dominant focus on organised religion towards a focus on 'lived religion' which allows for an exploration of young people's everyday practices and identities.

The project brings together international scholars and key stakeholders interested in the study of religion and migration between the UK and Africa. The fieldwork sites include four countries (the responsible institution in brackets): United Kingdom (University of Glasgow), Nigeria (University of Calabar), Zimbabwe (University of Zimbabwe) and South Africa (University of Pretoria) and five cities: London, Birmingham, Harare, Johannesburg and Lagos. The study will focus on young people living in urban neighbourhoods and practitioners of Christian, Muslim and African Indigenous Religions faiths.

In contexts of increasing migration-related diversity, where polarisation in society over religious diversity is growing, the project will shed light on how religion and migration have affected the identities and sense of belonging of young people of African migrant backgrounds in order to contribute to building bridges, informing debates and defusing contestation with the insertion of research-based insights. This study will add value to the existing efforts by creating in-depth knowledge on migration and religion, using its findings to understand better transnational migration processes and the social cohesion of the increasingly multi-religious and multi-cultural UK and African societies.",Migration & Citizenship; Culture & Heritage; Governance & Policy
"The appropriateness, usefulness and impact of the current urban planning curriculum in South African Higher Education",40CF2C52-B395-44A1-BDB9-20989F0BFC3B,ES/P00198X/2,Closed,Research Grant,ESRC,46906,UNIVERSITY COLLEGE LONDON,2020-01-01,2020-12-31,David Adams,David Adams (Co-I),"International institutions such as the United Nations have highlighted the significance of planning as a discipline in promoting more sustainable environments and dealing with the core economic, social and environmental challenges faced by Africa. Delivering successful urban planning training in SA Higher Education will thus make a key contribution to addressing SA national Government priorities around equity, social justice and democracy.

For many years post-colonial and post-apartheid SA has modelled its urban planning practices on Western systems which has been reflected in HE curricula. Concerns have been raised about the relevance and applicability of these Western theories and methods when planning African cities (Watson, 2003, 2009). To date, there has been little or no sustained work that brings together post-colonial and Southern debate theories with an examination of transferring northern planning theories to South Africa. Major uncertainties remain about HE and the appropriateness, usefulness and impact of planning curricula in the last 10 years and their associated teaching methods. The proposed research also aims to reflect more widely on the implications of the SA study for UK planning education; this is especially important given the recent increase in students from the Global South registering for planning-related courses in the UK.

O1: To investigate the social and economic value of planning education in SA particularly questions of equity and diversity in HE destination choices, graduation rates and employability outcomes.
O2: To deconstruct how the development and delivery of the urban planning undergraduate and postgraduate curriculum addresses issues raised by a changing post-colonial context in SA.
O3: Drawing on O2, to assess to what extent issues raised by a changing colonial context is considered and addressed in the UK undergraduate and postgraduate planning curriculum. By doing so and reflecting on lessons from O1, the research will explore the implications for urban planning lecturers in the UK when working with students from Africa and the wider Global South.
O4: To create a platform for ideas-sharing between SA academics, professionals and students across the world in order to connect and inform curriculum shaping, teaching methods and wider HE strategies for planning education (especially via SACPLAN)
O5: To develop a set of evidence-based resources for HE planning strategies that can address the Global South challenge in SA and across the wider continent.

The potential applications and benefits of the proposed research are diverse. There will be an immediate contribution to existing teaching programmes and to SACPLAN/RTPI strategies. There will also be a medium to long-term contribution through the way urban issues are dealt with in SA, what this means for planners when trained and re-trained (CPD) and for the content of planning curricula, teaching methods and thus planning policy. The main targets for dissemination of the project findings go beyond traditional academic audiences to planning practitioners, policy-makers and wider community groups. It will include the production of reports, briefing notes, good practice guides, evidence-based learning and teaching materials as well as academic papers and a book. The development of an online forum will maximise international dissemination of the project and provides long-term impact by creating a dynamic platform for debates among South African (and African) planners.",Housing & Urban; Governance & Policy; Economy & Development
"The rigorous development, implementation, and evaluation of the effectiveness and cost effectiveness of community-based interventions and policies, especially in relation to inequalities in health.The facilitation of two-way knowledge flows between r",1B887EB6-44ED-41B0-A9F5-EF8AE63425D0,MC_PC_13027,Closed,Intramural,MRC,869115,University of Glasgow,2013-08-31,2021-05-30,Stephanie Chambers,Stephanie Chambers (Co-I),"In all known societies health risks, health-related behaviours, physical and mental health, and life expectancy tend to vary between social groups. Inequalities in health exist across a range of social and demographic indicators including income, social class, occupation and parental occupation, level of education, housing condition, neighbourhood quality, geographic region, gender and ethnicity. Inequalities are evident in many health outcomes, including mortality, morbidity, self-reported health, mental health, death and injury from accidents and violence. 

There is a considerable body of research documenting trends in inequalities and examining explanations for their existence and persistence. However, there is a lack of evidence about the effectiveness and cost effectiveness of policies, programmes, and projects to improve environments, and to reduce health burdens, unhealthy behaviours, and inequalities in health. 

This award will fund four five-year postdoctoral researchers whose fellowships will focus on developing and/or implementing and evaluating community-based interventions and/or policies designed to narrow the gap between deprived and vulnerable groups and the rest of the population. A secondary aim of these fellowships is to develop much-needed multidisciplinary research skills and capacity in collaborative population health science.

It is very important that researchers study problems which are relevant to policymakers and practitioners, and ensure that the findings of their research are exchanged with these policymakers and practitioners in order to encourage uptake of any conclusions. This award will also fund a part-time knowledge broker tasked with generating early intelligence on research opportunities and policy/practitioner needs for research in particular fields, and providing two-way communications between researchers and policymakers and practitioners, in order to enhance the policy relevance of our work, and its translation into policy and practice.

This award therefore has two aims: 

• The rigorous development, implementation, and evaluation of the effectiveness and cost effectiveness of community-based interventions and policies, especially in relation to inequalities in health.
• The facilitation of two-way knowledge flows between the research in the social and public health sciences, and relevant policymakers and practitioners.",Health & Wellbeing; Governance & Policy; Inequality & Social Justice
"The social, cultural and economic impacts of the pandemic on ethnic and racialised groups in the UK",680C2946-D08F-41BE-9AD8-D8BD8C847642,ES/W000849/1,Closed,Research Grant,COVID,2287061,University of Manchester,2021-02-12,2023-08-10,Nasar Meer,Nasar Meer (Co-I),"The Covid-19 pandemic has thrown existing patterns of ethnic inequality in Britain into sharp relief, highlighting the vulnerability of ethnic and racialized communities not only in terms of poor health, but across a range of social and economic arenas. The Centre on the Dynamics of Ethnicity (CoDE) has pioneered innovative, policy relevant and impactful multi-disciplinary and mixed-methods social research on ethnic inequality since 2012. Building on this track record, and on new research on the pandemic, the programme will examine the impact of the crisis on ethnic and racialized people and communities, in the context of Brexit, an economic downturn and the increased awareness of racial inequality in the wake of the Black Lives Matters protests, and the rise of racist and anti-racist activism. 

The programme offers new insights into key policy areas highlighted as concerns as the pandemic has progressed: health inequalities and ageing populations; housing and welfare; education, employment and policing; cultural politics, activism and resilience. The projects employ innovative quantitative and qualitative methods to examine emergent forms of ethnic inequality at multiple scales, from the household and community (micro), institutional (meso), to economic and demographic change (macro). The programme includes work packages which use a survey and the new 2021 census data to explore emerging patterns of racial and ethnic disadvantage related to the pandemic. It will also track the impact of Covid-19 on both physical and mental health of racialized groups, with a focus on older and vulnerable migrant communities. This work will identify gaps in our understanding of the vulnerability of racialized groups and ethnic minorities to Covid-19 and identify routes to filling these gaps, including linking data and the need for the collection of new data. Work packages will explore the impact of austerity and Covid-19 on housing inequalities in specific places as well as tracing the impact on labour market inequalities and their routes in education. The use of algorithms in education and policing will be explored. There will also be examination of the nature of memorialising and mourning in the wake of the pandemic in the context of new forms of community and political activism. 

The projects foreground the intersection of ethnicity with divisions around migration and citizenship status; the role of gender, religion and age; local/community, regional, sub-national and national level differences; the engagement of ethnic minorities with key institutions and trust in these institutions. The programme will work in partnership with key public and private sector, government and NGO organisations to maximise the reach and impact of its work. This will include a programme of events highlighting the research, continuation of the CoDE covid briefings series and communication on social media, through mainstream media, and in blogs and the website.",Global Health; Health & Wellbeing; Inequality & Social Justice
Transforming Global Evidence: AI driven infrastructure to embed evidence synthesis in the working lives of policymakers,36EECBE8-0B4B-4D9F-BFD9-6B3AD6C2EE09,UKRI3167,Active,Research and Innovation,ESRC,9757372,QUEEN'S UNIVERSITY BELFAST,2025-09-30,2030-09-30,Gavin Stewart,Gavin Stewart (Co-I),"Aims and objectives
Billions of people could be better off if we used the evidence and research funding available more effectively.
This project will help policymakers achieve better results for less money by providing timely summaries of the state of current knowledge through a transparent scientific process known as evidence synthesis.
This work is urgently needed to help achieve the missions and priorities of all levels of UK government; to support the “rescue plan” for the Sustainable Development Goals; to help the world tackle the climate crisis; and to help individuals, businesses, and local decision makers around the world to achieve their goals. Our current inability to utilise research effectively is compromising our collective ability to develop effective policy.
Our ultimate goal is a timely, comprehensive, and reliable living evidence synthesis capability, covering all major social questions, used by policymakers and others around the world to improve people’s lives.
Approach

We will create new breakthrough AI and open data infrastructure to make evidence synthesis faster, cheaper, and more relevant to policymakers’ needs in the UK and globally. Human-AI workflows will enable us to create comprehensive, up-to-date, and accurate portals of all relevant research on a topic in ready-to-use form, offering ‘real-time’ evidence synthesis.
We will develop new research methods to tackle some of the biggest needs of policymakers using evidence synthesis: applying evidence from one context to another; answering the large-scale questions policymakers work with; and assessing and making the most of varied research, evaluation and other evidence.
We will engage with policymakers to understand their needs, and to promote evidence usability and use. We will adapt how evidence synthesis is presented, and distributed until it becomes their go-to resource. We will work in partnership with the wider evidence support systems inside and outside government.
Experienced teams of researchers and policymakers working together will deliver exemplar projects of living evidence synthesis in four areas of national and international importance: education, crime and justice, climate, environment and society, and international development.

The overall result will be an extensible and flexible infrastructure that can be applied across the whole of social science and public policy. Allied to this will be a growing network of organisations engaged in promoting and using evidence synthesis to inform decision making.
Leadership expertise
The Campbell Collaboration UK and Ireland is the ideal organisation to lead this initiative, given its pivotal role in building the intellectual and practical foundations for evidence synthesis in public policy, based on joint principles of inclusivity and reliability. The leadership team is a global partnership of synthesis leaders and infrastructure providers, experts in technology, methods, policy, and supporting evidence use. The team has a proven record in cutting edge AI for evidence synthesis and a track record of using AI to transform another global evidence sector.
Sustainability
This project is made possible by at least &pound;15m in aligned spending and a wealth of pre-existing AI software development. This includes Wellcome funding through our partner projects DESTINY and SOLACE-AI. Each exemplar project will benefit from co-investment or aligned investment.
It will become part of the global Evidence Synthesis Infrastructure Collaborative that is being co-created in an open global process facilitated by some of our group, and the plans will be revised in line with the outcomes of that process in mid-2025.",Data & Digital; Governance & Policy; Housing & Urban
Transforming Primary Care in Scotland and China to meet the needs of an ageing population - are health inequalities being tackled?,5FBA0CB5-89DA-4375-A334-884E1C5BAD7B,ES/T014164/1,Closed,Research Grant,FIC,832923,University of Edinburgh,2020-08-11,2024-07-30,Ellen Stewart,Ellen Stewart (Co-I),"Countries around the world are facing major changes, with many people living to an older age. General Practice and primary care provides much of the healthcare care needs of such ageing populations. China and the United Kingdom (UK) share many similar challenges in health and social care including ageing and wide health inequalities between rich and poor. 

In Scotland, significant recent changes have been made in primary care including a new Scotland-only GP contract which includes GP Practices working together in 'clusters' (of 5-8 Practices) to improve the quality of care delivered to their local population, and significant expansion of other members of the primary care team (such as advanced practitioners in nursing, pharmacy, and physiotherapy). 

In China, Community Health Centres (CHCs) have been established over recent years. These are similar to GP Practices in Scotland, though somewhat larger, led by GPs working within primary care teams. A key focus - which is much less prominent in Scottish primary care - is systematic preventive care to support people to live healthier lives and manage their own conditions better. There is an important opportunity for each country to learn from each other, as these changes in primary care develop further. 

The aim of the study is to explore and compare the effects of these recent changes in primary care in Scotland and China, and to find out if these changes are meeting the needs of ageing patients with long-term conditions, as well as reducing health inequalities. To answer this we will carry out the research in two phases. The first phase will explore what the expected impacts are of the changes in both countries. The second phase will examine the actual impacts and key learning. 

To answer these questions, we will use freely available national information on patients views (available in both countries), together with GPs views on job satisfaction, workload, and the recent organisational changes, which we will collect in both countries. We will also speak in-depth to staff and patients in both countries. We will do this in a range of different geographical settings to get more detailed information on their views, and analyse these in terms of common themes, and what has been found to help or hinder progress. We will supplement these findings with routine data recorded in the computerised medical records in both countries. We will then consider the implications of the findings for both countries, and share the findings with the public, government, healthcare staff, and other researchers. The findings may also be of interest to other countries that are embarking on similar attempts to improve primary care to meet the needs of ageing populations, and help tackle health inequalities. A unique feature of the research will be collaboration between researchers with different areas of expertise, in social and medical research.",Health & Wellbeing; Inequality & Social Justice; Governance & Policy
Transitions to more harmful forms of gambling during Covid-19 pandemic: behaviours and targeted marketing in young people and bettors on sport,62382B53-56D3-4C0B-B110-11E6ACF1F715,ES/V004549/1,Closed,Research Grant,COVID,469412,University of Stirling,2020-06-07,2021-12-07,Christopher Bunn; Cindy Gray; Gerda Reith; Heather Wardle,Christopher Bunn (Co-I); Cindy Gray (Co-I); Gerda Reith (Co-I); Heather Wardle (Co-I),"Around 2 million people experience some harms from gambling, and many gamble on live events (including sports) and online. The COVID-19 pandemic has precipitated unprecedented restrictions on people's movements and interactions in public and private settings, and led to the cancellation of major sports events and social activities. These consequences of the COVID-19 'lockdown' have altered the gambling landscape worldwide.

There is an urgent need to provide regulators, policy makers and treatment providers (e.g. World Health Organisation (WHO), Gambling Commission, All Party Parliamentary Group on online gambling harms) with high quality evidence on the changing patterns and context of gambling behaviours during COVID-19 and its aftermath. Insight is needed into: the actions undertaken by industry so regulators can consider immediate actions; understanding of new risk groups susceptible to gambling harms to develop effective prevention strategies; and understanding of the escalation and maintenance of harms to inform treatment and support provision.

To meet this need, we will address three major research questions across three integrated workpackages: 'How has COVID-19 changed gambling practices, and the risk factors for and experience of gambling harms?'; 'What is the effect of COVID-19 on gambling marketing?'; and 'How has COVID-19 changed high risk groups' gambling experiences and practices?'. Drawing on our extensive experience of mixed-methods research, we will focus on two groups at particular risk of adopting more risky, online gambling practices - young adults and sports bettors.

The team, jointly led by Hunt, Wardle and Critchlow, will draw on their strong network of stakeholder partnerships to ensure timely dissemination and impact.",Global Health; Health & Wellbeing; Data & Digital
Treating depressive symptomatology in Congolese Refugees in Uganda and Rwanda: Adapting and Evaluating Community-based Sociotherapy,376FBF1B-905A-470F-B026-9CDFAB443845,ES/S000976/1,Closed,Research Grant,ESRC,1008526,University of Liverpool,2018-08-31,2022-03-30,Jude Robinson,Jude Robinson (Co-I),"Refugees experience elevated rates of mental health difficulties including depression and post-traumatic stress disorder*1,2,3. Refugees face a wide-range of daily stressors (e.g. lack of access to basic resources, lack of safety and security, risk of family violence) that impact on mental health*4. Guidelines exist for delivering psychosocial support in emergency situations*5, but contention remains about which approaches are most effective, and whether these interventions can be delivered at sufficient scale*6. An absence of highly-skilled professionals means that the 'task-sharing' of roles to lay people is required*7. Community-based approaches offer promise for treating common mental disorders, are socially acceptable, and can decrease pressure on primary healthcare*8,9.

Conflict in the Democratic Republic of Congo has led to large numbers of Congolese refugees in Rwanda and Uganda. Community-based Sociotherapy (CBS) has been delivered to over 20,000 people in Rwanda since 2005 to promote community connections and individual wellbeing after the genocide of 1994*10. CBS is delivered by lay-facilitators over fifteen weekly 3-hour group sessions. The WHO described CBS as an approach that uses 'the interactions between individuals and their social environment to facilitate the re-establishment of values, norms, and relationships...and at the same time provide the opportunity for debate, the sharing of experiences and coping mechanisms'*11, Compared with usual care, CBS resulted in significantly increased civic participation and significantly decreased distress in conflict-affected people in Rwanda at 8 months follow-up*12. The UNHCR has noted the potential of CBS for refugees*13, but it has not yet been evaluated in these populations.

The project will use a mix of disciplines to: 1) adapt CBS and assessment measures for use with Congolese refugees in Rwanda and Uganda; 2) investigate the efficacy and cost-effectiveness of adapted CBS (aCBS) for reducing depressive symptoms in Congolese refugees, and determine whether changes in levels of social capital and daily stressors are integral to changes in depressive symptoms; 3) develop implementation guidance for adapting and disseminating aCBS for refugees across diverse settings in conjunction with the UNHCR.

In the first phase, the Design, Implementation, Monitoring and Evaluation (DIME) approach*14 (which utilises key informant interviews and focus groups) will be used to adapt assessment measures and aCBS content. Then a 2-arm cluster randomised controlled trial (with pilot phase) will compare aCBS to an enhanced care as usual (i.e. training for NGO workers in mental health guidelines and reviewing referral pahways). Adult Congolese refugees (apart from those with complex mental health difficulties, active suicidal ideation and/or intellectual disabilities) will be eligible to participate. This will avoid the risk of participants being stigmatised by the use of mental health labels. Analyses will take account of levels of depressive symptoms (PHQ-9*15), and whether they meet criteria for a depression on the Mini-Internal Neuropsychiatric Interview Depression Module (MINI*16) at baseline. A total of 720 participants will be recruited; 360 per study arm. Assessed outcomes will include levels of distress (SRQ-2018*17), functioning (WHOQoL-BREF*18), social capital (SASCAT*19), wellbeing (WHO-5*20), daily stressors (CDES*21), and Trauma Events Inventory*21. Participants will be assessed at baseline, 16- and 32-weeks post-baseline. A TSC/DMC will monitor the trial. The cost-effectiveness of aCBS will be evaluated. A 'process evaluation'*22 based on Normalisation Process Theory (www.normalizationprocess.org) will be undertaken to explore factors that facilitate and impede engagement with aCBS. A project webpage, Twitter account, briefings, knowledge exchange events, conference presentations and academic papers will disseminate project findings and influence decision makers.",Health & Wellbeing; Conflict & Security; Global Health
UK Collaborative Centre for Housing Evidence (CaCHE),F43E09C3-536E-4A6B-BE82-184E2873B37A,ES/P008852/1,Closed,Research Grant,ESRC,6070028,University of Glasgow,2017-07-31,2022-10-31,David Adams; David Clapham; James White; Keith Kintrea; Ken Gibb; Mark Stephens; Moira Munro,David Adams (Co-I); David Clapham (Co-I); James White (Co-I); Keith Kintrea (Co-I); Ken Gibb (PI); Mark Stephens (Co-I); Moira Munro (Co-I),"The Collaborative Centre for Housing Evidence (CaCHE) will be an independent, multi-disciplinary and multi-sector consortium of academic and non-academic stakeholders. CaCHE will be UK-wide in coverage (across all four nations and at different spatial scales within), as well as UK-level in focus. It will advance knowledge and improve the evidence base for both housing policy and practice in all parts of the U.K.

CaCHE will be organised as a &quot;hub and spoke&quot; network with its administrative core in Glasgow and a physical presence in all 5 sub-national knowledge exchange hubs in Scotland, Northern Ireland, Wales &amp; the South West, the North &amp; Midlands, and London, East &amp; South East. Additionally, our six research themes will cross cut the different geographies depending on relevancy and appropriateness. The management team will be responsible for overall strategy, operational delivery, co-ordination, data navigation, research and KE. The management team of three academics (Gibb, Watkins and Orford) will be supplemented by a senior non-academic lead on knowledge exchange and communications (Smart), plus a full time programme manager, KE and communications, administrative and technical support staff. The evidence centre and its management team will be accountable to a funders group and an international advisory board.

The main consortium members are the Universities of Glasgow, Sheffield, Bristol, Cardiff, Ulster, Reading, Sheffield Hallam, St. Andrews and Heriot-Watt, along with the National Institute of Social and Economic Research, CIH, RICS and the RTPI. The consortium has a lengthy list of institutional and individual collaborators at regional and national level and our activity will be supported 'in kind' and direct contributions from additional partners including Crisis, the Wheatley Group, NatCen, Shelter, Rightmove and several more. Our consortium also has specific project plans with four complementary ESRC investments: Urban Big Data Centre, What Works Scotland, Public Policy Institute for Wales, and the ADRC-Scotland, and will seek to collaborate with others including the What Works Centre for Wellbeing.

Initially, a five year programme, CaCHE will seek to become self-financing sustained beyond this period. It will do so by regular scanning of opportunities with partners, and by also being impactful and influential through a combination of rigorous evidencing, prioritised across six research themes, which in turn will generate a new primary research agenda to be prosecuted by the evidence centre. 

A key way in which relevance and credibility will be sustained is through the comprehensive nature and persistence of our knowledge exchange and collaborative working with non-academic stakeholders. We will repeatedly utilise an innovative collaborative working practice - the Tobin Project Process - in order to build a consensus through rigorous and intensive examination of the key questions and priorities exercising non-academic partners and our stakeholders nationally and in each region. In this way, we will co-produce our evidence review and research strategy priorities and will fully engage, mobilise and disseminate findings with academic and particularly non-academic groups through our network of networks (i.e. drawing on existing networks of contacts via our non-academic and academic partners). 

CaCHE will promote and support interdisciplinary and multidisciplinary work and invest in knowledge exchange training for staff to maximise the impact of our multiple dissemination channels: non-technical briefing, summaries, academic and trade publications, targeted technical reports, high standard non technical international evidence review, blog posts, tweets, audio and visual pod casts, roadshows, seminars, conferences, workshops and media contributions. The evidence centre will support an extensive programme of staff secondments, promoting mobility between the academy and the policy and practice communi",Housing & Urban; Governance & Policy; Data & Digital
UK Collaborative Centre for Housing Evidence (Phase 2),B443C42D-9F99-4D75-BFEF-8ED69DDF7652,ES/W012278/1,Active,Research Grant,ESRC,1172652,University of Glasgow,2022-11-01,2026-10-31,Bilge Serin; James White; Ken Gibb; Mark Stephens; Moira Munro,Bilge Serin (Co-I); James White (Co-I); Ken Gibb (PI); Mark Stephens (Co-I); Moira Munro (Co-I),"This application is for four years transitional funding, following five years initial funding from ESRC and AHRC (with Joseph Rowntree Foundation (JRF)). The UK Collaborative Centre for Housing Evidence (CaCHE) was set up to be a housing evidence centre, drawing on a range of social sciences disciplines. The original housing priority was a recognition of multiple policy and practice needs for rigorous evidence. The ongoing need for CaCHE's strategic evidence and research arises from ongoing and newly arising problems, often termed the 'housing crisis'.
 
CaCHE will retain its &quot;hub and spoke&quot; network with its administrative core in Glasgow and a physical presence in all 5 sub-national knowledge exchange hubs in Scotland, Northern Ireland, Wales &amp; the South West, the North &amp; Midlands, and London, East &amp; South East. The Centre's work will now be more focused and organised around four (not 7) themes (economy, environment, inequalities and place). The management team will be responsible for overall strategy, operational delivery, co- ordination, data navigation, research and KE. Meeting monthly, the executive team of three academics (Gibb, Watkins and White) will be supplemented by a senior non-academic lead on knowledge exchange and communications (Williamson), plus a full-time programme manager, KE and communications, and administrative support staff. A wider management team will meet at least every three months and involve theme and cross cutting work strand leads as well (Marsh, Stephens, Orford, Payne, Leishman, Robinson, Preece, O'Brien and Ambrose).There will be further CI input into themes by Blair, Munro, and Serin. CaCHE will remain accountable to a funders group and an international advisory board (as well as reporting annually to the key Research Organisations). 

The main consortium members are the Universities of Glasgow and Sheffield, plus the Chartered Institute of Housing. There are also contributions from the Universities of Bristol, Cardiff, Sheffield Hallam, Ulster and South Australia. The consortium has a lengthy list of institutional and individual collaborators at regional and national level and our activity will be supported 'in kind' and by direct contributions working through the KE Hub structure including Crisis, Centre for Homelessness Impact and HQN and several more. Our consortium also has specific project plans with complementary ESRC investments: e.g. Urban Big Data Centre, CDRC, White Rose Social Sciences DTP

The programme of work proposed for CaCHE2 combines what worked well in CacHE1 as well as lessons learned, alongside a refreshed agenda reflecting housing system developments since 2017. It is also takes account of the implications of transitional funding for what was a large consortium. CaCHE2 is necessarily smaller in breadth and participants but also is more focused in terms of themes and work packages. This places an additional premium on the relevance and significance of those work priorities. CaCHE2 also embraces the strategic commitment research organisations are providing for the team and seeking therefore to develop a sustainable funding model by prioritising new external partnership and leveraged agile bidding for new responsive and proactive research opportunities that cohere with CaCHE's fundamental aims. In all of the work CaCHE2 will seek to continue to maximise the social and economic impact that the work has for research users. It does this by both refocusing on specific project impact plans and established CaCHE networking and communications, but additionally continuing with successful KE programmes such as the Policy Fellows scheme, the PhD summer school and a greater emphasis on policy and practice briefings, blogging, video and podcasts.",Housing & Urban; Governance & Policy; Data & Digital
URBAN RETROFIT UK: Scaling up place-based adaptations to the built environment through planning and development systems,033D404D-112A-4D15-9A9D-10BA67AA495B,ES/Z502728/1,Active,Research and Innovation,ESRC,1502504,University of Glasgow,2024-09-30,2027-11-30,Andy Inch; Gareth James; James White,Andy Inch (Co-I); Gareth James (Co-I); James White (PI),"It is widely recognised that low density development is unsustainable and generates significant Green House Gases (GHGs). Nevertheless, most UK development is built on greenfield land where public transportation is poor and services are scarce. If the UK is serious about 'net zero', then new ways of planning and developing are urgently required.

'Urban retrofit' is defined as repairing existing places by adapting urban form to reduce energy consumption and carbon emissions, protect the environment and support sustainable lifestyles. Changes to the layout of neighbourhoods are starting to be delivered, including via infrastructure programmes such as separated bike lanes, planning policies that encourage high-densities, and community-based projects like urban greening.

The problem is that implementation is slow, fragmented and increasingly controversial. Investment often flows to affluent places rather than communities in the greatest need of support, and the principal actors in the UK's planning and development systems face various delivery challenges. Planning authorities struggle with institutional inertia and time-limited funding meaning retrofitting is poorly coordinated. Property developers stick to tried and tested business models to reduce risk resulting in a preference for low density, mono-use greenfield development rather than mixed-use projects on brownfield land. Communities face capacity challenges and place adaptation is often contested. If the UK is to meet its net zero targets and achieve a just transition, then urban retrofitting must be prioritised, equitably directed and implemented more effectively.

URBAN RETROFIT UK will be led by the UK Collaborative Centre for Housing Evidence and coproduced with international, national and local planning, property and community partners, including in five UK core cities - Belfast, Bristol, Cardiff, Glasgow and Sheffield. Its aim is to examine the barriers to urban retrofitting, challenge the prevailing growth-logic of planning and development, and coproduce a conceptual framework plotting the critical points of intervention needed to scale up retrofitting through planning and development systems. The objectives are to:

Conduct a global evidence review on urban retrofit informed by international partners and a study tour.
Identify and investigate a series of urban retrofit cases in collaboration with local authority partners to understand what is working and pinpoint where implementation gaps could be closed.
Work with partners to understand where the spatial inequalities of current urban retrofit practice lie and how the barriers to 'scaling up' effective and equitable practices could be addressed.
Establish an international URBAN RETROFIT HUBS network between UK and Global North cities facing comparable place-adaptation challenges and initiate new two-way learning partnerships with Global South cities where the context for urban retrofit is different but opportunities exist to explore lesson-sharing.
To maximise knowledge exchange across sectoral boundaries and between places, URBAN RETROFIT UK's findings will be shared throughout the project at jointly delivered events with UK partners and internationally via the URBAN RETROFIT HUBS network. New theoretical perspectives on the UK's planning and development systems and coproduced empirical evidence on urban retrofit will be shared through an international symposium and evidence review, a report, film and magazine articles, and academic outputs including articles and an edited book.",Housing & Urban; Economy & Development; Environment & Sustainability
URBE Latam: Understanding Risks and Building Enhanced Capabilities in Latin American cities,3BEC7130-9535-4B78-8B98-29566A3939C5,ES/T003294/2,Closed,Research Grant,GCRF,570238,University of Glasgow,2021-09-30,2023-06-29,Joao Porto de Albuquerque,Joao Porto de Albuquerque (PI),"URBE Latam addresses the implementation gap between sustainable development and equitable resilience. It will do so by using a transdisciplinary research approach aimed at empowering residents of disaster-prone urban poor neighbourhoods, which will underpin the co-production of enhanced, context-specific understandings of local risks and the integration of the resulting data into decision-making procedures in disaster risk reduction and sustainable development monitoring. 

The project is conducted by a highly skilled multi-disciplinary research team (including social sciences, engineering and physical sciences) and adopts a dialogic co-production approach to citizen-generated data which relies upon well-established partnerships with community-based initiatives for local development, education and disaster risk reduction in Rio de Janeiro and Medellin, as well as with governmental agencies involved in disaster risk reduction and local planning and development.

URBE Latam proceeds in four integrated components that seek an enhanced understanding of risks, vulnerabilities and local capabilities in disaster-prone urban areas: first it is centred on the engagement of citizens to generate data to expand understandings of risks at the neighbourhood level; second, citizens engagement in risk will be pursued alongside an analysis of socio-spatial inequalities in resilience and development indicators and policies at city and national level; third, this will lead to the recalibration of environmental risk mapping with citizen-generated data; fourth, these components are articulated and integrated within a framework to facilitate dialogic transformations across the different levels and stakeholders involved.

The process of advancing these outputs will further enable capacity development in local communities and the governments of Rio de Janeiro and Medellin; a process which will be augmented by improving the awareness of stakeholders in other Latin American cities and countries through broader dissemination. Insights from collaboratively produced citizen-generated data will be integrated into the practices of disaster risk management and development monitoring (e.g. SDG reporting) in collaboration with international policymaking agencies, thus enabling transformations towards more equitable disaster risk reduction and sustainable development. As an overarching outcome, the project will enable the transformation of practices, improve knowledge among a diverse range of stakeholders and enhance capacity to promote equitable resilience.",Economy & Development; Housing & Urban; Data & Digital
URBE Latam: Understanding Risks and Building Enhanced Capabilities in Latin American cities,4B2C424E-6037-42F9-88FC-752FC35DDA68,ES/T003294/1,Closed,Research Grant,GCRF,894342,University of Warwick,2019-11-01,2021-09-29,Joao Porto de Albuquerque,Joao Porto de Albuquerque (PI),"URBE Latam addresses the implementation gap between sustainable development and equitable resilience. It will do so by using a transdisciplinary research approach aimed at empowering residents of disaster-prone urban poor neighbourhoods, which will underpin the co-production of enhanced, context-specific understandings of local risks and the integration of the resulting data into decision-making procedures in disaster risk reduction and sustainable development monitoring. 

The project is conducted by a highly skilled multi-disciplinary research team (including social sciences, engineering and physical sciences) and adopts a dialogic co-production approach to citizen-generated data which relies upon well-established partnerships with community-based initiatives for local development, education and disaster risk reduction in Rio de Janeiro and Medellin, as well as with governmental agencies involved in disaster risk reduction and local planning and development.

URBE Latam proceeds in four integrated components that seek an enhanced understanding of risks, vulnerabilities and local capabilities in disaster-prone urban areas: first it is centred on the engagement of citizens to generate data to expand understandings of risks at the neighbourhood level; second, citizens engagement in risk will be pursued alongside an analysis of socio-spatial inequalities in resilience and development indicators and policies at city and national level; third, this will lead to the recalibration of environmental risk mapping with citizen-generated data; fourth, these components are articulated and integrated within a framework to facilitate dialogic transformations across the different levels and stakeholders involved.

The process of advancing these outputs will further enable capacity development in local communities and the governments of Rio de Janeiro and Medellin; a process which will be augmented by improving the awareness of stakeholders in other Latin American cities and countries through broader dissemination. Insights from collaboratively produced citizen-generated data will be integrated into the practices of disaster risk management and development monitoring (e.g. SDG reporting) in collaboration with international policymaking agencies, thus enabling transformations towards more equitable disaster risk reduction and sustainable development. As an overarching outcome, the project will enable the transformation of practices, improve knowledge among a diverse range of stakeholders and enhance capacity to promote equitable resilience.",Economy & Development; Housing & Urban; Data & Digital
Understanding Children's Lives and Outcomes,49AFBFCF-9109-4A57-8F5D-8CF504630F03,ES/V011243/1,Closed,Research Grant,ESRC,267563,University of Edinburgh,2020-09-30,2023-03-30,Morag Treanor,Morag Treanor (Co-I),"Understanding Children's Lives and Outcomes, led by Morag Treanor and Fiona Mitchell, will provide new insights to help better understand and deliver the best possible outcomes for children, utilising existing datasets newly acquired by Scottish Government, in areas including education, health and wellbeing, and the provision of protection and care for children. 
There is an extensive range of data about children in Scotland, but it is held across different organisations and is not currently linkable in a way that allows analysis and insights into outcomes and how they vary across society. In addition, our works aims not only to look at children as individuals or in isolation, but situate them within their household and familial context to create a richer understanding of the factors affecting children's lives and to help better address the needs and experiences of children. 
Through the research projects, we seek to demonstrate the usefulness of these datasets in order to better understand children's lives and inform policy and practice, and in turn promote the future use and re-use of this data. We aim to learn more about particularly vulnerable cohorts, such as looked after children and, overall, to better understand children and young people's pathways and outcomes, building an evidence base which can help to improve their health, wellbeing and attainment. 

The ambitions for people in Scotland are captured in the National Performance Framework, which has a core strand on Children and Young People, and strives for an environment where children grow up loved, safe and protected and can reach their full potential. Our research projects directly respond to the Scottish Attainment Challenge, Permanence and Care Excellence Programme and Independent Care Review 2020 in Scotland, to improve data and outcomes for children in these areas. 

We will undertake two projects. 
The first will look at educational exclusions and absences. We will examine the variation between schools and between local authorities in their policies and practices in relation to temporary exclusions and absence, and will establish what policies are most effective in reducing exclusions and absences and improving children's outcomes. We will also explore the role of family characteristics and circumstances household living arrangements. This will allow us to explore the extent to which it is policy and practice, and not the demographics of the catchment or the characteristics of the family that make the difference to absences, exclusions and outcomes.

The second project will examine growing up in kinship care. Our ambition is to increase our knowledge of the needs, circumstances and outcomes of children currently living in formal kinship care. We will look at the requirements that universal, and targeted services need to meet in the context of statutory duties focussed on promoting the wellbeing of all children. In the course of undertaking this research we will find out whether this new linked dataset could be used to create thematic reports that could form part of a more in depth annual statistical bulletin produced by government.",Governance & Policy; Health & Wellbeing; Data & Digital
Understanding Chinese government containment measures and their societal impacts,5EA83C48-3AA0-49A2-B6CF-CE1517A4042E,MC_PC_19072,Closed,Intramural,COVID,333963,University of Glasgow,2020-04-14,2022-03-30,Ana Ines Langer; Jane Duckett,Ana Ines Langer (Co-I); Jane Duckett (PI),"We urgently need to understand Chinese government measures to contain COVID-19. Rates of infection seem to be slowing in China, but they are accelerating worldwide. Given the apparent success of Chinese measures, other countries may consider adopting them. Yet we do not fully understand China’s measures — which extend well beyond health and clinical management — or their effects. Anecdotal evidence indicates that some measures created significant new problems, both for containing the virus (e.g. closing transport from the outbreak centre hampered the inward flow of medical supplies) and for members of Chinese society (e.g. quarantining those infected sometimes left dependents without carers). This project will use documentary policy and media analysis and fieldwork in four localities in China, to understand: the full range of measures taken by the Chinese government; how they were communicated to the population; their urban and rural societal effects (as well as their role in containing the virus); how the public responded to the measures; and whether public responses fed back to change policies. As the epidemic evolves in China we will regularly prepare short reports and online or in-person briefings that track policies and discuss evidence of their effects and arising ethical issues to create valuable resources for policy makers internationally.",Governance & Policy; Health & Wellbeing; Global Health
Understanding and manipulating innate-like B cell mechanisms to prevent stroke-associated infection,B3FF4351-2AFE-4440-A038-E3B1481D305B,MR/R001316/1,Closed,Research Grant,MRC,1069706,University of Edinburgh,2018-02-01,2021-07-30,Craig Smith,Craig Smith (Co-I),"Stroke can cause considerable damage to the brain and is one of the most common causes of death and disability. Outcome and recovery after stroke are influenced not only by the brain damage but also by other complications happening inside and outside the brain. The most frequent complication of stroke that reduces the chances of a good recovery is infection, particularly from bacteria causing pneumonia in the lungs, which normally occurs in the first few days after stroke. At the moment, there are no treatments that are effective at reducing stroke-associated infection.

It is not fully understood why stroke patients are at such high risk of infection although several factors are probably involved. Research we and others have carried out previously suggests one of these contributing factors is that stroke causes some functions of the immune system that normally protect us from infection to stop working. If we can find out more about what aspects of protective immune function are affected by stroke, their causes, and ways to prevent or overcome these changes, we may be able to prevent or reduce the risk and poor impact of stroke-associated infection.

B cells are important immune cells that produce antibodies to help find and kill bacteria. If the number of B cells in our body is too low or they do not function properly this often leads to a much greater risk of infection. Some types of B cell, called innate-like B cells, produce antibodies very quickly and are essential for early defence against infection. Our recent work in a mouse model of stroke has shown that stroke causes a huge loss of these B cells in the spleen and impairs anti-bacterial functions normally performed by these B cells. We have also found that levels of antibody produced by these B cells are lower in stroke patients compared to healthy individuals.

The overall aim of our research project is to understand the scale of the disruption to innate-like B cells in different tissues throughout the body after stroke, their consequences on anti-bacterial immune function, and the signals involved in causing them. We will also test if a treatment we think can overcome disruption to these B cells can protect from stroke-associated infection.

We expect this work will show how badly innate-like B cells are affected after stroke and if targeting functions normally carried out by these cells to protect from infection may be a promising strategy for treatment of stroke patients. Ultimately, if results are positive, we hope the work will be a platform to set up trials in patients to further develop this treatment approach and test if it can reduce infection, disability and death in stroke patients.",Global Health; Health & Wellbeing; Conflict & Security
Understanding and targeting the suppressive function of the ARHGEF1 pathway to unleash T cell immunity against cancer,B691537D-C50B-485F-A1D1-151516E4A597,MR/W018454/1,Closed,Research Grant,MRC,629288,University of Cambridge,2022-04-30,2025-04-29,David Adams,David Adams (Co-I),"Cancer is a leading cause of illness and death worldwide. There were an estimated 19.3 million new cases of cancer and 10.0 million deaths in 2020. Cancer death is often preceded by prolonged periods of illness causing distress to patients and carers. There is an urgent need for improved treatments for cancer. 
 
T cells are specialised immune cells that can recognise and kill cancer cells but their function is often suppressed in tumours through a process known as cancer immunosuppression. Releasing T cells from immune suppression using medicines that target the so-called immune checkpoints, CTLA-4 and PD-L1, results in very effective clinical responses in some patients receiving treatment. However, these therapies only result in long-lasting responses in a minority of cancer patients and types of cancer. There is a need to identify other ways the immune system is suppressed in cancer if we are to build upon early successes in cancer immunotherapy for the benefit of the majority of patients who presently do not respond.
 
Research conducted within our laboratories has identified a new suppressive pathway operating within T cells, dependent upon a signalling protein called Rho Guanine Nucleotide Exchange Factor 1 (ARHGEF1) which restricts T cell function and limits their ability to eliminate cancer. The suppressive function of ARHGEF1 also limits responses driven by immune checkpoint inhibitors. The purpose of this work is to understand how ARHGEF1 suppresses immunity to cancer and immunotherapy responses, to understand the signals received by T cells which drive its suppressive function, and to determine how the ARHGEF1 pathway can be targeted to improve cancer therapy. 
 
Our proposed research is organised into three aims:
 
Firstly, using new mouse genetic models allowing ARHGEF1 to be disrupted within T cells, we will test how ARHGEF1 functions to suppress immune responses to primary and metastatic solid cancers. We will test whether targeting of ARHGEF1 improves adoptive cell immunotherapy or synergises with existing immune checkpoint inhibitor therapies for cancer. 
 
Secondly, using cutting-edge new experimental techniques for studying biological processes at the molecular level, we will look at the molecular interactions that cause ARHGEF1 to suppress T cell functions. We will determine the function of ARHGEF1 in human T cells. 
 
Thirdly, we will define the extracellular signals and receptors which activate the suppressive function of ARHGEF1 in mouse and human T cells, identifying new targets for immunotherapy.
 
These studies will define a new suppressive pathway which operates within T cells to limit immunity to cancer and immunotherapy responses. The research will define molecular targets for development of new immunotherapies that act alone or in conjunction with existing immune checkpoint inhibitors to improve therapeutic outcomes for patients with cancer.",Health & Wellbeing; Global Health; Economy & Development
University of Edinburgh 2022-2026 ADR UK Programme,F2CD910F-19D6-41C1-BD30-098F5297419A,ES/W010321/1,Active,Research Grant,ESRC,6953936,University of Edinburgh,2022-03-31,2026-03-30,Morag Treanor; Nick Bailey; Serena Pattaro,Morag Treanor (Co-I); Nick Bailey (Co-I); Serena Pattaro (Co-I),"Administrative data (that is, information collected primarily for administrative purposes) has long contributed to central government and other statistics. Technological advancement has resulted in the formation of very large administrative databases held by government, and by specialist agencies across the UK. The existence of such databases raises the possibility that administrative data could become, in an anonymised form, a core resource for social science academic research. 

During the pilot phase of ADR UK the Scottish Centre for Administrative Data Research (SCADR) has, together with partners in the Scottish Government, delivered a series of policy-relevant projects based on the linking of novel sets of administrative data. In the next phase of ADR UK we aim to work with government to deliver a programme of impactful research in strategically important policy areas which demonstrates the value of investment in administrative data infrastructure, and to act as a centre for methodological, intellectual and policy innovation.

Our five policy-critical research strands are: 
- Housing, Health and Welfare, which responds to the Scottish Government's key themes of inclusive growth, health and equality and will access new data to look at the interaction of health and labour market, and wealth and housing. 
- Health and Social care, which will have a focus on end of life care (supporting the government manifesto commitment to develop a palliative end of life care strategy) and, drawing on new data, examine the dynamics of the nursing workforce.
- Community Safety and Equality will examine how to improve safety and equality across communities by linking data from law enforcement, justice and health. Studies will examine frequent and overlapping user demand for public services and provide insights on complex problems such as violence, problem drug use and rising crime.
- Children's Lives and Outcomes will focus on three areas: (1) the scarring effect of COVID-19 on aspects of young people's progress, (2) deepening the understanding the attainment gap and (3) support the data needs resulting from government policies such as the incorporation of the UNCRC into Scots Law.
- Lifelong Health and Wellbeing aims to provide evidence in support of Public Health Scotland's 'Fairer, healthier Scotland strategic framework', designing projects that explore how different factors can impact on people's lives and health as they age and identify interventions and policy areas that will help reduce health inequalities.

A cross-cutting research theme will address issues related to the COVID-19 pandemic and its consequences for society. This will continue to explore longer term outcomes and recovery and will be expanded to include any further emerging priorities over the next four years.

A world-leading aspect of our work is the creation of new study cohorts that can be made available for research use. In the next four years we will undertake a major programme of work that will reconstruct families over multiple generations (called the Scottish Historical Population Platform, or SHiPP). Ultimately the data could (with appropriate safeguards for anonymity of the individual) be linked to biomedical data, opening up the opportunity to investigate the role of genes, environment and social mobility - linking living conditions, family structure and genomics. 

The researchers involved in SCADR will work closely with colleagues in the Scottish Government on the development of core national linked datasets on equalities, vulnerable people and families, prisoners and health, a care leaver's dataset and a study of drug deaths. 

SCADR will continue its commitment to build research capacity though expansion of its training programmes and by working with partners and data controllers to develop better information about how to access data and about the datasets themselves.",Data & Digital; Governance & Policy; Health & Wellbeing
Urban Big Data,9FFFDEFF-7669-4424-B122-44F46CBED0C3,ES/L011921/1,Active,Research Grant,ESRC,13835762,University of Glasgow,2014-01-30,2026-03-30,Fiona Crawford; Joao Porto de Albuquerque; Keith Kintrea; Nick Bailey,Fiona Crawford (Co-I); Joao Porto de Albuquerque (Co-I); Keith Kintrea (Co-I); Nick Bailey (PI),"The proposed UBDRC will bring together an internationally outstanding combination of researchers, data resources and engaged local and national stakeholders to establish a unique linked data resource based in the University of Glasgow (UoG). Through extensive partnerships with other key academic institutions, data-owning organizations, and other scientific, governmental, third sector and business organizations, the UBDRC will: (i) establish a world leading facility to create an multi-sectoral urban linked data resource from local government authorities and business owners in Glasgow; (ii) provide outstanding training and research support services to ensure wide exploitation of the data; and (iii) deliver a strategic approach to knowledge transfer and training to build capacity and engage with policy, business, and the wider public. The UBDRC will provide a unique facility for researching cross-cutting urban issues and complex urban challenges by enabling access to multi-sectoral linked data from local government, business and other sources. This vision will be achieved by: (1) Data Services: UBDRC will focus on bringing together myriad of datasets many of which are unique and hard to obtain, from multiple urban sectors to create a linked urban data resource that allows comprehensive and cross-sectoral research. The centre will provide data curation services and the necessary metadata and provide a range of data access services to users, including, where necessary, secure access to confidential data. (2) Methods and social science research: UBDRC will develop, test and evaluate a wide range of methodological approaches including urban and regional modeling, agent-based models, machine learning and other methods and will support research leading to new cross-cutting theoretical insights, hypotheses and understanding of urban systems, thereby stimulating foundational research on new models of urban behaviour, processes and service provision. The data resource will be used to develop spatially-indexed (and perhaps temporally-indexed) urban indicators on myriad aspects describing the quality and character of urban spaces, and the spatial distribution of the urban processes, eg, on environmental risks, mobility and accessibility patterns, housing and educational aspects, and other aspects that desribe the socio-demographic, economic, environmental, built environment, physical and other aspects of urban areas.. The data would further allow policy research on a wide range of urban sectors and the derivation of a multitude of approaches for urban governance and business development. Additionally, new insights may be derived for capacity-building, innovations and learning strategies to better equip citizens to meet a diversity of challenges in cities of the future. (3) Knowledge Exchange, Outreach and Public Engagement: The UBDRC will be an important node in a growing network of UK-wide and international initiatives on cities. The networks include: international centres on urban research and cities, international research Networks, and networks of governmental, private, non-profit and other organizations.
The UBDRC will undertake a research programme to advance the state-of-the-art of methods related to the use of the data resource, as well as an applied urban research stream to demonstrate the use of the linked urban Big Data resource and to derive understanding towards theory, planning and policy. Research Group 1: Methods Research: A series of computational, data management, statistical, and urban analytics projects will be undertaken to make the data more easily accessible and usable. Group 2: Urban Research Projects (URPs): Research projects on substantive urban issues such as transport, housing, migration and education will demonstrate to data owners and policy makers the value of large-scale, cross-sectoral data linkage and lead to policy insights for public, private and non-profit decision-makers.",Housing & Urban; Data & Digital; Governance & Policy
Urban Big Data Centre,B8573536-7F38-4823-AA9D-F7C729F18BF4,ES/S007105/1,Active,Research Grant,ESRC,1885198,University of Glasgow,2019-01-30,2030-01-29,Annette Hastings; David McArthur; Jing Yao; Keith Kintrea; Mark Tranmer; Nick Bailey,Annette Hastings (Co-I); David McArthur (Co-I); Jing Yao (Co-I); Keith Kintrea (Co-I); Mark Tranmer (Co-I); Nick Bailey (PI),"The Urban Big Data Centre aims to promote innovative research methods and the use of big data to improve social, economic and environmental well-being in cities. Traditionally, quantitative urban analysis relied on data designed for research purposes: Census and social surveys, in particular. Their qualities are well understood and the skills needed for extracting knowledge from them widely shared by social researchers. With the arrival of the digital age, we produce an ever increasing volume of data as we go about our daily lives from physical sensors, business and public administrative systems, or social media platforms, for example. These data have the potential to provide valuable insights into urban life but there are many more challenges in extracting useful knowledge from them. Some are technical, arising from the volume and variety of data, and its less structured nature. Some are legal and ethical, concerning data ownership rights and individual privacy rights. 

Above all, there are important social science issues in the use of big data. We need to shape the questions we ask of these data with an informed perspective on urban problems and contexts, and not have data drive the research. There is a need to ask questions about the data themselves and how they affect the resulting representations of urban life. And there is a need to examine the ways in which these data are taken up by policy makers and used in decision making. 

UBDC is a research centre which brings together an outstanding multi-disciplinary team to address these complex and varied challenges. We are a unique combination of four capacities: social scientists with expertise from a range of disciplinary backgrounds relevant to urban studies; data scientists with expertise in programming, data management, information retrieval and spatial information systems, as well as in legal issues around big data use; a data infrastructure comprising a substantial data collection and secure data management and analysis systems; and an academic group with strong connections to policy, industry and civil society organisations developed over the course of phase one and wider work. 

In the second phase, our objectives are to maximise the social and economic benefits of activities from phase one. We will do this in particular through partnerships with industrial and government stakeholders, working together to produce analyses which meet their needs as well as having wider application. We will continue to publish world-leading scientific papers across a range of disciplines. We will work to enhance data collections and develop new methods of analysis. We will conduct research to understand the quality of these new data, how well they represent or misrepresent particular aspects of life, and how they are and could be used by policy makers in practice. Lastly, we will build capacity for researchers and others to work with this kind of data in future. 

Our work programme comprises four thematic work packages. One focuses on understanding the sustainability, equity and efficiency of urban transport systems and on evaluating the impacts on these of infrastructure investments. There is a particular focus on public transport accessibility as well as active travel and hence health outcomes. The second examines the changing residential structure of cities or patterns of spatial segregation, and their consequences for social equity, with a particular focus on the re-growth of private renting. The third studies how urban systems shape skills development and productivity and, in particular, how the combination of home and school environments combine to shape secondary educational attainment. The fourth explores how big data are being taken up by policy makers. It asks what the barriers are to more effective use of these data but also whether they distort the picture of needs which a public body may form.",Data & Digital; Housing & Urban; Economy & Development
"Urban citizenship and transcontinental lives: Crisis, connection and policy coherence through the lens of 'Somali Britain'",69528C3C-B686-4BD3-89F8-A617505399BC,ES/X010848/1,Active,Research Grant,ESRC,722851,University of Sheffield,2024-01-08,2027-01-07,Paula Meth,Paula Meth (Co-I),"Recent years have further revealed the depth of inequality in UK cities, including in relation to race and unequal access to the elusive identity of 'Britishness' in the context of polarized attitudes towards migration, asylum and the UK's imperial past. The experience of Somali diaspora - among the UK's most stigmatized and misunderstood but resourceful communities - throws these issues and the broader challenges of post-Brexit, pandemic Britain into sharp relief. The UK Somali experience sits at the intersection of local and global challenges in ways that are emblematic of contemporary questions of race, refuge and unequal citizenship in the context of problematic ideas of 'integration'. Moreover, the lives of UK Somali communities are often highly transcontinental, with patterns of investment and political engagement in the 'homeland', and the reality or aspiration of 'return', shaping their relationship with the UK and the British state. The Somali experience of life in UK cities is thus intimately connected to development processes in Somalia, and vice versa. Consequently we need to think about policy in more connected ways too, spanning the divides between local communities policy and international development policy. 

This project will analyse these intersections. It frames the British Somali experience of urban citizenship in relation to the varying 'faces' of Britain both locally and globally, through research in three very different cities that illustrate diverse aspects of the UK's urban political geography and have different roles in Somali migration histories: Sheffield, Bristol and London borough of Camden. This is supplemented by research with returnees and transcontinental communities in Somalia/Somaliland. It combines an interdisciplinary approach drawing across urban studies and development studies with a collaborative, partnership-based design, drawing in civil society partners including the Refugee Council, City of Sanctuary, the Council of Somali Organizations and local Somali community-based organizations in all three cities. 

The research aims to explore: i) the experiences of multigenerational Somali communities in UK cities in terms of exclusion, representation, service access, aspirations and inter-community engagement; ii) how this relates to changing transcontinental networks and developments in Somalia; iii) how UK policy both globally and locally feeds into the Somali diasporic experience and capacity to manage recurrent crises; and iv) how a better understanding of these dynamics could foster enhanced urban citizenship and solidarity, and improved policy across a range of domains.

Through engaging local and national partners and government at different scales, the project will generate new avenues of cross-sectoral dialogue, practitioner guidance and opportunities for research-led civil society activism. Moreover, as Somali refugees were the first significant incoming refugee group in the post Cold-War era, a long-term view on their experiences holds important lessons for present and future refugee experiences. The project will therefore put the research findings relating to the experience of Somali diaspora in conversation with the needs of more recent refugee arrivals, taken forward through project partnerships with the Refugee Council and City of Sanctuary.

The overarching vision of this project is to deepen knowledge on the interdependence of global and local challenges through this focus on the urban experience of multigenerational Somali refugee diaspora, in order both to build inter-community solidarity and contribute to improved coherence across relevant policy domains. It offers fresh lenses on interconnected problems through a transcontinental research programme involving sustained inter-sectoral modalities of working, novel forms of multi-sited and interdisciplinary research, and a collaborative plan for impact and knowledge exchange predicated on deep community engagement.",Migration & Citizenship; Housing & Urban; Governance & Policy
Vascular endothelium as the amplifying machinery of oncogene-induced senescence surveillance,D7CB6B62-EC2E-489F-80E7-D14B96DE81E4,MR/R010013/1,Closed,Research Grant,MRC,701411,University of Cambridge,2018-03-06,2021-03-05,David Adams,David Adams (Co-I),"The development of cancer occurs when cells of the body accumulate damage to their DNA. This generally occurs slowly, but many patients have an increased risk of cancer development due to long-term inflammation such as liver cirrhosis or inflammatory bowel disease. This inflammation leads to damage to the DNA and activation of cancer-causing genes. At the earliest stages of cancer, prior to our current ability to detect cancer the body has defence mechanisms that suppress these cancer-causing genes and prevent cancer progressing. One such mechanism is called cellular senescence where cells of the body sense this damage and respond by irreversibly preventing that cell from reproducing itself any further. Senescent cells also signal to other cells around themselves preventing them from reproducing and attracting circulating immune cells that kill the senescent cell and the cancer-causing genes that it contains. Therefore, understanding how senescent cells are detected and killed by the immune system is important and could be a way of treating patients to prevent them getting cancer in the first place.

Immune cells, which circulate in our blood, enter different parts of our body by sticking to the walls of the blood vessels when they detect a problem, such as inflammation. Within the liver the blood vessels are lined by sinusoidal endothelial cells, which can attract immune cells into the liver to kill bacteria and viruses. We know that immune cells enter the liver when cancer develops, but we do not know how this happens when cells of the liver become senescent or cancerous. Nor do we understand whether the endothelial cell is important in this process. If we could understand the processes that cause immune cells to enter the liver to kill senescent cells, then we might be able to target this pathway and prevent cancer developing in the first place through boosting the bodies natural defences. Boosting the immune system to fight cancer has already been shown to be effective in other cancers such as melanoma.

In this research proposal, we aim to find out:
1) whether the endothelial cell is activated by senescence in the liver and how the endothelium is altered. 
2) which parts of the immune system are attracted by the endothelial cell in response to senescence developing in the liver and whether the endothelial cell activates the immune system as it enters the liver.
3) which molecules and signals are important when sinusoidal endothelial cells respond to senescence and whether boosting these signals improves the ability of the immune system to enter the liver in response to senescence.
4) if this response is prevented by interfering with the normal function of the endothelial cells, whether this allows liver cancer to develop.
5) whether similar changes to the liver sinusoidal endothelial cell occur in the liver of patients with chronic inflammation or other patients with liver cancer.

To achieve this we will study how the endothelial cells from the liver behave when senescent cells are present in the same liver. Much of our research will involve studying cells grown in a laboratory as well as diseased human liver tissue which has been removed after surgery. Our research will also involve studying these cells in mice, as this is the only way to study the complex links between senescent cells, endothelial cells and the immune system.

This proposal will be carried out in two laboratories at the Universities of Birmingham and Cambridge that specialise in looking at immune cells in the liver and looking at senescence respectively.

If we can find out whether it is possible to improve the functioning of the immune system and improve the ability to clear the earliest forms of cancer within the liver we might be able to design treatments that prevent patients in the future from developing cancer.",Economy & Development; Health & Wellbeing; Conflict & Security
Waterproofing Data: engaging stakeholders in the sustainable governance of flood risks for urban resilience,EFC381E5-73A3-40AE-ACE3-4D1FAC4235FF,ES/S006982/1,Closed,Research Grant,ESRC,361893,University of Warwick,2018-09-30,2021-09-29,Joao Porto de Albuquerque,Joao Porto de Albuquerque (PI),"Waterproofing Data investigates the governance of water-related risks, with a focus on social and cultural aspects of data practices. Typically, data flows up from local levels to scientific &quot;centres of expertise&quot;, and then flood-related alerts and interventions flow back down through local governments and into communities. Rethinking how flood-related data is produced, and how it flows, can help build sustainable, flood resilient communities. 

To this end, this project develops three innovative methods around data practices, across different sites and scales: 1) we will make visible existing flows of flood-related data through tracing data; 2) generate new types of data at the local level by engaging citizens through the creation of multi-modal interfaces, which sense, collect and communicate flood data, and; 3) integrate citizen-generated data with other data using geo-computational techniques. These methodological interventions will transform how flood-related data is produced and flows, creating new governance arrangements between citizens, governments and flood experts and, ultimately, increased community resilience related to floods in vulnerable communities of Sao Paulo and Acre, Brazil.

The project will be conducted by a highly skilled international team of researchers with multiple disciplinary backgrounds from Brazil, Germany and the UK, in close partnership with researchers, stakeholders and publics of a multi-site case study on flood risk management in Brazil. Furthermore, the methods and results of this case study will be the basis for a transcultural dialogue with government organisations and local administration involved in flood risk management in Germany and the United Kingdom.",Data & Digital; Governance & Policy; Culture & Heritage
Waterproofing Data: engaging stakeholders in the sustainable governance of flood risks for urban resilience,F774DC22-C9BD-4C26-8855-9EB1528C8A3E,ES/S006982/2,Closed,Research Grant,ESRC,116334,University of Glasgow,2021-09-30,2022-06-29,Joao Porto de Albuquerque,Joao Porto de Albuquerque (PI),"Waterproofing Data investigates the governance of water-related risks, with a focus on social and cultural aspects of data practices. Typically, data flows up from local levels to scientific &quot;centres of expertise&quot;, and then flood-related alerts and interventions flow back down through local governments and into communities. Rethinking how flood-related data is produced, and how it flows, can help build sustainable, flood resilient communities. 

To this end, this project develops three innovative methods around data practices, across different sites and scales: 1) we will make visible existing flows of flood-related data through tracing data; 2) generate new types of data at the local level by engaging citizens through the creation of multi-modal interfaces, which sense, collect and communicate flood data, and; 3) integrate citizen-generated data with other data using geo-computational techniques. These methodological interventions will transform how flood-related data is produced and flows, creating new governance arrangements between citizens, governments and flood experts and, ultimately, increased community resilience related to floods in vulnerable communities of Sao Paulo and Acre, Brazil.

The project will be conducted by a highly skilled international team of researchers with multiple disciplinary backgrounds from Brazil, Germany and the UK, in close partnership with researchers, stakeholders and publics of a multi-site case study on flood risk management in Brazil. Furthermore, the methods and results of this case study will be the basis for a transcultural dialogue with government organisations and local administration involved in flood risk management in Germany and the United Kingdom.",Data & Digital; Governance & Policy; Culture & Heritage
What Worked? Policy Mobility and the Public Health Approach to Youth Violence,52516A92-4D99-4B96-8E1E-FF57F0872B55,ES/T005793/1,Closed,Research Grant,ESRC,707309,University of Glasgow,2020-12-01,2024-01-25,Alistair Fraser,Alistair Fraser (PI),"The study seeks to further the ESRC's strategic objective of a 'safer, fairer society' through establishing a new evidence-base on public health approaches to violence reduction, and the ways such policies transfer between jurisdictions, to shape policy, guide best practice, and inform academic and public debate.

The study responds to the urgent social problem of rising youth violence. England and Wales have seen marked increases in homicide, knife crime, and hospital admissions for stab-wounds, with particular concentrations in the city of London. Cressida Dick, Commissioner of the Metropolitan Police, has stated that tackling youth violence is her 'number one priority.' 

In March 2019, UK Prime Minister Theresa May unveiled a consultation on a new public health strategy for youth violence. This approach, which seeks to address violence using principles of prevention and education rather than policing and justice, marks a major step-change in policy. The interest in developing this approach stems primarily from Scotland, where radical reductions in violent crime over the last decade have been attributed to the adoption of a public health model. 

There is however a lack of clear understanding of 'what worked' in the Scottish context. While there have indeed been marked declines in youth violence, the mechanisms that have driven this decrease are poorly understood. There is confusion over what public health approaches are, how they work, and the conditions under which such ideas can travel. As a result, despite significant potential, the implications of the public health approach remain vague. 
 
The study will be delivered in three work-streams over a three year period:

1. What Worked

Through thirty semi-structured interviews with elite actors - senior police, politicians, and civil servants - we will establish an expert appraisal of the causes of violence reduction in Scotland. This will be complemented by a detailed documentary analysis, investigating the social, political, and cultural conditions in which violence reduction occurred, and a series of twenty semi-structured interviews with practitioners and residents of communities affected by violence to establish a bottom-up account of change. Finally, available statistical data on violence and health will be leveraged to triangulate explanations. These data-sources will be combined to produce a policy briefing, two journal articles, and a short film on the theme of 'what worked'.

2. Policy Travels 

Using flexible and responsive ethnographic methods, we will track the evolution of the public health approach in London as it evolves in real time, entering the 'assumptive worlds' of policy through attendance at key meetings and events. Observations will be complemented by a series of thirty semi-structured interviews with elite actors engaged in violence reduction in London, and twenty semi-structured interviews with local residents and youth practitioners, exploring the factors that promote or impede change. Mirroring data-collection in Scotland, relevant statistical data will be used to evaluate the extent to which policy changes are impacting on violence reduction. These data will be used to produce a second policy briefing, two journal articles, and a series of podcasts on 'how ideas travel'. 

3. Connecting Communities 

Data from these work-streams will be connected via an open access data-set to enhance understanding of best practice in violence reduction. Data will be analysed and published as an academic monograph aimed at scholars working in the areas of criminology, public health and social policy. Through our advisory group and engagement with policy user-groups, we will engage directly with policy actors at the highest level, and using cooperative methods will create a practitioner toolkit. Communities of policy, practice and public will be connected through a website, a series of events and a roadshow.",Health & Wellbeing; Conflict & Security; Governance & Policy
Whose crisis?: The global COVID-19 crisis from the perspective of communities in Africa,21D603CE-3C9B-4FC4-8B66-475EE45AFCAD,AH/V007947/1,Closed,Research Grant,GCRF,139047,University of Glasgow,2020-08-31,2022-03-30,Jude Robinson,Jude Robinson (Co-I),"The COVID-19 pandemic may prove to be the most documented global pandemic in history. However, the voices of this pandemic are dominated by those generated in the North by an overwhelming minority of wealthy and powerful authors, reflecting on a crisis that, while impacting the whole world, is experienced in vastly different ways. Coupled with this, the responses in governance and frontline action have been led by the North. This project addresses this imbalance of representation and positions our Southern partners centrally as agents of change within the volatile environment of the COVID-19 crisis. 

Quickly referred to as the &quot;rich man's disease&quot; in resource poor contexts of Africa; the adoption of Northern responses to COVID-19 in terms of restricted mobilities and trade, the closure of schools, and an emphasis on testing and treating COVID-19 is putting additional and critical pressure on already overburdened social, economic and health systems. This project addresses the intersection and connection of these two realities: representation and response. The &quot;Whose Crisis?&quot; project will create a platform (the SFA COVID-19 Global Voices Hub) and a pathway for understanding and exchange for societal, health, economic, government and public stakeholders, to inform responsive action.

Our research asks: (1) What are the lived experiences of, perspectives on, and responses to, COVID-19 in vulnerable communities in sub-Saharan Africa?; (2) How can perspectives be shared in participatory and collaborative ways to mobilise Northern and Southern expertise, resources, and engagement?; and (3) What can be achieved when the voices of under-represented and under-served communities in Africa are amplified, in terms of Global Health in a pandemic context? 

COVID-19 may not present the same risk to life in Africa as many other health risks faced there every year, but it is one that has opened a new shaft of light and level of attention onto what is understood as 'global health'. COVID-19 is highlighting existing inequalities and making very clear the bio-social nature of disease (Gibbon et al 2020) wherein biological vulnerabilities are created through socio-economic inequalities. There is an urgent need to bridge this complexity and reflect the global diversity of human experience and more a balanced understanding of this pandemic.

Although frontline health care is a priority, attempts to meet the health challenges of pandemics exist within a fragile ecosystem, particularly in the Global South. A lack of contextual, faith, traditional, and cultural understanding, involvement of local communities or recognition of national priorities can negatively affect health interventions and outcomes that will arise from COVID-19, and thus distort health policy, governance and research in related fields (e.g. the current widespread imposition of &quot;lockdown&quot; policies). 

The research design consists of a preparation phase (1) to adequately support this research in a time of especially fragile infrastructures and community wellbeing. This is followed by phases of community based and participatory fieldwork (2) and co-curation and dissemination (3) of voices, stories, and lived experiences. Genuine engagement, innovative methods, and sophisticated communications will combine to ethically attend to the current situation as well as prepare for what's next. Thus, this project is built on long standing partnerships, agility, and rapid knowledge transfer afforded by the existing Sustainable Futures in Africa (SFA) network. 

This research needs to happen now, as decisions, perspectives, and opportunities are being made and missed every week as the global condition shifts. The implications of ignoring cultural perspectives and missing the opportunities to learn from all, will lead to further inequity, misdirected policies, misallocated resources, increased dominance of certain viewpoints and increased ignorance of the plurality of our experiences.",Global Health; Health & Wellbeing; Governance & Policy
Why Does the Past Matter? Emotional Attachments to the Historic Urban Environment,9441ED9F-0F3E-41DB-9312-8799D97B93E7,AH/P007058/1,Closed,Fellowship,AHRC,184567,University of Glasgow,2017-07-31,2020-12-31,Rebecca Madgin,Rebecca Madgin (Fellow),"The role of heritage within public policies has recently been elevated within both national and international contexts. The Scottish Government's strategy Our Place in Time began a process of &quot;mainstreaming the historic environment across national government policies&quot; (2014:13) whereas UNESCO's Historic Urban Landscapes approach (2011) was designed to integrate &quot;the goals of urban heritage conservation and those of social and economic development&quot; (2014:5). The potential for heritage to contribute to a range of agendas is therefore well recognised within public policy. However, despite this rhetoric there is still an acknowledgment that the heritage sector has not fully evidenced the reasons why the past matters to a range of individuals. This is clearly demonstrated by the Scottish Government, who within the same Strategy document, stated their need to &quot;improve our understanding of the role and impact the historic environment plays in all aspects of our lives - for example, its role in identity, well-being and sense of place&quot; (2014:15). This project sits firmly within this context as its central aim is to examine the range of factors that contribute to the development of emotional attachments between people and the historic urban environment and the extent to which these factors are considered within the designation and management of heritage in the UK. Contained within this context are three central research questions:

RQ1: To what extent, and for what reasons, do changes to the urban environment expose emotional attachments between people and historic places?

RQ2: In what ways, and for what reasons, do individuals express their emotional attachments to the historic urban environment during times of urban change?

RQ3: To what extent, and how, are emotional attachments to place considered during the designation and management of historic urban assets?

The central core of the project engages with the emotional turn within heritage studies through conducting an analysis of the ways in which emotional attachments form between people and their historic urban environment. Previously described as the &quot;elephant in the room of heritage and museum studies&quot; (Smith and Campbell, 2016) emotion is increasingly becoming an influential theme within heritage studies. The project is premised on the belief that changes to urban environments can unlock previously latent emotional attachments to historic urban buildings. As such a number of urban case studies are examined through a combination of documents from privately held and rarely accessed archives, and newly-created data from place-based oral histories and focus groups. This existing and new data will then be subjected to analysis to try to examine the extent to which, and reasons why, the past matters to a range of individuals from heritage professionals to non-heritage professionals, defined as those people who are locally embedded within the historic urban environment, such as residents and activists.",Culture & Heritage; Housing & Urban; Environment & Sustainability
Working in the public interest? Spatial planning and the future of public service professional labour,2760381A-903C-4A4E-AD66-30A84CF797D9,ES/P011713/1,Closed,Research Grant,ESRC,543520,University of Sheffield,2017-12-01,2020-07-30,Andy Inch,Andy Inch (Co-I),"This study proposes the first major investigation in the UK into the increasing involvement of private companies in carrying out professional spatial planning work formerly conducted by local government. 
 
In the postwar era, decisions about urban development were justified with the idea that state-employed planners served a unified public interest. As politically-neutral bureaucrats working in government, they stood above particular interests to serve a common good. Although this 'public interest' justification has long been challenged it remains important for professional practice. However, over the last 20 years organisational reforms (intensified by austerity) have seen some planning functions of the state devolved to local communities, while the role of the market has been expanded with the private sector increasingly delivering planning services. Nearly half of all UK Chartered Planners now work for private firms and the Government seeks to extend private sector involvement. Despite this, there has been little research on the effects of privatisation on professionalism and how the public interest is understood in planning.
 
To fill this gap, we will focus on 3 key areas: 1. The extent and nature of private sector involvement in planning; 2. The implications of this involvement for planners' understanding of their professional role, 3. The consequences of this involvement for traditional justifications of planning activities as in the 'public interest'. 
 
The project will use: 
-archival work to trace how 'the public interest' is understood in planning: undertaking a history of the concept in relation to changing public/private arrangements for service delivery 
-focus groups, co-produced with the Royal Town Planning Institute, to provide an up-to-date account of the new public and private organisational arrangements for planning in the UK 
-biographical interviews, to develop reflective discussion among planning professionals on the way that these new organisational arrangements have changed their understanding and practice relating to professionalism and its role in securing the public interest 
-in-depth case studies of the contexts in which private sector professionals work to explore how ideas of 'professionalism' and the 'public interest' are defined and realised through the day-to-day practices and interactions of various professionals, politicians and citizens involved in local planning. 
 
It will answer five research questions: 
1. How have the roles of the public and private sectors in delivering public interest planning goals changed over the post-war period? 
2. Through what public/private organisational forms is planning now delivered? 
3. How have professional planners working in diverse settings adjusted to changing organisational arrangements, what 'professional' work do they do, and how do they define and understand their professional identity? 
4. What effects do different organisational configurations have on the ways that planning's contested public interest purposes are defined and realised, particularly in relation to the complexities of place, democracy, and local politics? 
5. How can 'public service' professional labour be reimagined as a means of better realising public interest goals, and challenging dominant understandings of what public services can and should legitimately deliver? 
 
As the first empirical study of how privatisation is influencing UK planning, the project will make several ground-breaking contributions to knowledge. It will provide academics with an innovative framework for understanding how these profound changes are reshaping what it means to be a 'professional', and the nature of decision-making in the 'public interest'. Finally, it will generate debate about how professionals might better realise the public interest in the future; highlighting the potentials but also the dangers of the commercialisation of public sector work.",Governance & Policy; Economy & Development; Housing & Urban
