project_id,partner_org,partner_org_id,partner_role
2ECB1656-92BD-4CA9-91CC-71BB814AC4ED,University of Glasgow,F7493102-EBE9-4DE8-9C75-972A816C2F78,COLLAB_ORG
2ECB1656-92BD-4CA9-91CC-71BB814AC4ED,University College Dublin,8934133A-B52F-4A87-8FA8-4EAA37543ED6,COLLAB_ORG
2ECB1656-92BD-4CA9-91CC-71BB814AC4ED,The Electoral Commission,5643ED0C-967E-4092-84D7-3161C370F714,COLLAB_ORG
2ECB1656-92BD-4CA9-91CC-71BB814AC4ED,Government of Scotland,8AD011CE-BA40-4A2F-B5BB-57DE53089CBE,COLLAB_ORG
2ECB1656-92BD-4CA9-91CC-71BB814AC4ED,Royal Society of Edinburgh (RSE),571DD76A-91F6-4E59-88A0-A3D2B94B481B,COLLAB_ORG
F1270939-1A5A-43F5-B592-3DB4F9CCC3BB,Micropelt Gmbh,1D2A569C-A127-4721-89BD-2CC9551EA139,PP_ORG
F1270939-1A5A-43F5-B592-3DB4F9CCC3BB,Johnson Matthey (United Kingdom),1866E562-8B1C-472D-B52A-62A996D736CD,PP_ORG
F1270939-1A5A-43F5-B592-3DB4F9CCC3BB,European Thermodynamics (United Kingdom),CC542EE9-9BC8-48FF-942C-D9EB181B0411,PP_ORG
F1270939-1A5A-43F5-B592-3DB4F9CCC3BB,Science and Technology Facilities Council,0CFE4273-1B98-4C7E-AEF3-8D692A92C2E3,PP_ORG
78F96F2A-A010-489D-AAC9-C3E3122117F2,University of Glasgow,F7493102-EBE9-4DE8-9C75-972A816C2F78,PP_ORG
78F96F2A-A010-489D-AAC9-C3E3122117F2,Public Health Scotland,6CE2D6E3-F48C-4DE6-81DE-DAE8107E9DBF,PP_ORG
78F96F2A-A010-489D-AAC9-C3E3122117F2,Edinburgh Napier University,F821064E-B4C4-4A94-9708-77EB9CDDCE19,PP_ORG
FBBEA8C2-2AAB-474F-836A-E244EF8D958A,UK Health Security Agency,9D5A725A-7DB4-4D2C-A946-1FE96232BF2E,PP_ORG
FBBEA8C2-2AAB-474F-836A-E244EF8D958A,Roche (UK),D37B9230-439B-437A-99AF-5A395A48651F,PP_ORG
FBBEA8C2-2AAB-474F-836A-E244EF8D958A,Arup,D936986F-94D2-4DA9-86A7-66A0FCDFED02,PP_ORG
FBBEA8C2-2AAB-474F-836A-E244EF8D958A,Stratiphy,901E0364-3BAC-4C2D-BEFB-31A7DDEEA19E,PP_ORG
FBBEA8C2-2AAB-474F-836A-E244EF8D958A,NESTA,FB9A3F44-15B3-4EDE-B9A7-47D68440C3F9,PP_ORG
FBBEA8C2-2AAB-474F-836A-E244EF8D958A,OFFICE FOR NATIONAL STATISTICS,22484416-275D-469D-96D3-B85F5911540B,PP_ORG
FBBEA8C2-2AAB-474F-836A-E244EF8D958A,Glasgow City Council,B22ED118-C8F6-4E06-AC5E-ABB7FE97A6D1,PP_ORG
FBBEA8C2-2AAB-474F-836A-E244EF8D958A,Advice Robo,AA5F51D9-FF3D-400E-98E4-78C1EC745CBC,PP_ORG
FBBEA8C2-2AAB-474F-836A-E244EF8D958A,Methods Analytics Ltd,C4212C1D-FE55-4CFF-81DD-8DB46FDA5012,PP_ORG
FBBEA8C2-2AAB-474F-836A-E244EF8D958A,NayaOne,783A1642-F0F1-4F9C-A980-CF444A81D87F,PP_ORG
FBBEA8C2-2AAB-474F-836A-E244EF8D958A,Wikimedia UK,DD3C4C1A-AA73-45CA-94F2-376D37B81F4F,PP_ORG
FBBEA8C2-2AAB-474F-836A-E244EF8D958A,CRAFT,C11B1BCB-1B57-4AA9-B9B6-C56A9D6A8CCC,PP_ORG
FBBEA8C2-2AAB-474F-836A-E244EF8D958A,Somerset NHS Foundation Trust,D392C2B6-8B68-42BD-9C30-28F97DFB5597,PP_ORG
FBBEA8C2-2AAB-474F-836A-E244EF8D958A,Deep Blue Srl,CFF2B3D3-78DB-4CEF-8812-B9A238FEB28D,PP_ORG
FBBEA8C2-2AAB-474F-836A-E244EF8D958A,University Hospital Southampton NHS Foundation Trust,557A790B-D771-4D3F-B2CF-BE51DA51E8A9,PP_ORG
FBBEA8C2-2AAB-474F-836A-E244EF8D958A,Admiral Group Plc,03B5D4E9-550B-404E-8D57-F8D58AFF9E49,PP_ORG
FBBEA8C2-2AAB-474F-836A-E244EF8D958A,Royal Statistical Society,79B4CB1A-463E-4AC0-9068-D9B59CBB5A92,PP_ORG
FBBEA8C2-2AAB-474F-836A-E244EF8D958A,WhiteCap Consulting Ltd,C2426728-D0D7-41D5-B523-7A0BC134C73C,PP_ORG
FBBEA8C2-2AAB-474F-836A-E244EF8D958A,The Flowminder Foundation,B61219D8-4838-43E6-8C54-4AB0F13D4ACE,PP_ORG
FBBEA8C2-2AAB-474F-836A-E244EF8D958A,SIMBA Chain (UK),FBFA84AD-7126-407D-B866-EFB4CE2EF205,PP_ORG
FBBEA8C2-2AAB-474F-836A-E244EF8D958A,"Dept Levelling Up, Housing & Communities",837E27CA-96C0-4C08-8FDA-33EFC94EB229,PP_ORG
FBBEA8C2-2AAB-474F-836A-E244EF8D958A,SCOTTISH GOVERNMENT,793A0AC0-8E44-4997-9666-F4843CD4B637,PP_ORG
FBBEA8C2-2AAB-474F-836A-E244EF8D958A,Westminster City Council,75707093-AB70-42DE-B149-E6489A781677,PP_ORG
FBBEA8C2-2AAB-474F-836A-E244EF8D958A,Digital Poverty Alliance,D3B66CAB-9E81-4F7C-9975-04D00EBF2427,PP_ORG
FBBEA8C2-2AAB-474F-836A-E244EF8D958A,DeepSearch Labs,EBBDCB0F-2FF0-439D-8821-98D030AF5472,PP_ORG
FBBEA8C2-2AAB-474F-836A-E244EF8D958A,Climate Action Against Disinformation,40887642-BC1B-4097-8099-3438D655FA32,PP_ORG
FBBEA8C2-2AAB-474F-836A-E244EF8D958A,University of Cambridge,3B084C44-5AC4-43B5-AE31-F7DA58683C5C,PP_ORG
FBBEA8C2-2AAB-474F-836A-E244EF8D958A,Natural Resources (Wales) Limited,B5587564-2468-4E31-B01E-9DE57E03A9C4,PP_ORG
FBBEA8C2-2AAB-474F-836A-E244EF8D958A,Mayden,67DFC169-9319-4D14-8C5B-D6219ECEC3A1,PP_ORG
FBBEA8C2-2AAB-474F-836A-E244EF8D958A,MET OFFICE,B67E0B99-A01E-42F4-A0AB-CF3B0D40E597,PP_ORG
FBBEA8C2-2AAB-474F-836A-E244EF8D958A,Royal Town Planning Institute,202C28FF-8AD8-49B6-855A-6D573A7AC6F1,PP_ORG
FBBEA8C2-2AAB-474F-836A-E244EF8D958A,Timecentres UK Ltd,679E83E8-9580-48E1-93F1-635CE3D7A57D,PP_ORG
FBBEA8C2-2AAB-474F-836A-E244EF8D958A,FinTech North,F3E0EE63-E731-4C5F-8499-F923A60E2743,PP_ORG
FBBEA8C2-2AAB-474F-836A-E244EF8D958A,Cabinet Office,8FFE9D69-BF03-4480-9F8C-2B8E04268F24,PP_ORG
FBBEA8C2-2AAB-474F-836A-E244EF8D958A,FinTech West,DE430FAC-2498-41BD-A6E0-332F0D44DBF1,PP_ORG
FBBEA8C2-2AAB-474F-836A-E244EF8D958A,Southern Health NHS Foundation Trust,6E8D7D1F-9547-4EA1-AB03-2B23893729ED,PP_ORG
FBBEA8C2-2AAB-474F-836A-E244EF8D958A,Propellant,B4927068-5756-4E1C-96A8-7D919F017BD8,PP_ORG
FBBEA8C2-2AAB-474F-836A-E244EF8D958A,Plymouth Marine Laboratory,654226C6-BE00-44AE-BA68-D7C8B6AF80A5,PP_ORG
FBBEA8C2-2AAB-474F-836A-E244EF8D958A,CARDIFF CAPITAL REGION,C26598E2-2BE5-4485-881E-0D00C5EF35DA,PP_ORG
A586EEBA-D241-49F6-A383-0775A751B74B,University of Melbourne,AEA991B0-6F90-4BE9-B021-B8ECA6EFC65E,COLLAB_ORG
A586EEBA-D241-49F6-A383-0775A751B74B,Commonwealth Scientific and Industrial Research Organisation,14E92FA5-D62E-4837-AD63-1B210D625ED0,COLLAB_ORG
A586EEBA-D241-49F6-A383-0775A751B74B,SPC,35498F50-0969-464F-AEA7-775BC001B298,PP_ORG
A586EEBA-D241-49F6-A383-0775A751B74B,Mike Lewis,714FF706-182D-4195-85EA-DB85CB33094D,PP_ORG
A586EEBA-D241-49F6-A383-0775A751B74B,Kagoma Australia,4A3E4487-F414-4439-A6B0-B17FC989672E,PP_ORG
A586EEBA-D241-49F6-A383-0775A751B74B,Biopower Technologies UK,739941AD-70F4-4908-B6C1-086262018827,PP_ORG
B8080385-895B-455D-BE1B-9054D155BC00,"Jawaharlal Nehru University, India",A65BC39F-1415-4616-918D-4C1016DD88E5,COLLAB_ORG
DEFE3C1C-ADA5-4283-94DD-65A8FA6099AA,ICAN Int Campn Abolish Nuclear Weapons,14890732-DE2D-48F8-8E77-D7C0712E4ED4,PP_ORG
DEFE3C1C-ADA5-4283-94DD-65A8FA6099AA,Reaching Critical Will (RCW),89ACAD39-5D1E-4AAF-82F4-D80A2F9B8838,PP_ORG
DEFE3C1C-ADA5-4283-94DD-65A8FA6099AA,Nuclear Age Peace Foundation (NAPF),61B00D08-C613-4223-AF6E-6448B3E92CF9,PP_ORG
DEFE3C1C-ADA5-4283-94DD-65A8FA6099AA,Campaign for Nuclear Disarmament,BFD602F8-BE33-4CCF-98B4-06AB85664E00,PP_ORG
DEFE3C1C-ADA5-4283-94DD-65A8FA6099AA,British American Security Info Council,43205E1E-D352-4DCA-9FCE-3672F0F25619,PP_ORG
F7D7B664-0F54-4396-9AF8-A9087E1B0FA9,University College Dublin,8934133A-B52F-4A87-8FA8-4EAA37543ED6,COLLAB_ORG
F7D7B664-0F54-4396-9AF8-A9087E1B0FA9,The UK in a Changing Europe,51AEADC4-DC18-461B-B135-71DC6633F027,COLLAB_ORG
F7D7B664-0F54-4396-9AF8-A9087E1B0FA9,Government of Scotland,8AD011CE-BA40-4A2F-B5BB-57DE53089CBE,COLLAB_ORG
F7D7B664-0F54-4396-9AF8-A9087E1B0FA9,Scottish Parliament,E85631D2-62C7-4519-B04A-93E7BC680956,COLLAB_ORG
F7D7B664-0F54-4396-9AF8-A9087E1B0FA9,Royal Society of Edinburgh (RSE),571DD76A-91F6-4E59-88A0-A3D2B94B481B,COLLAB_ORG
F7D7B664-0F54-4396-9AF8-A9087E1B0FA9,European Academy Bolzano EURAC,4787E504-E33B-4D8A-8D94-839BE158FB8A,COLLAB_ORG
F7D7B664-0F54-4396-9AF8-A9087E1B0FA9,"Embassy of France, London",86E294FC-3430-4FB4-B2C0-6C3514960763,COLLAB_ORG
F7D7B664-0F54-4396-9AF8-A9087E1B0FA9,The Electoral Commission,5643ED0C-967E-4092-84D7-3161C370F714,COLLAB_ORG
F7D7B664-0F54-4396-9AF8-A9087E1B0FA9,Department of Foreign Affairs and Trade,6AE1FCDF-2375-4AE9-9F75-F5240DA20550,COLLAB_ORG
A154A89E-7CC2-424D-801F-D99A17ED7907,AXA,12262049-A239-4B51-AB26-A54E0B0D7CCD,COLLAB_ORG
A154A89E-7CC2-424D-801F-D99A17ED7907,CCRS BROKERS LIMITED,33EFAEEB-1F33-4E18-8D45-499FBC5E86CE,COLLAB_ORG
A154A89E-7CC2-424D-801F-D99A17ED7907,Creative Scotland,BA3BBFFC-1072-4C79-8F71-74F99D6E9DBF,COLLAB_ORG
A154A89E-7CC2-424D-801F-D99A17ED7907,British Film Institute (BFI),91B0FAA6-C408-452F-B5D7-4225EBDD3035,COLLAB_ORG
A154A89E-7CC2-424D-801F-D99A17ED7907,Film Hub Scotland,DD2E4549-1676-4E04-9BDC-669F21FE2A1E,COLLAB_ORG
A154A89E-7CC2-424D-801F-D99A17ED7907,Kennedys Law,17C63670-CFD5-40A4-B0CB-4C8C2F47C776,COLLAB_ORG
A154A89E-7CC2-424D-801F-D99A17ED7907,Glasgow Film Theatre,EF8313D3-A101-4B1E-A775-EA1431D4C455,COLLAB_ORG
A154A89E-7CC2-424D-801F-D99A17ED7907,Into Film,50C1C099-8B08-4FC1-854D-4FEC9D679FF0,COLLAB_ORG
DE1CBA6A-8B72-442D-9FDC-AC69888C5D8B,Improbable,EFD05884-4065-4205-870E-FD1F2F4FB61D,COLLAB_ORG
DE1CBA6A-8B72-442D-9FDC-AC69888C5D8B,NHS England,0B3113C7-D146-4FDE-A71E-03B37BB14A28,COLLAB_ORG
DE1CBA6A-8B72-442D-9FDC-AC69888C5D8B,Procter & Gamble,B04E9B07-9B19-4D29-BF46-CEEC1812EAF0,COLLAB_ORG
21FD7CEC-05DB-41BE-933B-DF3240A6C7A8,Yorkshire Water,C11D43A0-4F20-4131-AC48-1323FA8A4D4E,COLLAB_ORG
21FD7CEC-05DB-41BE-933B-DF3240A6C7A8,Department of Transport,B65DE606-5C44-4E99-8210-1A6999AFCE32,COLLAB_ORG
21FD7CEC-05DB-41BE-933B-DF3240A6C7A8,Which?,9B59708B-EA16-4488-B4EF-4734047E7475,COLLAB_ORG
21FD7CEC-05DB-41BE-933B-DF3240A6C7A8,University of Plymouth,9F234FE5-2D71-48FC-85D3-24DE979CD898,COLLAB_ORG
21FD7CEC-05DB-41BE-933B-DF3240A6C7A8,Iseal Alliance,CCF02EEE-60BD-48A8-A583-9292F9EDB579,COLLAB_ORG
21FD7CEC-05DB-41BE-933B-DF3240A6C7A8,LEEDS TEACHING HOSPITALS NHS TRUST,659211E5-5E73-4805-8F7C-E366DC3E952D,COLLAB_ORG
21FD7CEC-05DB-41BE-933B-DF3240A6C7A8,Alan Turing Institute,3ABE5646-C1EE-43DA-BBE4-15834532BAC4,COLLAB_ORG
21FD7CEC-05DB-41BE-933B-DF3240A6C7A8,Whitespace,F3ED2171-8134-4C98-9FBC-B1C9BFDC2809,COLLAB_ORG
21FD7CEC-05DB-41BE-933B-DF3240A6C7A8,Addfree Cities,A7CA5486-412B-4ABE-BBC1-BBEB13967E9A,COLLAB_ORG
21FD7CEC-05DB-41BE-933B-DF3240A6C7A8,University of Southampton,B56FD484-8F44-47ED-A6B0-12BA09E3CED0,COLLAB_ORG
21FD7CEC-05DB-41BE-933B-DF3240A6C7A8,UNIVERSITY OF MANCHESTER,F10C1DB7-8352-4B5E-9B34-CCB71D5C6AC5,COLLAB_ORG
21FD7CEC-05DB-41BE-933B-DF3240A6C7A8,Raspberry Pi Foundation,0A93C8A9-BC4F-4DE4-B8F2-E52B47692E5C,COLLAB_ORG
21FD7CEC-05DB-41BE-933B-DF3240A6C7A8,South West Water Ltd,D1C48379-3AA5-4091-AE08-54A812E07FC0,COLLAB_ORG
21FD7CEC-05DB-41BE-933B-DF3240A6C7A8,Sainsbury's,EA9B6CC4-2498-437F-97E6-BBC01F7DDEF5,COLLAB_ORG
21FD7CEC-05DB-41BE-933B-DF3240A6C7A8,ARUP Group,E3A90496-FEB2-454B-BF69-D4D14F5E02FE,COLLAB_ORG
21FD7CEC-05DB-41BE-933B-DF3240A6C7A8,LEEDS CITY COUNCIL,500E4AC6-62F8-4106-B46B-B71DF689953E,COLLAB_ORG
21FD7CEC-05DB-41BE-933B-DF3240A6C7A8,Consumer Data Research Centre (CDRC),83F903BA-3D6E-47DD-905F-8EA39095FE5A,COLLAB_ORG
21FD7CEC-05DB-41BE-933B-DF3240A6C7A8,West Yorkshire Combined Authorities,66469291-CE9B-415E-A751-B6EA74D6191B,COLLAB_ORG
21FD7CEC-05DB-41BE-933B-DF3240A6C7A8,IBM,2300A044-63D2-44D1-B5A2-B4EA249696E8,COLLAB_ORG
21FD7CEC-05DB-41BE-933B-DF3240A6C7A8,Rolls Royce Group Plc,14311A0D-85CD-4EB5-9E87-C03FD95DAE9D,COLLAB_ORG
21FD7CEC-05DB-41BE-933B-DF3240A6C7A8,European University Institute,04243D3A-7AB7-46AB-98D2-84512B906374,COLLAB_ORG
21FD7CEC-05DB-41BE-933B-DF3240A6C7A8,Bradford Institute for Health Research (BIHR),C50A9066-091A-44FF-B4C5-14C2CF6F81AE,COLLAB_ORG
21FD7CEC-05DB-41BE-933B-DF3240A6C7A8,The Co-operative Group Ltd,926E211E-72B4-4199-9D79-38FB3EEF9769,COLLAB_ORG
21FD7CEC-05DB-41BE-933B-DF3240A6C7A8,World Health Organization (WHO),B6A22884-C95E-4FBC-BA9E-CF4F59926ADE,COLLAB_ORG
21FD7CEC-05DB-41BE-933B-DF3240A6C7A8,Procter & Gamble,B04E9B07-9B19-4D29-BF46-CEEC1812EAF0,COLLAB_ORG
21FD7CEC-05DB-41BE-933B-DF3240A6C7A8,Morrison Supermarkets plc,B7F77368-680D-406C-A90F-7E11101FB1D7,COLLAB_ORG
21FD7CEC-05DB-41BE-933B-DF3240A6C7A8,University of Bristol,3AFC4E80-1071-4043-B55D-5DC3BFBAFCA2,COLLAB_ORG
21FD7CEC-05DB-41BE-933B-DF3240A6C7A8,Google,59A19B8C-31CA-441F-978E-1829FE0DC0FC,COLLAB_ORG
21FD7CEC-05DB-41BE-933B-DF3240A6C7A8,Sciteb,F2374508-C61C-40BD-86E0-51E7BC45FD00,COLLAB_ORG
21FD7CEC-05DB-41BE-933B-DF3240A6C7A8,London School of Economics and Political Science (University of London),829198D0-2187-4426-81EF-B4E09150311B,COLLAB_ORG
21FD7CEC-05DB-41BE-933B-DF3240A6C7A8,University of Florida,32FF2709-F690-4FDB-B6DF-81D32D74B600,COLLAB_ORG
21FD7CEC-05DB-41BE-933B-DF3240A6C7A8,CycleStreets,945ADE4A-D11F-487F-AEF6-7BF81AFBFB9E,COLLAB_ORG
21FD7CEC-05DB-41BE-933B-DF3240A6C7A8,University of Cambridge,0CD86CC3-08B6-42CC-96E1-0FB67190B886,COLLAB_ORG
21FD7CEC-05DB-41BE-933B-DF3240A6C7A8,The Food Foundation,5E3F4AAB-F3B5-4856-96F5-1B792946E280,COLLAB_ORG
21FD7CEC-05DB-41BE-933B-DF3240A6C7A8,Sustain (food and farming alliance),838B9038-AD62-4348-81D8-160B1CE1F634,COLLAB_ORG
21FD7CEC-05DB-41BE-933B-DF3240A6C7A8,Cuebiq,E0D1CAFA-DFEA-4072-B438-A7489AF7989B,COLLAB_ORG
21FD7CEC-05DB-41BE-933B-DF3240A6C7A8,Statistics Norway,B64F42DA-4406-4CC4-BFC6-FF085AD873C6,COLLAB_ORG
21FD7CEC-05DB-41BE-933B-DF3240A6C7A8,BRADFORD METROPOLITAN DISTRICT COUNCIL,E59F58C0-DE3C-470E-ACC9-9643AAAEE63F,COLLAB_ORG
21FD7CEC-05DB-41BE-933B-DF3240A6C7A8,"University of California, Davis",B3A18DF3-311D-4810-A1B3-9CE3C2D6798B,COLLAB_ORG
21FD7CEC-05DB-41BE-933B-DF3240A6C7A8,United Nations (UN),F2B1133D-5EFD-4E84-A869-3E896C949297,COLLAB_ORG
21FD7CEC-05DB-41BE-933B-DF3240A6C7A8,University of Leeds,022B8FE8-55B9-4215-837E-F5AF0DB4C621,COLLAB_ORG
21FD7CEC-05DB-41BE-933B-DF3240A6C7A8,A/B Street,1CAD4038-AEDD-4A7E-ACCA-39B0ECB3C815,COLLAB_ORG
21FD7CEC-05DB-41BE-933B-DF3240A6C7A8,Vietnam National University,B27DA1FF-38B6-4720-B1E6-1144152A5D0D,COLLAB_ORG
21FD7CEC-05DB-41BE-933B-DF3240A6C7A8,IMPERIAL COLLEGE LONDON,4B046188-D904-4358-BDAC-2A38DB6E7DB6,COLLAB_ORG
21FD7CEC-05DB-41BE-933B-DF3240A6C7A8,Ordnance Survey,169ACC76-ECFD-42F4-B01F-03BC971A2F83,COLLAB_ORG
21FD7CEC-05DB-41BE-933B-DF3240A6C7A8,World Health Organization Regional Office for Europe,9FE38EE7-A75B-4B25-85F3-C6EC573A6119,COLLAB_ORG
21FD7CEC-05DB-41BE-933B-DF3240A6C7A8,YouGov,9F27B4F3-2E25-4C3A-8D44-2FB0862FD975,COLLAB_ORG
21FD7CEC-05DB-41BE-933B-DF3240A6C7A8,"Department For Environment, Food And Rural Affairs (DEFRA)",8363720D-D41F-4541-BC42-9F749223EA2F,COLLAB_ORG
21FD7CEC-05DB-41BE-933B-DF3240A6C7A8,Centre for Applied Education Research,949C1EA7-D02A-454D-8ECE-DBEA0E612530,COLLAB_ORG
21FD7CEC-05DB-41BE-933B-DF3240A6C7A8,The Royal Society,7AC92203-9A2F-4BF2-8206-2444B6D7FD29,COLLAB_ORG
21FD7CEC-05DB-41BE-933B-DF3240A6C7A8,OFFICE FOR NATIONAL STATISTICS,22484416-275D-469D-96D3-B85F5911540B,COLLAB_ORG
21FD7CEC-05DB-41BE-933B-DF3240A6C7A8,Elder Research,CB33EFB7-AC60-42A6-9234-0087E94E7C98,COLLAB_ORG
21FD7CEC-05DB-41BE-933B-DF3240A6C7A8,Mastercard UK,0CACDEDF-6F14-424A-89AE-7E2DC9C328A2,COLLAB_ORG
21FD7CEC-05DB-41BE-933B-DF3240A6C7A8,O2 Telefonica Europe plc,D58ED068-46E8-4A62-8183-E9B8264B2DC6,COLLAB_ORG
21FD7CEC-05DB-41BE-933B-DF3240A6C7A8,BIRMINGHAM CITY COUNCIL,CC36DF7D-FE91-48EB-8CAD-B4E70D621445,COLLAB_ORG
21FD7CEC-05DB-41BE-933B-DF3240A6C7A8,Compass,3E14E2E0-1260-4FBA-82A5-DFF771EEF20D,COLLAB_ORG
21FD7CEC-05DB-41BE-933B-DF3240A6C7A8,Transport Systems Catapult,DAAF5E38-75B9-4B26-8490-764F6F50A595,COLLAB_ORG
21FD7CEC-05DB-41BE-933B-DF3240A6C7A8,University of Exeter,CE6528B9-207A-4A35-A644-08C178EF6BC0,COLLAB_ORG
21FD7CEC-05DB-41BE-933B-DF3240A6C7A8,AirDNA,908682B4-DF5E-4A35-B0B8-0380395C42C7,COLLAB_ORG
21FD7CEC-05DB-41BE-933B-DF3240A6C7A8,Improbable,EFD05884-4065-4205-870E-FD1F2F4FB61D,COLLAB_ORG
21FD7CEC-05DB-41BE-933B-DF3240A6C7A8,University of Sheffield,4E4B9EA3-A624-4574-B5E3-978276BF15F3,COLLAB_ORG
21FD7CEC-05DB-41BE-933B-DF3240A6C7A8,University College London,3A4648E7-8DF3-41A1-B2BB-0471493665E7,COLLAB_ORG
21FD7CEC-05DB-41BE-933B-DF3240A6C7A8,Cardiff University,052DE517-F298-4593-869D-03FE4A87442A,COLLAB_ORG
21FD7CEC-05DB-41BE-933B-DF3240A6C7A8,Federal Technological University of Paraná,8E7CB60C-FEB0-4A1F-BFC1-C76F38660DE5,COLLAB_ORG
21FD7CEC-05DB-41BE-933B-DF3240A6C7A8,Institute of Grocery Distribution,C66C05B9-D7AC-4896-9203-959DABD53C67,COLLAB_ORG
21FD7CEC-05DB-41BE-933B-DF3240A6C7A8,Voi Technology,D068BE6B-C526-48AD-AE4F-F61B221D4EE7,COLLAB_ORG
21FD7CEC-05DB-41BE-933B-DF3240A6C7A8,MoreLife,4FFCF57E-BCFB-49DD-A153-BD136B6D4230,COLLAB_ORG
21FD7CEC-05DB-41BE-933B-DF3240A6C7A8,National University of Singapore,F3EB8B0D-A030-4EFA-922C-2ACA00D1B519,COLLAB_ORG
21FD7CEC-05DB-41BE-933B-DF3240A6C7A8,Telefonica S.A,7B604061-D031-4B7C-97A5-9C84125B7D88,COLLAB_ORG
21FD7CEC-05DB-41BE-933B-DF3240A6C7A8,University of Southern California,DE35E7CF-8C72-49BD-B8A3-437B8B5B8189,COLLAB_ORG
21FD7CEC-05DB-41BE-933B-DF3240A6C7A8,IOTICS,FCEC760F-8C68-41A7-A149-CBF6BC752FF1,COLLAB_ORG
21FD7CEC-05DB-41BE-933B-DF3240A6C7A8,WhytHawk,853F8E2F-1AD7-4E93-BFF1-1B7FE5F8956D,COLLAB_ORG
21FD7CEC-05DB-41BE-933B-DF3240A6C7A8,GS1 UK,81BE8511-9B1C-40C3-AF30-2A3C35DB6A98,COLLAB_ORG
21FD7CEC-05DB-41BE-933B-DF3240A6C7A8,Open Data Institute,2390234F-262D-41E3-945B-58A8934B0898,COLLAB_ORG
21FD7CEC-05DB-41BE-933B-DF3240A6C7A8,First Group,BB525D72-FD35-44DA-84D5-2B0E501232B1,COLLAB_ORG
21FD7CEC-05DB-41BE-933B-DF3240A6C7A8,Newcastle University,AA74BEFD-ACAF-45CC-A5C5-18B751C8D0C5,COLLAB_ORG
21FD7CEC-05DB-41BE-933B-DF3240A6C7A8,Chinese University of Hong Kong,192D2DA8-D90A-4C28-866D-6508040A04AA,COLLAB_ORG
206A65AF-40EF-405D-B69D-F184BA522F63,Citizens Advice Liverpool,6BFA26B7-772D-4EBE-BB55-1E3DF2546AB0,PP_ORG
206A65AF-40EF-405D-B69D-F184BA522F63,NHS Cheshire and Merseyside,FDAFBECB-1E70-4B29-9665-24BC3C7C3AB8,PP_ORG
206A65AF-40EF-405D-B69D-F184BA522F63,DEPARTMENT FOR WORK AND PENSIONS,994E1410-7BFE-4446-AAE1-2863CE00867D,PP_ORG
206A65AF-40EF-405D-B69D-F184BA522F63,Mersey Care NHS Foundation Trust,743406B0-696F-414A-B476-0FC11E3FA590,PP_ORG
206A65AF-40EF-405D-B69D-F184BA522F63,Liverpool City Region Combined Authority,8211C76B-3DCF-4BD5-90CC-F1674AFFC4E1,PP_ORG
206A65AF-40EF-405D-B69D-F184BA522F63,LIVERPOOL CITY COUNCIL,B756AE97-F8F0-47B3-AB81-12307F17E35D,PP_ORG
B5B2BD51-A46D-4BA1-A357-D11BDD4228E1,"Ministry of Housing, Communities & L.Gov",79F06370-4B1B-4F9E-8489-12931CADE877,PP_ORG
B5B2BD51-A46D-4BA1-A357-D11BDD4228E1,Southwark Council,22AABEBB-CE1F-45CB-A5E4-2A3077C686D3,PP_ORG
B5B2BD51-A46D-4BA1-A357-D11BDD4228E1,Oxford Community Foundation,F37BB4D1-5199-4950-9C7E-BFECCCA2EF21,PP_ORG
B5B2BD51-A46D-4BA1-A357-D11BDD4228E1,Comic Relief,A7649BB1-6383-4E54-B5B7-0431399C8D6C,PP_ORG
B5B2BD51-A46D-4BA1-A357-D11BDD4228E1,Greater London Authority (GLA),96945F54-47C0-46D5-A9BA-4C5EA3542824,PP_ORG
B5B2BD51-A46D-4BA1-A357-D11BDD4228E1,Local Government Association,F7A10FD7-5C37-4ABA-BB58-0146EFDF2F0A,PP_ORG
B5B2BD51-A46D-4BA1-A357-D11BDD4228E1,Southend-on-Sea Borough Council,D30D27AF-134A-4C7B-AD6F-091DADEE8F03,PP_ORG
B5B2BD51-A46D-4BA1-A357-D11BDD4228E1,Bloomberg Associates,1AF68241-7DAD-4815-999D-F61304DBF6F4,PP_ORG
31505CC1-A01E-49B6-8750-7A4C8778B344,Confederacion Patronal de la Republica M,F7FF7FF3-8193-4254-8DEF-EE9A9E78DF47,PP_ORG
31505CC1-A01E-49B6-8750-7A4C8778B344,The Bengal Chamber of Commerce,B4CEF6AA-0E89-45E9-8899-5C48879EEEC8,PP_ORG
31505CC1-A01E-49B6-8750-7A4C8778B344,Ministry of Skill Development India,632AAD46-4B6A-4B2F-B9BD-E7EE01723D0F,PP_ORG
31505CC1-A01E-49B6-8750-7A4C8778B344,Nacional Financiera Banca de Desarrollo,C2B98A15-F898-4D8C-AEA1-65E974785787,PP_ORG
31505CC1-A01E-49B6-8750-7A4C8778B344,Indo-German Chamber of Commerce,A6837B50-BAFA-4807-BEB2-8E96BD4DC331,PP_ORG
31505CC1-A01E-49B6-8750-7A4C8778B344,Ministry of Education (Mexico),9D91B261-E8EB-48A0-9F2A-69B340351BE4,PP_ORG
31505CC1-A01E-49B6-8750-7A4C8778B344,German Mexican Chamber of Commerce,012BDE21-F62A-4361-9953-05CAB271712F,PP_ORG
0AE0A794-206E-4D62-89C6-B53A8EDB0CDA,Onderstepoort Biological Products,A25650D8-C919-4078-A293-38C4402CFE09,COLLAB_ORG
0AE0A794-206E-4D62-89C6-B53A8EDB0CDA,Global Animal Health Tanzania,A2F5630D-225F-49DB-B8B8-678749544052,PP_ORG
0AE0A794-206E-4D62-89C6-B53A8EDB0CDA,Ministry of Livestock & Fisheries Dev,94D47C0B-5375-4073-9F3E-DC887BB88989,PP_ORG
CCAFA9FD-4B11-4064-815C-A6C1EC992EA3,Takasaki City University of Economics,ACED6100-BC9E-40D1-A059-D213F63DD00F,COLLAB_ORG
CCAFA9FD-4B11-4064-815C-A6C1EC992EA3,University College London,3A4648E7-8DF3-41A1-B2BB-0471493665E7,COLLAB_ORG
CCAFA9FD-4B11-4064-815C-A6C1EC992EA3,Hiroshima University,BCD3FFFB-F73A-4C3B-AAE9-132101D2762E,COLLAB_ORG
CCAFA9FD-4B11-4064-815C-A6C1EC992EA3,University of Glasgow,F7493102-EBE9-4DE8-9C75-972A816C2F78,COLLAB_ORG
CCAFA9FD-4B11-4064-815C-A6C1EC992EA3,Hirosaki University,FDB8D4C9-746E-49CF-A7B4-F9223B3F6847,COLLAB_ORG
CCAFA9FD-4B11-4064-815C-A6C1EC992EA3,University of Tsukuba,C0240E07-81FA-4B12-83FC-22EC574BAD55,COLLAB_ORG
F562F2D8-90E5-4B70-A089-05D929AB0E02,Southampton City Council,5440D478-FFD6-41E0-B922-DEDC91A41CC9,PP_ORG
F562F2D8-90E5-4B70-A089-05D929AB0E02,"Dept Levelling Up, Housing & Communities",837E27CA-96C0-4C08-8FDA-33EFC94EB229,PP_ORG
F562F2D8-90E5-4B70-A089-05D929AB0E02,Hull City Council,9792699F-C044-43E1-A843-FD5D92150CB3,PP_ORG
F562F2D8-90E5-4B70-A089-05D929AB0E02,Cheshire West and Chester Council,17A37F6A-22FA-4799-AEAB-D19C4D0B44D0,PP_ORG
F562F2D8-90E5-4B70-A089-05D929AB0E02,Testlands Wellbeing Hub,D9E4258A-F08B-4C77-A847-0B07771BC64A,PP_ORG
F562F2D8-90E5-4B70-A089-05D929AB0E02,"Good For Nothing, Chester Chapter",374E988E-FD8F-4639-820F-E85AC04C521D,PP_ORG
F562F2D8-90E5-4B70-A089-05D929AB0E02,FROME TOWN COUNCIL,E60F85A8-6DA6-4776-9258-9FF32F3B3910,PP_ORG
F562F2D8-90E5-4B70-A089-05D929AB0E02,The Freedom Community Trust,C10B40EF-A051-4FBA-8217-AAA6136A0D14,PP_ORG
0DF85263-DF09-4ED5-B37A-3ED3BD95CAE6,University of Cartagena,A9B37F65-3D20-4C77-A80A-F0C8269F54EC,COLLAB_ORG
0DF85263-DF09-4ED5-B37A-3ED3BD95CAE6,Abiola Ajimobi Technical University,ACC11341-62FA-414E-A289-E812FED00E38,COLLAB_ORG
0DF85263-DF09-4ED5-B37A-3ED3BD95CAE6,Ministry of Environment,A9084846-7587-4821-BC64-684AB4DBBD0C,PP_ORG
0DF85263-DF09-4ED5-B37A-3ED3BD95CAE6,AB Colombia,23E290C9-A7CB-4B97-9373-D191E0983A0C,PP_ORG
0DF85263-DF09-4ED5-B37A-3ED3BD95CAE6,Dail Eireann,FD7F9E1B-5C66-4409-8580-7F4FB3636FBA,PP_ORG
0DF85263-DF09-4ED5-B37A-3ED3BD95CAE6,Scottish Catholic International Aid Fund,5B175668-6D56-443E-BDA3-E17F2A1E3126,PP_ORG
7AD24706-3015-4539-8B69-BF588515E6BE,Public Health Dorset,DFB89A1C-C2E8-4177-865D-CA8922FC095A,COLLAB_ORG
7AD24706-3015-4539-8B69-BF588515E6BE,Wessex Cancer Alliance,7400FBA1-6BAC-4558-BE16-A0D83F70441E,COLLAB_ORG
7AD24706-3015-4539-8B69-BF588515E6BE,Wellcome Trust,E2751B57-04CD-409F-A198-9DF13BE505D1,COLLAB_ORG
7AD24706-3015-4539-8B69-BF588515E6BE,CILIP (Library and Info Professionals),A8CBBDF5-1A4C-4892-B60C-8B750CE40141,PP_ORG
7AD24706-3015-4539-8B69-BF588515E6BE,Public Health Dorset,DFB89A1C-C2E8-4177-865D-CA8922FC095A,PP_ORG
7AD24706-3015-4539-8B69-BF588515E6BE,Graphic Medicine International Collect,A8B074D6-21B6-42B1-BD82-C39DAAEA41F3,PP_ORG
E103902E-0959-427F-BC3C-CEAEF0F465C4,Northern Corridor Community Volunteers,514ABBB8-808A-4B2C-B45B-09FE6AF2F5F4,PP_ORG
E103902E-0959-427F-BC3C-CEAEF0F465C4,South Lanarkshire Health and Social Care,13063D01-CF31-41DB-939A-8760F4C86475,PP_ORG
E103902E-0959-427F-BC3C-CEAEF0F465C4,Scottish Football Association,99AB5101-4099-49AE-9255-390A1E1D8CDF,PP_ORG
E103902E-0959-427F-BC3C-CEAEF0F465C4,Health and Social Care North Lanarkshire,5B69CFF5-7011-4329-9A0E-7A12E57DDB24,PP_ORG
E103902E-0959-427F-BC3C-CEAEF0F465C4,Scottish Comm for Health and Wellbeing,48DC8A38-7F8D-46B6-B457-1381ED9F579E,PP_ORG
E103902E-0959-427F-BC3C-CEAEF0F465C4,Voluntary Action North Lanarkshire,684169D1-EA83-45D0-967D-CF23033B1BD6,PP_ORG
E103902E-0959-427F-BC3C-CEAEF0F465C4,Voluntary Action South Lanarkshire,72B86555-DE64-40BF-A65F-292EA79FAC9D,PP_ORG
2C1B3F38-E4F2-4879-A3AC-8309B14530F4,PepsiCo,2591BA2D-F093-4C6D-B113-3155DADBF4D1,COLLAB_ORG
2C1B3F38-E4F2-4879-A3AC-8309B14530F4,Centre for Process Innovation,162374B2-681A-4B42-8C9D-2D277E6CE2B6,PP_ORG
2C1B3F38-E4F2-4879-A3AC-8309B14530F4,Petras Internet of Things Hub,8AE27ABB-6316-42EB-B865-3319B8B4144E,PP_ORG
2C1B3F38-E4F2-4879-A3AC-8309B14530F4,Center for Digital Built Britain,FCF868B7-3384-4102-AE16-CB49D0C47845,PP_ORG
2C1B3F38-E4F2-4879-A3AC-8309B14530F4,HIGH VALUE MANUFACTURING CATAPULT,2748CFA3-A2A3-46E1-B482-DAE72A6CB0FA,PP_ORG
A534D33C-94A6-4373-988F-B0CDDBC063A5,National Geophysical Research Institute,BCBF68F8-B1A5-452C-BA7D-084C8D896A08,COLLAB_ORG
A534D33C-94A6-4373-988F-B0CDDBC063A5,Indian Institute of Technology Bombay,752C5EBA-8EA7-49F1-8DC3-7F458A54EBB4,COLLAB_ORG
A534D33C-94A6-4373-988F-B0CDDBC063A5,National Geophysical Research Institute,BCBF68F8-B1A5-452C-BA7D-084C8D896A08,PP_ORG
A534D33C-94A6-4373-988F-B0CDDBC063A5,"Department for Science, Innovation & Technology",9B2E06FD-94A7-4905-8A1D-E8ED6010497E,PP_ORG
A534D33C-94A6-4373-988F-B0CDDBC063A5,Indian Inst of Technology (IIT) Bombay,F759126C-31D0-419B-90E4-42185F5B3282,PP_ORG
76F03D46-5D37-4B1F-BC77-643A89DA55F5,University of Paris 1 Pantheon Sorbonne,8A305921-6902-49FF-82FC-17687F5F8DF4,PP_ORG
47A5A011-21CC-4C98-9938-5F87C16C5923,Nottingham Trent University,B9C65251-988C-46D6-B37B-039F87731E39,COLLAB_ORG
47A5A011-21CC-4C98-9938-5F87C16C5923,Seoul National University,C9BE8EFE-9C9B-4048-8397-ED56024CD928,COLLAB_ORG
47A5A011-21CC-4C98-9938-5F87C16C5923,University of Seoul,582AFEA4-55E0-4AF6-A63F-5F995FEF6E07,COLLAB_ORG
47A5A011-21CC-4C98-9938-5F87C16C5923,University of Glasgow,F7493102-EBE9-4DE8-9C75-972A816C2F78,COLLAB_ORG
47A5A011-21CC-4C98-9938-5F87C16C5923,Hanbat National University,A3A3A751-EEBF-4D0A-848B-F3AFC6985ECF,COLLAB_ORG
E17C8179-7826-4402-8F37-6930B7212B86,"Ministry of Health, Uganda",000FF21A-E665-4FBB-80DC-388B514B9DD4,COLLAB_ORG
E17C8179-7826-4402-8F37-6930B7212B86,Ministry of Health,0DE10C53-B640-4F67-86CD-74FE38E04F14,COLLAB_ORG
E17C8179-7826-4402-8F37-6930B7212B86,Medical Research Council (MRC),6F45D93C-8B52-474D-A3BC-7317843572B1,COLLAB_ORG
E17C8179-7826-4402-8F37-6930B7212B86,Rwanda Biomedical Center,744416A5-0CF1-4CAC-ABD9-F39C7F775013,COLLAB_ORG
E17C8179-7826-4402-8F37-6930B7212B86,Ministry of Scientific Research and Innovation,4B4EF105-85E1-4488-A2FC-126C20938642,COLLAB_ORG
E17C8179-7826-4402-8F37-6930B7212B86,University of Rwanda,97A21878-FD4B-411F-B06E-30081C1D0E73,COLLAB_ORG
E17C8179-7826-4402-8F37-6930B7212B86,World Health Organization,7729A64F-1AF4-4894-B909-A76B9A742491,PP_ORG
E17C8179-7826-4402-8F37-6930B7212B86,Noguchi Memorial Inst for Medical Res,77378567-CE5B-4C11-8D71-52A321EF93FF,PP_ORG
E17C8179-7826-4402-8F37-6930B7212B86,University of Warwick,67A6BA65-E85D-4F6B-A1F0-DA031C2469B3,PP_ORG
E17C8179-7826-4402-8F37-6930B7212B86,Wageningen University & Research,A26A32FE-4170-4478-9DDA-CFA6AC628575,PP_ORG
ECD45FA8-CB98-461F-AA71-41FA6FAF45C2,International Organization for Migration,9C16B5AF-54B9-475D-8260-1419D24F4348,COLLAB_ORG
0847FE7B-9450-4B58-908E-0622C3681AA2,Alan Turing Institute,3ABE5646-C1EE-43DA-BBE4-15834532BAC4,COLLAB_ORG
0847FE7B-9450-4B58-908E-0622C3681AA2,Scottish Communities Climate Action Network,AB066FD6-94C3-4015-8B6A-7B7732BCA97A,COLLAB_ORG
0847FE7B-9450-4B58-908E-0622C3681AA2,Drax,683CF6CE-E2F4-438B-83B6-AE143B78B6B1,COLLAB_ORG
0847FE7B-9450-4B58-908E-0622C3681AA2,Glasgow City Council,B22ED118-C8F6-4E06-AC5E-ABB7FE97A6D1,COLLAB_ORG
0847FE7B-9450-4B58-908E-0622C3681AA2,Glasgow Council for the Voluntary Sector,EB881558-D667-48CC-B7D7-BDCDA2D9FE28,COLLAB_ORG
0847FE7B-9450-4B58-908E-0622C3681AA2,Ramboll UK,8BCA6D29-D6FF-4193-8AFE-3B4870DAB3F4,COLLAB_ORG
0847FE7B-9450-4B58-908E-0622C3681AA2,C40 Cities Climate Leadership Group,FBCE7B07-C9AA-4D49-ADFD-C1EE2B4B8360,COLLAB_ORG
0847FE7B-9450-4B58-908E-0622C3681AA2,University of Strathclyde,562804F3-F71E-459D-9769-23A632545BC0,COLLAB_ORG
0847FE7B-9450-4B58-908E-0622C3681AA2,Poverty Alliance,CAD41C40-867E-41E9-BCAE-A675FAEF25B2,COLLAB_ORG
0847FE7B-9450-4B58-908E-0622C3681AA2,Zero Waste Scotland,DB5256FE-3E68-4009-86BD-4779CF8395AB,COLLAB_ORG
0847FE7B-9450-4B58-908E-0622C3681AA2,ENVIRONMENT AGENCY,943F11F1-4CAF-44A7-BD77-A92FD7944F29,COLLAB_ORG
0847FE7B-9450-4B58-908E-0622C3681AA2,British Geological Survey,C6603C8D-48A6-4367-B5DA-56279200E0C0,COLLAB_ORG
0847FE7B-9450-4B58-908E-0622C3681AA2,Creative Carbon Scotland,5271C357-E21A-4D4C-9E90-748D89BF02E6,COLLAB_ORG
0847FE7B-9450-4B58-908E-0622C3681AA2,Glasgow Life,E541CB05-ADA7-4C97-8C8C-1CE728360D01,COLLAB_ORG
0847FE7B-9450-4B58-908E-0622C3681AA2,John Muir Trust,1B616D30-B4ED-4F57-B5A6-52A13D14C08E,COLLAB_ORG
0847FE7B-9450-4B58-908E-0622C3681AA2,Glasgow Natural History Society,410E33C5-19BE-4A6F-9573-99113B2600D0,COLLAB_ORG
0847FE7B-9450-4B58-908E-0622C3681AA2,Beatroute Arts,BAC6B929-E100-4AA8-96DD-32311C11EB06,COLLAB_ORG
0847FE7B-9450-4B58-908E-0622C3681AA2,Glasgow Women's Library,926008F7-22DB-4846-8894-B04E0C274782,COLLAB_ORG
0847FE7B-9450-4B58-908E-0622C3681AA2,NETWORK RAIL LTD,1D832CC8-93E0-472D-AA69-7B746D318320,COLLAB_ORG
0847FE7B-9450-4B58-908E-0622C3681AA2,Brookhaven National Laboratory,C12C12FF-9D4F-4080-97EE-F2136C27D53A,COLLAB_ORG
0847FE7B-9450-4B58-908E-0622C3681AA2,University of Greenwich,0DE9D4F5-CB54-49C7-BC00-61C72EB090CE,COLLAB_ORG
0847FE7B-9450-4B58-908E-0622C3681AA2,Adaptive Riders Collective,2A382AB6-97FE-4807-A310-4F6F8064AF1E,COLLAB_ORG
0847FE7B-9450-4B58-908E-0622C3681AA2,Scottish Carbon Capture and Storage,D8E0D720-AEE6-4083-BD5C-C4B7737CEC27,COLLAB_ORG
0847FE7B-9450-4B58-908E-0622C3681AA2,Clyde Space,85CA6100-22D4-439D-ACCD-77AC0AD49D5A,COLLAB_ORG
0847FE7B-9450-4B58-908E-0622C3681AA2,CITY OF EDINBURGH COUNCIL,0E020403-F961-4841-BF92-248111AFD11F,COLLAB_ORG
0847FE7B-9450-4B58-908E-0622C3681AA2,GLASGOW SCIENCE CENTRE,3D749169-810B-4FF3-B089-4EC9EA553579,COLLAB_ORG
0847FE7B-9450-4B58-908E-0622C3681AA2,Agnew Lane Community Garden,B3511061-DDEF-4059-81F5-13333BE6E82E,COLLAB_ORG
0847FE7B-9450-4B58-908E-0622C3681AA2,SLR Consulting Ltd,F4710C15-CC8F-44E4-8988-95DBD11F2FA2,COLLAB_ORG
0847FE7B-9450-4B58-908E-0622C3681AA2,SNIFFER,F30B1F95-F72D-4577-8E6C-7C71AA96E62E,COLLAB_ORG
0847FE7B-9450-4B58-908E-0622C3681AA2,Scottish Community Development Centre,41E3A86B-C2CF-4BC0-BB7D-B966AE3C9DB0,COLLAB_ORG
0847FE7B-9450-4B58-908E-0622C3681AA2,Sao Paulo State University,345EB217-9EF8-4C92-99D4-395037BAB41D,COLLAB_ORG
0847FE7B-9450-4B58-908E-0622C3681AA2,Agile City,E70B2A1D-3B6F-4C02-AD2B-0C6BB0DBF979,COLLAB_ORG
0847FE7B-9450-4B58-908E-0622C3681AA2,Common Weal,229EFC21-9D9E-4F4E-B91A-1E8C8296BBB7,COLLAB_ORG
0847FE7B-9450-4B58-908E-0622C3681AA2,SCOTTISH ENVIRONMENT PROTECTION AGENCY,606B6990-597C-4738-BD38-EEDE7C331C4C,COLLAB_ORG
0847FE7B-9450-4B58-908E-0622C3681AA2,Scottish Parliament,E85631D2-62C7-4519-B04A-93E7BC680956,COLLAB_ORG
0847FE7B-9450-4B58-908E-0622C3681AA2,University of Hull,39AD93A1-947A-4F8B-B48D-3C350B2FBB7A,COLLAB_ORG
0847FE7B-9450-4B58-908E-0622C3681AA2,Butterfly Conservation,0C9D7322-3774-4536-9B1F-99449EB284B7,COLLAB_ORG
0847FE7B-9450-4B58-908E-0622C3681AA2,Mott Macdonald UK Ltd,4F4B2607-B7A8-4366-B087-FCB9C78EF99B,COLLAB_ORG
0847FE7B-9450-4B58-908E-0622C3681AA2,Royal Botanic Garden Edinburgh (RBGE),7A7BA408-39AF-4824-8260-07F8C99901BA,COLLAB_ORG
0847FE7B-9450-4B58-908E-0622C3681AA2,Science Ceilidh,18FC04F5-1D6A-4FDA-9A68-C73591771ADB,COLLAB_ORG
0847FE7B-9450-4B58-908E-0622C3681AA2,NatureScot,C5CDB8E1-F2D7-478F-AEE3-41F3F74679C1,COLLAB_ORG
0847FE7B-9450-4B58-908E-0622C3681AA2,Cycling Scotland,DFECC33B-6155-4F75-8050-D2BCA26EE097,COLLAB_ORG
0847FE7B-9450-4B58-908E-0622C3681AA2,Sunny G Community Radio,3BEA776F-9EE5-4043-B3B5-C6173CED4B3D,COLLAB_ORG
0847FE7B-9450-4B58-908E-0622C3681AA2,Climate Outreach,47E87E81-63D1-4F4A-A8DD-EDC5468391CF,COLLAB_ORG
0847FE7B-9450-4B58-908E-0622C3681AA2,Sustrans,08D8F0A2-13FC-4707-9151-BBAD5C37AEE9,COLLAB_ORG
0847FE7B-9450-4B58-908E-0622C3681AA2,Red Light Management,9431F11E-AC91-441D-9354-C8C0A35150F9,COLLAB_ORG
0847FE7B-9450-4B58-908E-0622C3681AA2,Open Aye,B1847931-092B-4299-9C7F-9EA67DC3A09F,COLLAB_ORG
0847FE7B-9450-4B58-908E-0622C3681AA2,The Conservation Volunteers,D3D14CEF-7AA0-426A-9B44-1B478326310B,COLLAB_ORG
0847FE7B-9450-4B58-908E-0622C3681AA2,Jobs and Business Glasgow,B483B1C7-2C1E-44EA-819C-CBE0DECC0BE6,COLLAB_ORG
0847FE7B-9450-4B58-908E-0622C3681AA2,Glasgow Science Festival,C14F00C8-E27D-40AB-8A41-53FAE32A55B4,COLLAB_ORG
0847FE7B-9450-4B58-908E-0622C3681AA2,Royal Society for the Protection of Birds,895273A7-FDF9-41B3-B20B-94A1F23899FD,PP_ORG
0847FE7B-9450-4B58-908E-0622C3681AA2,Seven Lochs Wetland Park,EE7A912D-5080-4E72-8802-83425DFC649B,PP_ORG
0847FE7B-9450-4B58-908E-0622C3681AA2,Glasgow City Council,B22ED118-C8F6-4E06-AC5E-ABB7FE97A6D1,PP_ORG
0847FE7B-9450-4B58-908E-0622C3681AA2,British Geological Survey,73BAA54A-65E2-4ECC-B1D2-E1E14CC410E4,PP_ORG
0847FE7B-9450-4B58-908E-0622C3681AA2,ITM Mechanical Solutions,7FB84FA4-E88F-41C8-A703-F9F1A6BFDDDC,PP_ORG
0847FE7B-9450-4B58-908E-0622C3681AA2,Hunterian Museum and Art Gallery,72F0B57B-1B34-4723-8F74-2FD2CEAACE57,PP_ORG
0847FE7B-9450-4B58-908E-0622C3681AA2,Star Refrigeration Ltd,76D5AB54-EC36-4A00-8E53-DCACA8980CB1,PP_ORG
0847FE7B-9450-4B58-908E-0622C3681AA2,The Alan Turing Institute,5A385259-D3CA-4FA1-A9DF-293A21871410,PP_ORG
0847FE7B-9450-4B58-908E-0622C3681AA2,Paths for All,93035EAB-F288-467A-97B8-A033D67BB511,PP_ORG
0847FE7B-9450-4B58-908E-0622C3681AA2,UNECE (UN Economic Commission Europe),2B417BDC-C04E-4737-8319-290C6061C1C8,PP_ORG
0847FE7B-9450-4B58-908E-0622C3681AA2,Ramboll UK,8BCA6D29-D6FF-4193-8AFE-3B4870DAB3F4,PP_ORG
0847FE7B-9450-4B58-908E-0622C3681AA2,Cycling Scotland,DFECC33B-6155-4F75-8050-D2BCA26EE097,PP_ORG
0847FE7B-9450-4B58-908E-0622C3681AA2,SLR Consulting Limited (UK),6C6B8871-3181-41E5-AA7A-9D507FC0451D,PP_ORG
0847FE7B-9450-4B58-908E-0622C3681AA2,Zero Waste Scotland,DB5256FE-3E68-4009-86BD-4779CF8395AB,PP_ORG
0847FE7B-9450-4B58-908E-0622C3681AA2,C40 Cities,AB5D515D-9515-43E8-B85F-A81E65DCCCF4,PP_ORG
0847FE7B-9450-4B58-908E-0622C3681AA2,Sustrans,5DDDAAD9-B0FE-46F6-9461-E069A7970CC0,PP_ORG
0847FE7B-9450-4B58-908E-0622C3681AA2,SCOTTISH GOVERNMENT,793A0AC0-8E44-4997-9666-F4843CD4B637,PP_ORG
0847FE7B-9450-4B58-908E-0622C3681AA2,Marine and Atmospheric Research,6E38567C-E8DD-46AB-AE81-155E3A1203C0,PP_ORG
0847FE7B-9450-4B58-908E-0622C3681AA2,ERS Remediation,CC351316-63FB-4096-A0A1-F1225EA2172C,PP_ORG
0847FE7B-9450-4B58-908E-0622C3681AA2,Public Health Scotland,1290B07B-03C3-484E-A37A-F511FADB0156,PP_ORG
0847FE7B-9450-4B58-908E-0622C3681AA2,NatureScot,287823C1-D0D7-4E27-975E-2FFEE8B0FFAA,PP_ORG
0847FE7B-9450-4B58-908E-0622C3681AA2,Deloitte MCS Limited,011A246C-CFEF-4B68-A097-BBDCCB9F2DAC,PP_ORG
0847FE7B-9450-4B58-908E-0622C3681AA2,Glasgow Life,E541CB05-ADA7-4C97-8C8C-1CE728360D01,PP_ORG
0847FE7B-9450-4B58-908E-0622C3681AA2,ENVIRONMENT AGENCY,943F11F1-4CAF-44A7-BD77-A92FD7944F29,PP_ORG
0847FE7B-9450-4B58-908E-0622C3681AA2,SCOTTISH ENVIRONMENT PROTECTION AGENCY,606B6990-597C-4738-BD38-EEDE7C331C4C,PP_ORG
0847FE7B-9450-4B58-908E-0622C3681AA2,Korn Ferry,862BEFA0-E935-4A2F-A0C7-D1961D05C6BF,PP_ORG
0847FE7B-9450-4B58-908E-0622C3681AA2,Bike for Good,ECD94E1B-0EBB-404A-AC5A-98C6FC7B0B89,PP_ORG
0847FE7B-9450-4B58-908E-0622C3681AA2,Glasgow Natural History Society,410E33C5-19BE-4A6F-9573-99113B2600D0,PP_ORG
5835AFC1-D117-473A-98EC-5362D97AF87B,China Agricultural University (CAU),CF81D269-7A0E-46B2-9D96-512A48D5EA20,COLLAB_ORG
5835AFC1-D117-473A-98EC-5362D97AF87B,Chinese Academy of Sciences,ED7041CF-D46A-4A6B-9B03-142956767A7E,COLLAB_ORG
5835AFC1-D117-473A-98EC-5362D97AF87B,Fuzhou University,2044E171-FC98-48B4-99CB-CE82C29EE729,COLLAB_ORG
E2C90B1A-5099-45D5-815A-EAE85228FD3C,Fuzhou University,2044E171-FC98-48B4-99CB-CE82C29EE729,COLLAB_ORG
E2C90B1A-5099-45D5-815A-EAE85228FD3C,China Agricultural University (CAU),CF81D269-7A0E-46B2-9D96-512A48D5EA20,COLLAB_ORG
8642D367-B798-44B9-B41A-50FBA7FD6756,Fuzhou University,2044E171-FC98-48B4-99CB-CE82C29EE729,COLLAB_ORG
8642D367-B798-44B9-B41A-50FBA7FD6756,China Agricultural University (CAU),CF81D269-7A0E-46B2-9D96-512A48D5EA20,COLLAB_ORG
48B52BB4-C873-45D2-A798-35152BFC0347,Leeds Playhouse,90C188B3-B4FD-4F45-ABB0-46521AC03B7D,COLLAB_ORG
48B52BB4-C873-45D2-A798-35152BFC0347,Impact Arts,C04474EC-F453-4763-B46A-38860156EDAB,COLLAB_ORG
43C288EC-61FF-4F1B-AD8E-C05FFDC296C4,Greenspace Scotland,57EFD89C-1198-4E61-AD0D-2C7345EAAEB0,COLLAB_ORG
43C288EC-61FF-4F1B-AD8E-C05FFDC296C4,"Department for Digital, Culture, Media & Sport",02112056-8375-4D33-8055-0753F729F206,COLLAB_ORG
43C288EC-61FF-4F1B-AD8E-C05FFDC296C4,Glasgow City Council,B22ED118-C8F6-4E06-AC5E-ABB7FE97A6D1,COLLAB_ORG
1B03262B-CBA4-4384-AF80-CA7DAE6400CB,Boston College,8814467D-5DBB-4145-BE33-A8B87C85806E,COLLAB_ORG
1B03262B-CBA4-4384-AF80-CA7DAE6400CB,University College Dublin,8934133A-B52F-4A87-8FA8-4EAA37543ED6,COLLAB_ORG
1B03262B-CBA4-4384-AF80-CA7DAE6400CB,World Commerce & Contracting,F5F48DD0-21B7-4B62-8997-E21CA578439D,COLLAB_ORG
1B03262B-CBA4-4384-AF80-CA7DAE6400CB,techUK,7F9CC573-7E5B-4E81-9918-17E9195BAA27,COLLAB_ORG
1B03262B-CBA4-4384-AF80-CA7DAE6400CB,Karlstad University,F0FCFC45-55B9-4DAF-9B80-7B5A465A167D,COLLAB_ORG
1B03262B-CBA4-4384-AF80-CA7DAE6400CB,The Autonomy Institute,2B19458F-F74F-449C-B4EA-89BDF3440387,COLLAB_ORG
1B03262B-CBA4-4384-AF80-CA7DAE6400CB,Ernst and Young LLP,A60640BB-8E88-430A-8D7B-5838C0CE0A03,COLLAB_ORG
1B03262B-CBA4-4384-AF80-CA7DAE6400CB,FDM Group,4D0A3AA9-5A10-45D0-936C-49CB93429461,COLLAB_ORG
1B03262B-CBA4-4384-AF80-CA7DAE6400CB,4 Day Week Foundation,AE55CF75-2E47-4823-846E-D70D573C41A6,COLLAB_ORG
1B03262B-CBA4-4384-AF80-CA7DAE6400CB,COVENTRY UNIVERSITY,DB7C188D-CF22-497A-9DE0-F2EBD3A241B8,COLLAB_ORG
1B03262B-CBA4-4384-AF80-CA7DAE6400CB,"Advisory, Conciliation and Arbitration Service",52C83C18-41DA-44E9-BCE6-FBDA40135BFA,COLLAB_ORG
1B03262B-CBA4-4384-AF80-CA7DAE6400CB,Green Templeton College,C06F23DA-B2E4-4650-824B-F60339A6EB2E,COLLAB_ORG
1B03262B-CBA4-4384-AF80-CA7DAE6400CB,Oslo Metropolitan University,A3A70283-5ECB-41E2-B1CE-ED694E36BD3E,COLLAB_ORG
1B03262B-CBA4-4384-AF80-CA7DAE6400CB,BRISTOL CITY COUNCIL,007D2233-7121-4AA1-81E8-F23EEC5A2F05,COLLAB_ORG
1B03262B-CBA4-4384-AF80-CA7DAE6400CB,West of England Combined Authority,3E7210D9-8F70-49B5-B665-C1702B052FB7,COLLAB_ORG
1B03262B-CBA4-4384-AF80-CA7DAE6400CB,University of Melbourne,C62A5A29-CA02-4F27-BF61-29902262B053,COLLAB_ORG
1B03262B-CBA4-4384-AF80-CA7DAE6400CB,University of Salford,4F164BD9-7F9F-48B3-885E-7E7880DE2102,COLLAB_ORG
1B03262B-CBA4-4384-AF80-CA7DAE6400CB,Chartered Institute of Personnel and Development (CIPD),BB1F179D-7186-42BA-B92A-9FFCD07F7F0A,COLLAB_ORG
1B03262B-CBA4-4384-AF80-CA7DAE6400CB,University of Strathclyde,562804F3-F71E-459D-9769-23A632545BC0,COLLAB_ORG
1B03262B-CBA4-4384-AF80-CA7DAE6400CB,Artists Open Houses,5E525ECE-982F-46AF-9A95-D32707EE9625,COLLAB_ORG
1B03262B-CBA4-4384-AF80-CA7DAE6400CB,University of Bristol,3AFC4E80-1071-4043-B55D-5DC3BFBAFCA2,COLLAB_ORG
1B03262B-CBA4-4384-AF80-CA7DAE6400CB,"Goldsmiths, University of London",41CC4D03-2561-45AC-A6CC-043CA627F631,COLLAB_ORG
1B03262B-CBA4-4384-AF80-CA7DAE6400CB,Grant Thornton,91A2C122-C29F-4797-BF54-63FBF981E440,COLLAB_ORG
1B03262B-CBA4-4384-AF80-CA7DAE6400CB,Department for Work and Pensions,4B5566A0-BC7C-4A24-9094-3498895191CD,COLLAB_ORG
1B03262B-CBA4-4384-AF80-CA7DAE6400CB,WZB Berlin Social Science Center,63858E80-46F4-45CF-A509-5F9F6DFF91CA,COLLAB_ORG
1B03262B-CBA4-4384-AF80-CA7DAE6400CB,NHS Employers,8D0D2F74-6D44-4C07-BC5B-62566968CA35,COLLAB_ORG
1B03262B-CBA4-4384-AF80-CA7DAE6400CB,COVENTRY CITY COUNCIL,C7FF967D-0696-4CC1-BDF9-E09FAD81C795,COLLAB_ORG
1B03262B-CBA4-4384-AF80-CA7DAE6400CB,Monash University,D3E67579-6D57-4C2C-A591-DC46A0AF8991,COLLAB_ORG
1B03262B-CBA4-4384-AF80-CA7DAE6400CB,Trades Union Congress (TUC),0C9D0287-6091-4BB1-8B90-4363A3B30702,COLLAB_ORG
1B03262B-CBA4-4384-AF80-CA7DAE6400CB,Government of Scotland,8AD011CE-BA40-4A2F-B5BB-57DE53089CBE,COLLAB_ORG
1B03262B-CBA4-4384-AF80-CA7DAE6400CB,Government of the UK,32A39783-8BC6-4B54-BBE2-004EECEFABEE,COLLAB_ORG
1B03262B-CBA4-4384-AF80-CA7DAE6400CB,Eversheds Sutherland LLP,6BE1A56B-94E3-44BD-8B29-B0073C2ADC13,COLLAB_ORG
1B03262B-CBA4-4384-AF80-CA7DAE6400CB,Organisation for Economic Co-operation and Development OECD,C2C03644-D414-4073-AB0D-4A7B45202B5C,COLLAB_ORG
1B03262B-CBA4-4384-AF80-CA7DAE6400CB,Friedrich-Ebert-Stiftung:,62EE220D-549A-468D-A325-BE3492008FB7,COLLAB_ORG
1B03262B-CBA4-4384-AF80-CA7DAE6400CB,SOUTH CAMBRIDGESHIRE DISTRICT COUNCIL,D4264D5C-7659-440C-9E69-C2AA571F0427,COLLAB_ORG
1B03262B-CBA4-4384-AF80-CA7DAE6400CB,British Academy of Management (BAM),10FB920D-90A4-4A12-BAB6-4326FF3841DC,COLLAB_ORG
1B03262B-CBA4-4384-AF80-CA7DAE6400CB,4 Day Week Global,9017E5F4-B36F-4B98-9AB4-4D34C2E99BC7,COLLAB_ORG
1B03262B-CBA4-4384-AF80-CA7DAE6400CB,NESTA,FB9A3F44-15B3-4EDE-B9A7-47D68440C3F9,COLLAB_ORG
1B03262B-CBA4-4384-AF80-CA7DAE6400CB,agiLab,02D4FE5E-E6A9-4867-A79A-B8D7C6A11FA4,COLLAB_ORG
1B03262B-CBA4-4384-AF80-CA7DAE6400CB,University of Leeds,022B8FE8-55B9-4215-837E-F5AF0DB4C621,COLLAB_ORG
1B03262B-CBA4-4384-AF80-CA7DAE6400CB,BRIGHTON & HOVE CITY COUNCIL,A17EDC8D-9A54-460D-97B2-09D00FBBEB5F,COLLAB_ORG
1B03262B-CBA4-4384-AF80-CA7DAE6400CB,Foundation of European Progressive Studies,577FA9EB-A9DE-458D-BBB6-CB8D1FC91428,COLLAB_ORG
1B03262B-CBA4-4384-AF80-CA7DAE6400CB,London Borough of Barking and Dagenham Council,7AFD7D88-B929-416C-87B8-40AB0ECA34F1,COLLAB_ORG
1B03262B-CBA4-4384-AF80-CA7DAE6400CB,Youth Employment UK,F980297F-1369-405E-8702-EA9A0A35CEBD,COLLAB_ORG
1B03262B-CBA4-4384-AF80-CA7DAE6400CB,Vodafone,45C9E080-A565-4046-9705-C6FA1442406D,COLLAB_ORG
1B03262B-CBA4-4384-AF80-CA7DAE6400CB,Walmart,F7FD49E9-07AC-466F-B580-9EE0F4426579,COLLAB_ORG
1B03262B-CBA4-4384-AF80-CA7DAE6400CB,European Trade Union Institute (ETUI),F1654A20-72DC-4909-B77A-AB4B54E79168,COLLAB_ORG
1B03262B-CBA4-4384-AF80-CA7DAE6400CB,Leonard Cheshire Disability,84DD4510-83D6-44E1-A903-47DA7B5FE8F4,COLLAB_ORG
1B03262B-CBA4-4384-AF80-CA7DAE6400CB,International Labour Organization (ILO),0F479863-CE33-4AE6-ADB5-3E6C7C30F3CB,COLLAB_ORG
53EA0DAB-DE33-4530-A18C-572474275FD8,Scottish Parliament,E3AD146A-E8FA-4720-9C62-5383921C1E0C,COLLAB_ORG
FB5FC1B3-10A2-4151-B64E-32929EF48195,GSM Association (GSMA),8B58DE65-88AD-4D8B-99F0-D63AF43E53C0,PP_ORG
FB5FC1B3-10A2-4151-B64E-32929EF48195,ElectriCChain,99A48687-AFCC-4AAE-8BB2-AEE1A0E61D5A,PP_ORG
0CA2AB4A-7799-44AC-88D7-40CA5463A019,Rail Safety and Standards Board (RSSB),2BA6E236-97A1-4E63-BAE2-A51097279C99,PP_ORG
0CA2AB4A-7799-44AC-88D7-40CA5463A019,NOTTINGHAM CITY COUNCIL,8F044CFC-E03E-45B3-8D01-6A0FC0BD7905,PP_ORG
0CA2AB4A-7799-44AC-88D7-40CA5463A019,East Midlands Special Operations Unit,44618B26-BD1C-45B8-BA42-9F56EA10D146,PP_ORG
0CA2AB4A-7799-44AC-88D7-40CA5463A019,Nottingham Contemporary Ltd  CCAN,E95E1F27-813E-4632-9317-2936E2DE3687,PP_ORG
0CA2AB4A-7799-44AC-88D7-40CA5463A019,OLIO Exchange Ltd.,1F778A5C-CA45-4274-AEB6-C8A73FBE4453,PP_ORG
0CA2AB4A-7799-44AC-88D7-40CA5463A019,Institute of Mental Health,93385E55-E60A-4FDD-A533-AA08B847D5D8,PP_ORG
0CA2AB4A-7799-44AC-88D7-40CA5463A019,Aerial UK,9871D738-C069-4568-9321-045CDC78CC3D,PP_ORG
0CA2AB4A-7799-44AC-88D7-40CA5463A019,Experian,EB0B4CA0-F51B-4AED-B030-88C60882975B,PP_ORG
0CA2AB4A-7799-44AC-88D7-40CA5463A019,Eindhoven University of Technology,3535AC35-B5CB-43C6-B5D9-55537BBAC83C,PP_ORG
0CA2AB4A-7799-44AC-88D7-40CA5463A019,National Biomedical Research Unit,81FA0FC1-641A-4C17-9B44-9A3B5E040348,PP_ORG
0CA2AB4A-7799-44AC-88D7-40CA5463A019,University of Sussex,203BAE42-A7DC-422C-AB41-5178A96D9BAF,PP_ORG
0CA2AB4A-7799-44AC-88D7-40CA5463A019,XenZone,CBE95104-9390-4CDD-8207-448786A315A2,PP_ORG
0CA2AB4A-7799-44AC-88D7-40CA5463A019,Broadway Cinema,E73E3E3D-191B-4519-A59A-92A3A3FA8A0E,PP_ORG
0CA2AB4A-7799-44AC-88D7-40CA5463A019,Georgia Institute of Technology,2DDEC365-E85B-4836-878E-FFC6D97DD703,PP_ORG
0CA2AB4A-7799-44AC-88D7-40CA5463A019,World Bank,88A272C1-F7E1-42C1-A96F-74D06B49E2D4,PP_ORG
0CA2AB4A-7799-44AC-88D7-40CA5463A019,Bionical,1303058B-3E3A-41AF-9BFC-856D1DA883FE,PP_ORG
0CA2AB4A-7799-44AC-88D7-40CA5463A019,Siemens Process Systems Engineering Ltd,8D473A3F-BF99-45B5-B468-19393D3055E4,PP_ORG
0CA2AB4A-7799-44AC-88D7-40CA5463A019,Thales UK Limited,C15F5B3F-E6C6-4777-B32C-32EBA1CE63E0,PP_ORG
0CA2AB4A-7799-44AC-88D7-40CA5463A019,Ipsos-MORI,6E41C37C-23A4-4094-83FF-12C0FCA6531D,PP_ORG
0CA2AB4A-7799-44AC-88D7-40CA5463A019,Atkins Global (UK),4DB2403B-A094-4BB8-A5B1-228EF023E4BD,PP_ORG
0CA2AB4A-7799-44AC-88D7-40CA5463A019,British Games Institute (BGI),8FDDD105-D2B8-4451-953D-66A14601D832,PP_ORG
0CA2AB4A-7799-44AC-88D7-40CA5463A019,Open Data Institute,7847C003-59A0-47E8-B0D5-FF62221AF2B2,PP_ORG
0CA2AB4A-7799-44AC-88D7-40CA5463A019,The British Broadcasting Corporation (BBC),3165C4DB-DDA1-4043-821C-1DECE5DEE122,PP_ORG
0CA2AB4A-7799-44AC-88D7-40CA5463A019,Unilever UK & Ireland,61110E8E-E2A9-4660-A00C-832FCDFFBE03,PP_ORG
0CA2AB4A-7799-44AC-88D7-40CA5463A019,Capital One Bank Plc,3E118EA7-8EB1-4458-9CB3-5272737C15E9,PP_ORG
0CA2AB4A-7799-44AC-88D7-40CA5463A019,GSK,79658F11-E209-4183-B01E-BDA7C7E5C5F1,PP_ORG
0CA2AB4A-7799-44AC-88D7-40CA5463A019,DSTL Porton Down,83E10480-3A9E-41B3-B72D-846E466345E2,PP_ORG
0CA2AB4A-7799-44AC-88D7-40CA5463A019,Brain plus,50604BAF-2E97-4DAA-8D15-2D1187C95972,PP_ORG
0CA2AB4A-7799-44AC-88D7-40CA5463A019,City Arts Nottingham Ltd,A56BAEEE-75DE-4714-8DD8-35E514334554,PP_ORG
0CA2AB4A-7799-44AC-88D7-40CA5463A019,PepsiCo International Limited,3109F8F3-93BB-4DE9-97E3-594A4F66F95C,PP_ORG
0CA2AB4A-7799-44AC-88D7-40CA5463A019,Transport Systems Catapult,DAAF5E38-75B9-4B26-8490-764F6F50A595,PP_ORG
0CA2AB4A-7799-44AC-88D7-40CA5463A019,CereProc Ltd,E416D5E2-EB42-4292-8359-DB8AF3161986,PP_ORG
0CA2AB4A-7799-44AC-88D7-40CA5463A019,Bhatia Best Solicitors,AEF670A3-50A7-4EF7-9C83-EB8A735B8C1F,PP_ORG
0CA2AB4A-7799-44AC-88D7-40CA5463A019,Digital Catapult,305DEEF5-E785-4BAA-B3CD-84186CFCBF69,PP_ORG
0CA2AB4A-7799-44AC-88D7-40CA5463A019,De Montfort University,75DEDCF0-99C0-4867-B29A-7737A4F77A1F,PP_ORG
0CA2AB4A-7799-44AC-88D7-40CA5463A019,B3 Media,89FDA4BD-CA8A-4D2B-885C-68D12B439B72,PP_ORG
0CA2AB4A-7799-44AC-88D7-40CA5463A019,RMIT University,C29FD059-8C46-4712-8231-6D199B97688E,PP_ORG
0CA2AB4A-7799-44AC-88D7-40CA5463A019,Microlise Group Ltd,BE84F785-4747-45A0-9230-64B1442ED3AA,PP_ORG
0CA2AB4A-7799-44AC-88D7-40CA5463A019,Internet Society,E777E928-87DD-4823-9732-6AA68D41A91C,PP_ORG
0CA2AB4A-7799-44AC-88D7-40CA5463A019,ORDNANCE SURVEY LIMITED,35AB0616-859F-4B18-8A78-6077F4513083,PP_ORG
0CA2AB4A-7799-44AC-88D7-40CA5463A019,5Rights,8B0D08DE-7AFD-419B-894E-8FCB3C4BB89D,PP_ORG
0CA2AB4A-7799-44AC-88D7-40CA5463A019,The Space,BA5F86AC-D69E-4DA9-8BDC-A470D1031351,PP_ORG
0CA2AB4A-7799-44AC-88D7-40CA5463A019,Live Cinema Ltd,5D0770C0-E451-4EA4-AE0F-9AE6C6B860BD,PP_ORG
0CA2AB4A-7799-44AC-88D7-40CA5463A019,Integrated Transport Planning,63829DEE-3802-4716-9124-15D4A57533B3,PP_ORG
0CA2AB4A-7799-44AC-88D7-40CA5463A019,IT University of Copenhagen,7CEBD09A-48B4-4C09-A1C4-9CE9543C55D8,PP_ORG
7AC1852C-338D-4EEF-8AE7-B8177655F149,Einstein Institute Digital Future,15FDD50B-D02F-4E8F-9965-036276DDDA42,PP_ORG
7AC1852C-338D-4EEF-8AE7-B8177655F149,OPEN MEDICAL LTD,99327E5D-6B18-45AE-97B5-1CE1E7B3F7FB,PP_ORG
7AC1852C-338D-4EEF-8AE7-B8177655F149,ACAS,55C1F6B0-CCC3-4160-85E4-94BE6C7453C2,PP_ORG
7AC1852C-338D-4EEF-8AE7-B8177655F149,Verint Systems UK Ltd,3B5D8B2D-A4CE-4CD1-B8BE-FB6C490A3D4F,PP_ORG
7AC1852C-338D-4EEF-8AE7-B8177655F149,UniEuropa,FF230BB0-86F3-48C4-A704-52C532371544,PP_ORG
7AC1852C-338D-4EEF-8AE7-B8177655F149,FEPS (Foundation for Euro Prog Studies),BB0EDC3B-A222-4D3F-AB18-04746C12DD34,PP_ORG
7AC1852C-338D-4EEF-8AE7-B8177655F149,Vodafone Group Services Ltd,8A47FEA7-0071-4B44-80AE-4CBECFF2B5B5,PP_ORG
7AC1852C-338D-4EEF-8AE7-B8177655F149,GOOD THINGS FOUNDATION,E1880071-F9CD-4988-88D3-AF02C3BD15AE,PP_ORG
7AC1852C-338D-4EEF-8AE7-B8177655F149,Working Families,34F2E022-AB7C-4474-A5D2-C4F312C824E2,PP_ORG
7AC1852C-338D-4EEF-8AE7-B8177655F149,West Yorkshire Combined Authority,A8F6C3A6-7E80-45B7-9EAC-2BC683B438A4,PP_ORG
7AC1852C-338D-4EEF-8AE7-B8177655F149,Oslo Metropolitan University,A3A70283-5ECB-41E2-B1CE-ED694E36BD3E,PP_ORG
7AC1852C-338D-4EEF-8AE7-B8177655F149,Socitm,13E16AB7-038B-452A-B430-B892C5B89507,PP_ORG
7AC1852C-338D-4EEF-8AE7-B8177655F149,NHS Employers,8D0D2F74-6D44-4C07-BC5B-62566968CA35,PP_ORG
7AC1852C-338D-4EEF-8AE7-B8177655F149,Trades Union Congress,0AF7610B-8B59-48DC-BF4A-9BE46F86C007,PP_ORG
7AC1852C-338D-4EEF-8AE7-B8177655F149,DEPARTMENT FOR WORK AND PENSIONS,994E1410-7BFE-4446-AAE1-2863CE00867D,PP_ORG
7AC1852C-338D-4EEF-8AE7-B8177655F149,Decathlon UK,20B67711-0806-4921-91CA-B4371E35EB96,PP_ORG
7AC1852C-338D-4EEF-8AE7-B8177655F149,International Labour Organisation (ILO),C066ADEC-6545-4243-9C98-96F098CA5C0D,PP_ORG
7AC1852C-338D-4EEF-8AE7-B8177655F149,Low Pay Commission,F6C9ED6E-0933-45A4-A275-F4C6A2EDD6BD,PP_ORG
7AC1852C-338D-4EEF-8AE7-B8177655F149,CIPD,D7196C1F-354C-46EC-89D8-7A7DA29B781B,PP_ORG
7AC1852C-338D-4EEF-8AE7-B8177655F149,MANCHESTER CITY COUNCIL,FBC48E57-7EC0-4A74-9D2E-9A9E3596AF2E,PP_ORG
7AC1852C-338D-4EEF-8AE7-B8177655F149,Salford City Council,2751133A-A175-41E7-9E68-E5EB86C7ECBB,PP_ORG
7AC1852C-338D-4EEF-8AE7-B8177655F149,Adur and Worthing Councils,3EC2BE19-6B33-44C3-9200-972B1702E283,PP_ORG
7AC1852C-338D-4EEF-8AE7-B8177655F149,Ridgeview Wines,27216884-0153-4A75-BC99-CBB02EEA499F,PP_ORG
76F8F771-50C8-4B24-A7D4-F78E1926D69B,"Goldsmiths, University of London",41CC4D03-2561-45AC-A6CC-043CA627F631,COLLAB_ORG
76F8F771-50C8-4B24-A7D4-F78E1926D69B,KING'S COLLEGE LONDON,C250D6E3-1555-439F-A0DD-889B0D113D01,COLLAB_ORG
76F8F771-50C8-4B24-A7D4-F78E1926D69B,University of Amsterdam,8C3FE44D-65C7-4F96-BED7-42078AE2B2A4,COLLAB_ORG
76F8F771-50C8-4B24-A7D4-F78E1926D69B,George Washington University,EC879EB1-66EA-407F-95BC-65EA5051DB9C,COLLAB_ORG
76F8F771-50C8-4B24-A7D4-F78E1926D69B,University College London,3A4648E7-8DF3-41A1-B2BB-0471493665E7,COLLAB_ORG
706BF003-38DC-4726-A9B7-0EF3CF73CA52,Organisation for Economic Co-operation and Development OECD,C2C03644-D414-4073-AB0D-4A7B45202B5C,COLLAB_ORG
706BF003-38DC-4726-A9B7-0EF3CF73CA52,AidData,C7CFAB17-E81B-4B69-8F0D-AD995760185B,COLLAB_ORG
706BF003-38DC-4726-A9B7-0EF3CF73CA52,International Labour Organization (ILO),0F479863-CE33-4AE6-ADB5-3E6C7C30F3CB,COLLAB_ORG
706BF003-38DC-4726-A9B7-0EF3CF73CA52,German Development Institute,E407F197-7705-48F0-AE85-286D63BF0085,COLLAB_ORG
706BF003-38DC-4726-A9B7-0EF3CF73CA52,London School of Economics and Political Science,AC7DB6B1-6936-43E2-9009-C636AC661D4B,PP_ORG
706BF003-38DC-4726-A9B7-0EF3CF73CA52,German Development Institute (DIE),94F36D83-0964-4D1E-A06F-90DF07BF97AA,PP_ORG
B23FDE04-1185-450F-BDE7-8E55A6CB1B70,Onergia,AE27BE21-8E05-488F-AC3F-C24BC4D223DC,COLLAB_ORG
B23FDE04-1185-450F-BDE7-8E55A6CB1B70,Placetas Municipal Assembly,FBFB6B58-3B44-424D-8ABE-03193E13B88B,COLLAB_ORG
B23FDE04-1185-450F-BDE7-8E55A6CB1B70,BAORGG SAPI de CV,079B6C7C-A10D-4149-97C3-BDB63EEF9B38,COLLAB_ORG
B23FDE04-1185-450F-BDE7-8E55A6CB1B70,National University of Colombia,2FE4F63E-3B87-4B37-86DE-CCDB35AEC615,COLLAB_ORG
B23FDE04-1185-450F-BDE7-8E55A6CB1B70,University of Twente,D0917B0B-DF5A-4A70-9135-152A81699A91,COLLAB_ORG
B23FDE04-1185-450F-BDE7-8E55A6CB1B70,International Institute for Applied Systems Analysis,FDA488B3-2A22-45D0-AEA1-80C2A167BEBF,COLLAB_ORG
B23FDE04-1185-450F-BDE7-8E55A6CB1B70,Villa Clara Provincial Government,21962E18-EECB-4049-B795-011DFE8F349A,COLLAB_ORG
B23FDE04-1185-450F-BDE7-8E55A6CB1B70,Ministry of Energy and Mines,3FA8AE0C-87BE-4EF3-B6C3-067CF36719FC,COLLAB_ORG
B23FDE04-1185-450F-BDE7-8E55A6CB1B70,Provincial Address Villa Clara,D7FD6464-25D5-414A-84FF-A083C43E5A4D,PP_ORG
B23FDE04-1185-450F-BDE7-8E55A6CB1B70,Placetas Municipal Assembly Pop Power,5439EEA8-B534-4B9E-B206-D410C5DFFA95,PP_ORG
B23FDE04-1185-450F-BDE7-8E55A6CB1B70,BAORGG,FB80DB81-494B-4CF6-802C-A6C8365CC550,PP_ORG
B23FDE04-1185-450F-BDE7-8E55A6CB1B70,Ministry of Energy and Mine - Cuba,600F11CD-354D-49F6-9AAD-0CA5E1DAE728,PP_ORG
B23FDE04-1185-450F-BDE7-8E55A6CB1B70,Town Hall San Martin Tilcajete,A8A8F416-2F25-4CE3-B7BB-D7D07C6BEE52,PP_ORG
B23FDE04-1185-450F-BDE7-8E55A6CB1B70,University of Twente,D0917B0B-DF5A-4A70-9135-152A81699A91,PP_ORG
B23FDE04-1185-450F-BDE7-8E55A6CB1B70,Onergia,AE27BE21-8E05-488F-AC3F-C24BC4D223DC,PP_ORG
B23FDE04-1185-450F-BDE7-8E55A6CB1B70,DEBISAMCO Corporation,A3ABF5AB-C228-41D7-8DCA-0A38C63DD1C3,PP_ORG
B23FDE04-1185-450F-BDE7-8E55A6CB1B70,National University of Colombia,2FE4F63E-3B87-4B37-86DE-CCDB35AEC615,PP_ORG
B23FDE04-1185-450F-BDE7-8E55A6CB1B70,Intl Inst Applied Systems Analysis IIASA,3DE9349F-0649-4A95-B828-C753BCC3A26B,PP_ORG
7D88B602-00EF-4EA1-9F58-60B8EA2924DD,Victoria and Albert Museum,AEEC2AE8-79CE-4C9A-AC16-74C7CD8FCD2C,COLLAB_ORG
7D88B602-00EF-4EA1-9F58-60B8EA2924DD,IMPERIAL COLLEGE LONDON,EC9326B5-50D8-459F-9932-1D39B5055FC9,COLLAB_ORG
7D88B602-00EF-4EA1-9F58-60B8EA2924DD,University of Ghent,8ADF80B6-A58D-45BC-9977-C420D17FE09B,COLLAB_ORG
7D88B602-00EF-4EA1-9F58-60B8EA2924DD,University of Oslo,E44B6167-B64B-4F6B-A3DD-40A85146186F,COLLAB_ORG
7D88B602-00EF-4EA1-9F58-60B8EA2924DD,McMaster University,B5652EE5-5D3E-49B0-8DE5-EFC0446742B8,COLLAB_ORG
7D88B602-00EF-4EA1-9F58-60B8EA2924DD,University College London,42071096-BAA9-4D10-8EF9-0173360DC723,COLLAB_ORG
7D88B602-00EF-4EA1-9F58-60B8EA2924DD,Museum of Modern Art,7019E49B-F3E4-4012-B464-8B9952A981D2,COLLAB_ORG
7D88B602-00EF-4EA1-9F58-60B8EA2924DD,UNIVERSITY OF CAMBRIDGE,A7511831-607B-4196-A226-870292A6A98D,COLLAB_ORG
7D88B602-00EF-4EA1-9F58-60B8EA2924DD,Stuttgart State Academy of Art and Design,2112FF32-6160-4C94-A7E1-F0A0DE42EA82,COLLAB_ORG
7D88B602-00EF-4EA1-9F58-60B8EA2924DD,Northumbria University,8E1AFBF5-D650-4119-A8B3-5A13677E7286,COLLAB_ORG
7D88B602-00EF-4EA1-9F58-60B8EA2924DD,Courtauld Institute of Art (University of London),C1FE05ED-2654-430D-AC4B-FC8A35AB60BE,COLLAB_ORG
7D88B602-00EF-4EA1-9F58-60B8EA2924DD,Sir John Soane's Museum,8F993C88-F05E-49EA-9791-CF3A4455B75F,COLLAB_ORG
7D88B602-00EF-4EA1-9F58-60B8EA2924DD,University of Amsterdam,5CD7457A-45A2-4A56-9572-1EEDCCA248ED,COLLAB_ORG
7D88B602-00EF-4EA1-9F58-60B8EA2924DD,The Getty Conservation Institute,EAC7F3F3-62D9-4262-9FE6-AA5D94BBA706,COLLAB_ORG
7D88B602-00EF-4EA1-9F58-60B8EA2924DD,Cultural Heritage Agency of Netherlands,38D923A0-F5B8-44DF-8E7A-61051111B854,COLLAB_ORG
7D88B602-00EF-4EA1-9F58-60B8EA2924DD,Courtauld Institute of Art,5A212CDA-2EFA-4475-9294-91181BE05F8C,PP_ORG
DA2A4DE2-405A-4DEF-944B-B25D1F29384F,Improbable,EFD05884-4065-4205-870E-FD1F2F4FB61D,COLLAB_ORG
DA2A4DE2-405A-4DEF-944B-B25D1F29384F,University of Edinburgh,A4735E0B-ED6E-4FC5-9497-CFE564317F54,PP_ORG
6DDF8178-756A-4ECA-9055-491C2801DB10,Institute of Food Science & Technology,13AB7417-9124-44E7-ACC8-F9ECE60C83CF,PP_ORG
6DDF8178-756A-4ECA-9055-491C2801DB10,AIBIO-UK,3E17C8A7-D8B8-4D83-9DE0-6F5DCBE4CF87,PP_ORG
6DDF8178-756A-4ECA-9055-491C2801DB10,Alec Kyriakides Consultancy,049B2BF6-8415-4D98-A739-15FF9AED34E0,PP_ORG
6DDF8178-756A-4ECA-9055-491C2801DB10,Tastebuds Collective,C4537CA5-6C7C-4537-A143-4F8299B919E2,PP_ORG
6DDF8178-756A-4ECA-9055-491C2801DB10,Food Authenticity Network,12F48C61-EE73-4540-9201-67640B082C41,PP_ORG
6DDF8178-756A-4ECA-9055-491C2801DB10,ASDA,72366081-09F4-4BE4-8876-5B8B633EBB86,PP_ORG
6DDF8178-756A-4ECA-9055-491C2801DB10,Food Standards Agency,610477E4-1820-447E-AEDC-DDD7F1788542,PP_ORG
6DDF8178-756A-4ECA-9055-491C2801DB10,University of Southampton,2DD7A5D8-DD28-41B3-9537-D661D7E8FE14,PP_ORG
6DDF8178-756A-4ECA-9055-491C2801DB10,QUEEN'S UNIVERSITY BELFAST,23B1695D-4900-4E78-87AF-9CEB5F1C5E52,PP_ORG
6DDF8178-756A-4ECA-9055-491C2801DB10,Chilled Food Association,5AA13DE3-C9E5-4CB7-8394-FA7ADF355B10,PP_ORG
6DDF8178-756A-4ECA-9055-491C2801DB10,INNOVATE UK,2982F2E7-64A9-4163-BCC1-F4B398A36D3D,PP_ORG
6DDF8178-756A-4ECA-9055-491C2801DB10,Agrifood for Net Zero Network+,5026253E-B8D4-4524-ACAC-FD11C4F26ABB,PP_ORG
6DDF8178-756A-4ECA-9055-491C2801DB10,Samworth Brothers,39D07875-0674-45A5-B793-4C8BA92233B5,PP_ORG
6DDF8178-756A-4ECA-9055-491C2801DB10,Unconventional Connections,B0ED6CB8-C7F6-4A91-AF80-4FB761BAFF99,PP_ORG
6DDF8178-756A-4ECA-9055-491C2801DB10,University of Leeds,022B8FE8-55B9-4215-837E-F5AF0DB4C621,PP_ORG
6DDF8178-756A-4ECA-9055-491C2801DB10,National Biofilm Innovation Centre,B427FFA9-6782-45B0-B3AD-B184CA1F4F01,PP_ORG
6DDF8178-756A-4ECA-9055-491C2801DB10,The Fresh Produce Consortium,3CF67D1A-BF6F-4CA2-98A3-D3B37BECA282,PP_ORG
F4AE42CC-096C-458E-AACE-9C02F6AFBF53,Royal Museums Greenwich,B61F507E-7B5B-491F-A8FD-2B7219FDFFBE,PP_ORG
F4AE42CC-096C-458E-AACE-9C02F6AFBF53,HISTORIC ROYAL PALACES,BBAE2415-BA56-4A12-A657-6611A3230E46,PP_ORG
169CA466-08DC-4BE4-84E7-69D7EC634A47,University of Salford,4F164BD9-7F9F-48B3-885E-7E7880DE2102,COLLAB_ORG
169CA466-08DC-4BE4-84E7-69D7EC634A47,"Soltropy Ltd, UK",A1F4C279-2B75-4AC4-B559-9B3E333357E5,COLLAB_ORG
169CA466-08DC-4BE4-84E7-69D7EC634A47,UNIVERSITY OF MANCHESTER,F10C1DB7-8352-4B5E-9B34-CCB71D5C6AC5,COLLAB_ORG
169CA466-08DC-4BE4-84E7-69D7EC634A47,Scottish Federation of Housing Assoc,A2D345F1-F460-479C-9B34-CC726B04C91E,PP_ORG
169CA466-08DC-4BE4-84E7-69D7EC634A47,FeTu Ltd,3BEAC932-8703-404F-A567-90279E1DFF45,PP_ORG
169CA466-08DC-4BE4-84E7-69D7EC634A47,Sunamp (United Kingdom),4FB4EBB9-8A1A-4282-A35D-DEA6DFA61105,PP_ORG
169CA466-08DC-4BE4-84E7-69D7EC634A47,Star Refrigeration Ltd,76D5AB54-EC36-4A00-8E53-DCACA8980CB1,PP_ORG
169CA466-08DC-4BE4-84E7-69D7EC634A47,GEIRI Europe,699ECFF3-740B-4276-8702-822482210EC7,PP_ORG
169CA466-08DC-4BE4-84E7-69D7EC634A47,John Gilbert Architects,0A7CF143-D2AB-442D-90AC-820C83920562,PP_ORG
4270C26A-1254-4CE1-875C-3AE4520F071E,University of Salford,4F164BD9-7F9F-48B3-885E-7E7880DE2102,COLLAB_ORG
4270C26A-1254-4CE1-875C-3AE4520F071E,GEIRI Europe,699ECFF3-740B-4276-8702-822482210EC7,PP_ORG
4270C26A-1254-4CE1-875C-3AE4520F071E,FeTu Ltd,3BEAC932-8703-404F-A567-90279E1DFF45,PP_ORG
4270C26A-1254-4CE1-875C-3AE4520F071E,John Gilbert Architects,0A7CF143-D2AB-442D-90AC-820C83920562,PP_ORG
4270C26A-1254-4CE1-875C-3AE4520F071E,Scottish Federation of Housing Assoc,A2D345F1-F460-479C-9B34-CC726B04C91E,PP_ORG
4270C26A-1254-4CE1-875C-3AE4520F071E,Star Refrigeration Ltd,76D5AB54-EC36-4A00-8E53-DCACA8980CB1,PP_ORG
4270C26A-1254-4CE1-875C-3AE4520F071E,Sunamp (United Kingdom),4FB4EBB9-8A1A-4282-A35D-DEA6DFA61105,PP_ORG
368B48DD-5BC5-4AE1-A19B-C805C5BF98F6,"Royal Botanic Gardens, Kew",C681EF18-8763-47E2-9349-054BD7CB8F05,COLLAB_ORG
368B48DD-5BC5-4AE1-A19B-C805C5BF98F6,"KB, National Library of the Netherlands",179EAAFA-F315-4B31-A7B8-317D6B3379E0,PP_ORG
10144479-7087-4E8A-842C-E10A57EF22F0,BehindLogin,14ED5FDF-5CD0-426C-84FC-DEA925BAC53E,COLLAB_ORG
10144479-7087-4E8A-842C-E10A57EF22F0,Deloitte Touche Tohmatsu,46C21E2E-7936-4B82-85AE-58E88D4CE317,COLLAB_ORG
10144479-7087-4E8A-842C-E10A57EF22F0,SETsquared Partnership,923FB97D-A6A0-4DDF-A97E-0498E303A80C,COLLAB_ORG
10144479-7087-4E8A-842C-E10A57EF22F0,Sage UK Limited,B33AE717-013E-45AA-A652-32B5AC5DAFED,COLLAB_ORG
10144479-7087-4E8A-842C-E10A57EF22F0,University of the West of England,8F2FC7C7-06BB-49C0-8463-8DFDEC987038,COLLAB_ORG
10144479-7087-4E8A-842C-E10A57EF22F0,FinTech North,F3E0EE63-E731-4C5F-8499-F923A60E2743,PP_ORG
10144479-7087-4E8A-842C-E10A57EF22F0,Fin Tech Scotland,20B61581-5AD6-4AD5-AD7F-9576F3E7B0E8,PP_ORG
10144479-7087-4E8A-842C-E10A57EF22F0,Burges Salmon LLP,C612C025-0BB7-468D-8587-CAA4E17C1682,PP_ORG
10144479-7087-4E8A-842C-E10A57EF22F0,Seccl Technology Limited,58CD7932-2C56-4D01-AF45-533814F69D81,PP_ORG
10144479-7087-4E8A-842C-E10A57EF22F0,Deloitte UK,D1FF1C33-76F7-420C-84B6-775B11CC43E5,PP_ORG
10144479-7087-4E8A-842C-E10A57EF22F0,Ethical Equity,30EBB679-01C0-48E8-B4FE-5E3FADD02D5F,PP_ORG
10144479-7087-4E8A-842C-E10A57EF22F0,NatWest Group,F6E55B0E-BB35-4FD6-8422-D40821A77299,PP_ORG
10144479-7087-4E8A-842C-E10A57EF22F0,SPARK South West Ltd,BA6148AC-E88D-4AED-8D33-C4EC6922D231,PP_ORG
10144479-7087-4E8A-842C-E10A57EF22F0,Hargreaves Lansdown,1C616BA3-25F2-4972-9423-25A36F6D33A4,PP_ORG
10144479-7087-4E8A-842C-E10A57EF22F0,Great Western Credit Union,CAF1A73D-1958-47D1-9CA9-CB81C6580AA4,PP_ORG
10144479-7087-4E8A-842C-E10A57EF22F0,SETsquared Partnership,923FB97D-A6A0-4DDF-A97E-0498E303A80C,PP_ORG
10144479-7087-4E8A-842C-E10A57EF22F0,Tramshed Tech Ltd,7EFC677C-1C78-42CE-89AB-A16C9F18FDAA,PP_ORG
B804B538-411E-4A61-A4A2-9987D68B13FE,University of the Philippines,C33F7AD2-4860-4BCE-962F-EB7E0CBAA0BC,COLLAB_ORG
B804B538-411E-4A61-A4A2-9987D68B13FE,University of Rwanda,97A21878-FD4B-411F-B06E-30081C1D0E73,COLLAB_ORG
B804B538-411E-4A61-A4A2-9987D68B13FE,University of the Witwatersrand,060B0FE4-D714-4C80-B612-06F85C904E52,COLLAB_ORG
B804B538-411E-4A61-A4A2-9987D68B13FE,Kenyatta University,6B5CAF68-CEDC-4123-9FC0-C834B762518F,COLLAB_ORG
B804B538-411E-4A61-A4A2-9987D68B13FE,"United Nations Educational, Scientific and Cultural Organization",8FF00C65-CFCB-49DB-B28F-C61DDC5ABCD3,COLLAB_ORG
B804B538-411E-4A61-A4A2-9987D68B13FE,Icesi University,74714C01-6C55-4113-9A0F-DD2CA0FEFF1B,COLLAB_ORG
B804B538-411E-4A61-A4A2-9987D68B13FE,Nankai University,0EAA897F-1836-47C9-954B-9D82383481DA,COLLAB_ORG
B804B538-411E-4A61-A4A2-9987D68B13FE,Ifakara Health Institute,A77E1DA6-58BB-47A8-995D-B75C30D4A6FC,COLLAB_ORG
B804B538-411E-4A61-A4A2-9987D68B13FE,University of the Philippines Diliman,A68BEC0F-DFD2-4AB2-AB89-1BC074CBA5EE,COLLAB_ORG
B804B538-411E-4A61-A4A2-9987D68B13FE,National Institute of Urban Affairs,4E8BC0BD-343A-49E0-AA8D-9E9A3FFB07FB,COLLAB_ORG
B804B538-411E-4A61-A4A2-9987D68B13FE,Ardhi University,4B42F059-7A5D-4503-8B6C-979688AADE2D,COLLAB_ORG
B804B538-411E-4A61-A4A2-9987D68B13FE,University of Philippines Manila,A0829C5F-CDAF-4ABA-993D-435ACCCAFC94,COLLAB_ORG
B804B538-411E-4A61-A4A2-9987D68B13FE,Khulna University,3939A3FA-3F79-4B17-A5D9-A097A42370C5,COLLAB_ORG
B804B538-411E-4A61-A4A2-9987D68B13FE,University of Gujrat,E2FBC81E-D68E-4EFA-9BFB-027CF9656700,COLLAB_ORG
B804B538-411E-4A61-A4A2-9987D68B13FE,Polytechnic University of the Philippines,76A536C0-6E96-46E4-A9C5-8FA6DA4F6CA4,COLLAB_ORG
B804B538-411E-4A61-A4A2-9987D68B13FE,Chinese Academy of Sciences,ED7041CF-D46A-4A6B-9B03-142956767A7E,COLLAB_ORG
B804B538-411E-4A61-A4A2-9987D68B13FE,University of Bristol,3AFC4E80-1071-4043-B55D-5DC3BFBAFCA2,COLLAB_ORG
B804B538-411E-4A61-A4A2-9987D68B13FE,University College London,3A4648E7-8DF3-41A1-B2BB-0471493665E7,COLLAB_ORG
B804B538-411E-4A61-A4A2-9987D68B13FE,Human Sciences Research Council (HSRC),3AF0ACB2-CE4F-4EA1-BED1-D487C2FE8BC3,COLLAB_ORG
B804B538-411E-4A61-A4A2-9987D68B13FE,"UN Habitat, Kenya",2CCDFB8B-6AF8-4265-9FB6-9FFDF7D0183F,COLLAB_ORG
F56314F1-F5AB-4AEB-9EAD-142A34428E1E,Haramaya University,1FBFD04A-DEA8-4BFF-ADDF-707AB5699D98,COLLAB_ORG
F56314F1-F5AB-4AEB-9EAD-142A34428E1E,IGAD Sheikh Technical Veterinary School and Reference Centre,CFBB6525-4EF5-4590-A5C8-973DC9D5F90C,COLLAB_ORG
F56314F1-F5AB-4AEB-9EAD-142A34428E1E,Jigjiga University,3498D415-CF9E-4701-BFF9-77CFAA729116,COLLAB_ORG
F56314F1-F5AB-4AEB-9EAD-142A34428E1E,Benadir University,475A0263-DE82-48B8-8AE0-6972819BAB02,COLLAB_ORG
F56314F1-F5AB-4AEB-9EAD-142A34428E1E,Moi University,4C33B48C-7063-4F9B-9AA7-9501DB9C7F9C,COLLAB_ORG
F56314F1-F5AB-4AEB-9EAD-142A34428E1E,Nugaal University,AB18A1EF-E372-49CE-AB28-66ED6523A6BF,COLLAB_ORG
F56314F1-F5AB-4AEB-9EAD-142A34428E1E,Bule Hora University,8BA9AC58-6021-4DF7-99C8-1116AFCEA014,COLLAB_ORG
F56314F1-F5AB-4AEB-9EAD-142A34428E1E,Addis Ababa University,4D18159A-6765-42FD-BB7E-430CA301AEDC,COLLAB_ORG
F56314F1-F5AB-4AEB-9EAD-142A34428E1E,Government of Kenya,524814DC-6426-4414-85CB-6C12A99EF19A,COLLAB_ORG
F56314F1-F5AB-4AEB-9EAD-142A34428E1E,East Africa University,FFC2CB2F-35C8-4194-BDB8-6B7FD8CAB27F,COLLAB_ORG
F56314F1-F5AB-4AEB-9EAD-142A34428E1E,Edna Adan University,C9F28C35-82D5-4B28-8947-DA7A496A6249,COLLAB_ORG
F56314F1-F5AB-4AEB-9EAD-142A34428E1E,Red Sea University,9B960FE7-AC2C-4CD4-938B-2083998D6D06,COLLAB_ORG
F56314F1-F5AB-4AEB-9EAD-142A34428E1E,Terra Nuova,D5619DF0-7467-43E2-89D8-14CFBBB6E39F,COLLAB_ORG
F56314F1-F5AB-4AEB-9EAD-142A34428E1E,SIMAD University,CFD57AFC-5B6B-4099-A456-DD5D88031AA4,COLLAB_ORG
F56314F1-F5AB-4AEB-9EAD-142A34428E1E,University of Gondar,FBDACC93-9798-4613-810C-B870F653AC70,COLLAB_ORG
F56314F1-F5AB-4AEB-9EAD-142A34428E1E,Burao University,AA2E8EBB-5321-43D8-ADDB-752D7C9758C6,COLLAB_ORG
F56314F1-F5AB-4AEB-9EAD-142A34428E1E,Liverpool School of Tropical Medicine,E872CCD1-E073-430F-BBE8-25BC1864DAC9,COLLAB_ORG
F56314F1-F5AB-4AEB-9EAD-142A34428E1E,International Livestock Research Institute (ILRI),B9327F50-331C-4369-B2AF-C8405DDE540F,COLLAB_ORG
F56314F1-F5AB-4AEB-9EAD-142A34428E1E,Mogadishu University,E82EB941-CBA3-4B99-BCA0-4565D39C421C,COLLAB_ORG
F56314F1-F5AB-4AEB-9EAD-142A34428E1E,University of Djibouti,333D9F7A-3975-4292-B1DB-02B6B2DBCFCB,COLLAB_ORG
F56314F1-F5AB-4AEB-9EAD-142A34428E1E,University of Hargeisa,7FC8FCFA-F531-4EC3-96CE-5EC8072DDCE9,COLLAB_ORG
F56314F1-F5AB-4AEB-9EAD-142A34428E1E,Mekelle University,D47B0753-3C90-4951-854F-32B731B2FEEB,COLLAB_ORG
F56314F1-F5AB-4AEB-9EAD-142A34428E1E,Hamelmalo College of Agriculture,3502FBBB-03A3-4C4D-B672-72275064C732,COLLAB_ORG
F56314F1-F5AB-4AEB-9EAD-142A34428E1E,Amoud University,17A6E979-1CC2-4E87-9B00-2631983B7EB8,COLLAB_ORG
F56314F1-F5AB-4AEB-9EAD-142A34428E1E,World Health Organization Regional Office for the Eastern Mediterranean,26237870-2B18-4A2F-8E97-B1625530C05E,COLLAB_ORG
F56314F1-F5AB-4AEB-9EAD-142A34428E1E,Abrar University,B9FA9CFF-F53C-49F8-B524-7B56BC102E0A,COLLAB_ORG
F56314F1-F5AB-4AEB-9EAD-142A34428E1E,University of Jimma,E46008E7-0AC6-40CD-83CC-5F4F4780DDF9,COLLAB_ORG
F56314F1-F5AB-4AEB-9EAD-142A34428E1E,University of Nairobi,19FF1A6E-5906-4770-87DD-1193B79B4C3C,COLLAB_ORG
F56314F1-F5AB-4AEB-9EAD-142A34428E1E,"NAHDIC (Nat Animal Health Ctr, Ethiopia)",531D0E2F-95EA-4651-BB16-AD010A78DC3F,PP_ORG
F56314F1-F5AB-4AEB-9EAD-142A34428E1E,United Nations Environment Prog (UNEP),B62C043A-04C3-476B-A896-8AC04BD94652,PP_ORG
F56314F1-F5AB-4AEB-9EAD-142A34428E1E,World Organisation for Animal Health,1E0A0137-0C57-46B5-8C50-BDEE0FC36C92,PP_ORG
F56314F1-F5AB-4AEB-9EAD-142A34428E1E,FAO (Food & Agricultural Org of the UN),76845749-F915-4B0D-98D9-A9A3C44BAF30,PP_ORG
F56314F1-F5AB-4AEB-9EAD-142A34428E1E,Terra Nuova,D5619DF0-7467-43E2-89D8-14CFBBB6E39F,PP_ORG
F56314F1-F5AB-4AEB-9EAD-142A34428E1E,Improving Market Opportunities,85ABF99C-D61B-47A5-B26F-34A8047A8308,PP_ORG
F56314F1-F5AB-4AEB-9EAD-142A34428E1E,University of Asmara,753ADF72-2B0C-4D30-9EBB-A428F51E4517,PP_ORG
F56314F1-F5AB-4AEB-9EAD-142A34428E1E,Armauer Hansen Research Institute,F55E3C3F-80FA-4899-9C1F-9FF1E102ED78,PP_ORG
F56314F1-F5AB-4AEB-9EAD-142A34428E1E,Kenya Medical Research Institute,C8C9573C-C342-4562-8A95-2D5FC0F26675,PP_ORG
F56314F1-F5AB-4AEB-9EAD-142A34428E1E,Ethiopian Institute of Agricultural Res,A13E36A5-D149-4A37-B457-E084DD395C7E,PP_ORG
F56314F1-F5AB-4AEB-9EAD-142A34428E1E,National Veterinary Institute Ethiopia,C3980728-3A45-49C7-8500-A7E18E61C230,PP_ORG
F56314F1-F5AB-4AEB-9EAD-142A34428E1E,Gov't of Kenya Zoonotic Disease Unit,ADEC36B9-FA8D-44DF-A5C8-10E33CFA616C,PP_ORG
F56314F1-F5AB-4AEB-9EAD-142A34428E1E,IGAD Sheikh Technical Veterinary School,30AE9627-A64E-4969-88B1-7701BF5C18E7,PP_ORG
F56314F1-F5AB-4AEB-9EAD-142A34428E1E,Ethiopian Public Health Institute (EPHI),A8F1D69E-B2B4-41DA-9672-BE17FB7D06A9,PP_ORG
F56314F1-F5AB-4AEB-9EAD-142A34428E1E,Vétérinaires Sans Frontières - Germany,0843664E-9188-408B-8148-9F6F1E1B7605,PP_ORG
F56314F1-F5AB-4AEB-9EAD-142A34428E1E,World Health Organization,7729A64F-1AF4-4894-B909-A76B9A742491,PP_ORG
0C812447-4E15-4751-B21D-32EADF0B5B02,GLASGOW CLYDE COLLEGE,AD40D7FC-3663-46AA-A8C5-929BF1CB2945,COLLAB_ORG
0C812447-4E15-4751-B21D-32EADF0B5B02,Glasgow Centre for Population Health,55C5D9EF-340C-4005-9146-337EAAB2C4D8,COLLAB_ORG
0C812447-4E15-4751-B21D-32EADF0B5B02,Skills Development Scotland,457DA3CE-86D3-4ACD-A5D5-BD8613B5325E,COLLAB_ORG
0C812447-4E15-4751-B21D-32EADF0B5B02,CITY OF GLASGOW COLLEGE,1B89DC6E-7A29-40E5-931E-A0EE8F1ECB83,COLLAB_ORG
0C812447-4E15-4751-B21D-32EADF0B5B02,Glasgow City Council,B22ED118-C8F6-4E06-AC5E-ABB7FE97A6D1,COLLAB_ORG
0C812447-4E15-4751-B21D-32EADF0B5B02,GLASGOW KELVIN COLLEGE,6ED92A60-7586-4840-AB84-A2E2A7FE2E7D,COLLAB_ORG
0C812447-4E15-4751-B21D-32EADF0B5B02,University of Strathclyde,562804F3-F71E-459D-9769-23A632545BC0,COLLAB_ORG
0C812447-4E15-4751-B21D-32EADF0B5B02,University College London,3A4648E7-8DF3-41A1-B2BB-0471493665E7,COLLAB_ORG
0C812447-4E15-4751-B21D-32EADF0B5B02,Glasgow Chambers of Commerce,1E48FC63-F845-498C-9ED8-ECC2F91CADAD,PP_ORG
0C812447-4E15-4751-B21D-32EADF0B5B02,Public Health Scotland,1290B07B-03C3-484E-A37A-F511FADB0156,PP_ORG
0C812447-4E15-4751-B21D-32EADF0B5B02,Glasgow City Health and Social Care Part,0610A4B6-A790-4266-9185-9842B0056BF2,PP_ORG
0C812447-4E15-4751-B21D-32EADF0B5B02,Glasgow Council for the Voluntary Sector,EB881558-D667-48CC-B7D7-BDCDA2D9FE28,PP_ORG
0C812447-4E15-4751-B21D-32EADF0B5B02,Glasgow Centre for Population Health,55C5D9EF-340C-4005-9146-337EAAB2C4D8,PP_ORG
0C812447-4E15-4751-B21D-32EADF0B5B02,Skills Development Scotland,457DA3CE-86D3-4ACD-A5D5-BD8613B5325E,PP_ORG
1C3B8CAE-E310-401A-A659-738A9AF0D04A,Maryhill Integration Network,DA788CFA-8607-4A72-B41A-FD3BD3EF9B73,COLLAB_ORG
C926E535-961C-4DB3-B80C-F942BF9E881D,Hasanuddin University,F10BB0FC-5F1D-43F6-927D-55A7C3984A3F,COLLAB_ORG
C926E535-961C-4DB3-B80C-F942BF9E881D,University of Hasanuddin,BBF44DB2-5AFE-49CF-BE5F-438BB1DE7509,PP_ORG
C926E535-961C-4DB3-B80C-F942BF9E881D,Operation Wallacea,116ED692-1CE6-442F-9B28-C02345C29C30,PP_ORG
C926E535-961C-4DB3-B80C-F942BF9E881D,University of Pattimura,6DDA7E9E-6ADD-4CF9-9B3B-CA0E835357AC,PP_ORG
FA117780-BF7C-49E1-A583-388600B8EB50,Gypsy Media Company- Thirsty Bear Forge,40BC088A-7370-45F5-996D-B414352D1548,PP_ORG
FA117780-BF7C-49E1-A583-388600B8EB50,Camelamos Naquerar,AE15FDF9-AA32-412A-B586-C93623868B1B,PP_ORG
FA117780-BF7C-49E1-A583-388600B8EB50,"Dept Levelling Up, Housing & Communities",837E27CA-96C0-4C08-8FDA-33EFC94EB229,PP_ORG
FA117780-BF7C-49E1-A583-388600B8EB50,Spanish Government,95388A05-9B1B-4F74-8939-930BC3209D78,PP_ORG
FA117780-BF7C-49E1-A583-388600B8EB50,Khetane,2A648F5F-895A-4A75-918C-E7C2C900D7C7,PP_ORG
FA117780-BF7C-49E1-A583-388600B8EB50,Drive2Survive,3CB56D29-9110-42F8-A0E1-17DC9B636125,PP_ORG
FA117780-BF7C-49E1-A583-388600B8EB50,Almeria Council,F2CAEAA0-AC59-41D2-8417-6ED4756C4BF3,PP_ORG
FA117780-BF7C-49E1-A583-388600B8EB50,Women's Environmental Network,D3E75CD2-666F-41C6-B54F-036B5A880ACD,PP_ORG
FA117780-BF7C-49E1-A583-388600B8EB50,Roma Support Group (RSG),69265CA4-BA88-4D48-847D-4D04BE47AB13,PP_ORG
FA117780-BF7C-49E1-A583-388600B8EB50,Ando Glaso - Dance,8860349A-E14A-41B0-9B68-9A1AC4D5C68C,PP_ORG
FA117780-BF7C-49E1-A583-388600B8EB50,Los Almendros College,FE2C6655-E69C-4B39-A1C3-BC6700D7430E,PP_ORG
FA117780-BF7C-49E1-A583-388600B8EB50,"Friends, Families and Travellers",93F7FA0A-0C91-4A41-AF93-AC97DD1C47B4,PP_ORG
FA117780-BF7C-49E1-A583-388600B8EB50,Ando Glaso,A22CBA19-9B71-4B7D-A1EF-365FC18133FD,PP_ORG
FA117780-BF7C-49E1-A583-388600B8EB50,Spanish Parliament,AEF52F7A-DB50-43D4-BFEB-3A150ADCF4F5,PP_ORG
0B9FDDD3-38D6-43B1-B38F-D0413C6E2BD8,Polish Social and Cultural Association (POSK),B272741D-5042-4B35-93F9-A3E97EB87388,COLLAB_ORG
0B9FDDD3-38D6-43B1-B38F-D0413C6E2BD8,POLISH EXPATS ASSOCIATION CIC,9E0E8469-EE66-408D-9817-ADABC7A8605A,COLLAB_ORG
0B9FDDD3-38D6-43B1-B38F-D0413C6E2BD8,Perth & Kinross Association of Voluntary Service,79EFCEC4-B467-436A-B40C-E963C1A7C567,COLLAB_ORG
0B9FDDD3-38D6-43B1-B38F-D0413C6E2BD8,Centrala,9F2F5193-4D81-4037-9EEC-6C49FF19F124,COLLAB_ORG
0B9FDDD3-38D6-43B1-B38F-D0413C6E2BD8,"FENIKS. Counselling, Personal Development and Support Services",711BBE79-6103-4159-89BE-04665B3F86EF,COLLAB_ORG
0B9FDDD3-38D6-43B1-B38F-D0413C6E2BD8,Child Poverty Action Group (CPAG),179D8F53-9EED-4410-9539-793B42538FAD,COLLAB_ORG
0B9FDDD3-38D6-43B1-B38F-D0413C6E2BD8,Fife Migrants Forum,A2B8F5C2-C974-41DC-82C0-EEBD93BA3BD6,COLLAB_ORG
14EDFF5D-AC66-4282-8F3F-179DB018BC04,University of Glasgow,F7493102-EBE9-4DE8-9C75-972A816C2F78,COLLAB_ORG
14EDFF5D-AC66-4282-8F3F-179DB018BC04,"National Institute for Medical Research, Tanzania",D09340FC-EAA0-425B-8801-48FC500F3117,COLLAB_ORG
5F929DE1-A504-4BA9-B243-2E55D349E27C,OFFSHORE RENEWABLE ENERGY CATAPULT,F4E4B315-F70B-4D6A-B652-EED1BA118DEE,COLLAB_ORG
5F929DE1-A504-4BA9-B243-2E55D349E27C,Unilever,B6E6B53F-7272-41D0-A1C0-C1E41F293709,COLLAB_ORG
5F929DE1-A504-4BA9-B243-2E55D349E27C,University of Southampton,B56FD484-8F44-47ED-A6B0-12BA09E3CED0,COLLAB_ORG
5F929DE1-A504-4BA9-B243-2E55D349E27C,Government of the UK,32A39783-8BC6-4B54-BBE2-004EECEFABEE,COLLAB_ORG
5F929DE1-A504-4BA9-B243-2E55D349E27C,AlbinoMosquito,AE2502BF-CBBC-4541-884D-477E6A38BBB4,COLLAB_ORG
5F929DE1-A504-4BA9-B243-2E55D349E27C,Institute of Electrical and Electronics Engineers (IEEE),4CBDC5FB-3E84-43D3-B0B4-E9D18D1BB7AC,COLLAB_ORG
5F929DE1-A504-4BA9-B243-2E55D349E27C,Oxfam GB,FD6824CF-B20E-4458-AE85-2905FB84713E,COLLAB_ORG
5F929DE1-A504-4BA9-B243-2E55D349E27C,Alan Turing Institute,3ABE5646-C1EE-43DA-BBE4-15834532BAC4,COLLAB_ORG
5F929DE1-A504-4BA9-B243-2E55D349E27C,Live Cinema UK,71AA11D2-59BC-4DA0-AB2A-D896C8A2B119,COLLAB_ORG
5F929DE1-A504-4BA9-B243-2E55D349E27C,PepsiCo,2591BA2D-F093-4C6D-B113-3155DADBF4D1,COLLAB_ORG
5F929DE1-A504-4BA9-B243-2E55D349E27C,Ofgem Office of Gas and Electricity Markets,2BB7E1DC-4B3F-442D-991E-AEC8095F8E8C,COLLAB_ORG
5F929DE1-A504-4BA9-B243-2E55D349E27C,National Center for Scientific Research (Centre National de la Recherche Scientifique CNRS),E832E52D-BA78-421E-B29F-05C8AD45D305,COLLAB_ORG
5F929DE1-A504-4BA9-B243-2E55D349E27C,British Broadcasting Corporation (BBC),37D9FF0E-34B4-44F5-96D8-185CC6CADE53,COLLAB_ORG
5F929DE1-A504-4BA9-B243-2E55D349E27C,University of Nottingham,009022B2-05E6-4B62-B01D-BC0A3D176ADF,COLLAB_ORG
5F929DE1-A504-4BA9-B243-2E55D349E27C,Beko PLC R&D Centre,193B8A0D-5AF1-4EA8-99EA-4BACC979EB39,COLLAB_ORG
5F929DE1-A504-4BA9-B243-2E55D349E27C,Harare Institute of Technology,356A68BB-2EB8-47F7-8E02-3D8753AA263A,COLLAB_ORG
5F929DE1-A504-4BA9-B243-2E55D349E27C,University of Lincoln,CEE95FB7-5BDC-45F3-BE91-A6528B7AD96A,COLLAB_ORG
5F929DE1-A504-4BA9-B243-2E55D349E27C,Horizon Digital Economy Research,E9FD45C7-5E52-402C-95CC-706CF8D665C1,COLLAB_ORG
5F929DE1-A504-4BA9-B243-2E55D349E27C,KING'S COLLEGE LONDON,C250D6E3-1555-439F-A0DD-889B0D113D01,COLLAB_ORG
5F929DE1-A504-4BA9-B243-2E55D349E27C,Innovate UK,7F09CB87-384E-458E-9B7B-00E0DF478CE9,COLLAB_ORG
5F929DE1-A504-4BA9-B243-2E55D349E27C,Culham Science Centre,9FB061E2-72C9-4F8A-9702-89EACFAF134A,COLLAB_ORG
5F929DE1-A504-4BA9-B243-2E55D349E27C,Horizon Centre for Doctoral Training,D429B2E5-5E25-4900-9FF7-9216C81D3177,COLLAB_ORG
5F929DE1-A504-4BA9-B243-2E55D349E27C,British Antarctic Survey,25EF48EE-D92A-432C-9F88-0E6AA685F062,COLLAB_ORG
5F929DE1-A504-4BA9-B243-2E55D349E27C,UK Health Security Agency,C363DB2F-5A31-4D5E-BAB0-03D648081A7C,COLLAB_ORG
5F929DE1-A504-4BA9-B243-2E55D349E27C,University of Sheffield,4E4B9EA3-A624-4574-B5E3-978276BF15F3,COLLAB_ORG
5F929DE1-A504-4BA9-B243-2E55D349E27C,National Nuclear Laboratory,3BF4F4BF-6A56-4117-879A-021FC54394E8,COLLAB_ORG
5F929DE1-A504-4BA9-B243-2E55D349E27C,Netherlands Organization for Applied Scientific Research (TNO),A5A39CD6-78E6-4173-9324-EFEBB3A9F605,COLLAB_ORG
5F929DE1-A504-4BA9-B243-2E55D349E27C,Integrated Transport Planning,63829DEE-3802-4716-9124-15D4A57533B3,PP_ORG
5F929DE1-A504-4BA9-B243-2E55D349E27C,Kino Industries Ltd,216D366C-6033-4D5B-9C75-02D944EB48E0,PP_ORG
5F929DE1-A504-4BA9-B243-2E55D349E27C,ARM Limited,74E27EC4-D748-4FDF-99FD-AFC182DA157C,PP_ORG
5F929DE1-A504-4BA9-B243-2E55D349E27C,British Games Institute (BGI),8FDDD105-D2B8-4451-953D-66A14601D832,PP_ORG
5F929DE1-A504-4BA9-B243-2E55D349E27C,Internet Society,E777E928-87DD-4823-9732-6AA68D41A91C,PP_ORG
5F929DE1-A504-4BA9-B243-2E55D349E27C,DSTL Porton Down,83E10480-3A9E-41B3-B72D-846E466345E2,PP_ORG
5F929DE1-A504-4BA9-B243-2E55D349E27C,XenZone,CBE95104-9390-4CDD-8207-448786A315A2,PP_ORG
5F929DE1-A504-4BA9-B243-2E55D349E27C,"Department for Science, Innovation & Technology",9B2E06FD-94A7-4905-8A1D-E8ED6010497E,PP_ORG
5F929DE1-A504-4BA9-B243-2E55D349E27C,PepsiCo International Limited,3109F8F3-93BB-4DE9-97E3-594A4F66F95C,PP_ORG
5F929DE1-A504-4BA9-B243-2E55D349E27C,Capital One Bank Plc,3E118EA7-8EB1-4458-9CB3-5272737C15E9,PP_ORG
5F929DE1-A504-4BA9-B243-2E55D349E27C,NCC Engagement and Consultation,6B4B15B6-F750-47B1-8966-3110624B2DE1,PP_ORG
5F929DE1-A504-4BA9-B243-2E55D349E27C,East Midlands Special Operations Unit,44618B26-BD1C-45B8-BA42-9F56EA10D146,PP_ORG
5F929DE1-A504-4BA9-B243-2E55D349E27C,5Rights,8B0D08DE-7AFD-419B-894E-8FCB3C4BB89D,PP_ORG
5F929DE1-A504-4BA9-B243-2E55D349E27C,NOTTINGHAM CITY COUNCIL,8F044CFC-E03E-45B3-8D01-6A0FC0BD7905,PP_ORG
5F929DE1-A504-4BA9-B243-2E55D349E27C,MOZES (Meadows Ozone Energy Services),9B57CCDD-8EDA-4A93-84FA-8422395BB24B,PP_ORG
5F929DE1-A504-4BA9-B243-2E55D349E27C,Broadway Cinema,E73E3E3D-191B-4519-A59A-92A3A3FA8A0E,PP_ORG
5F929DE1-A504-4BA9-B243-2E55D349E27C,ORDNANCE SURVEY LIMITED,35AB0616-859F-4B18-8A78-6077F4513083,PP_ORG
5F929DE1-A504-4BA9-B243-2E55D349E27C,Digital Catapult,305DEEF5-E785-4BAA-B3CD-84186CFCBF69,PP_ORG
5F929DE1-A504-4BA9-B243-2E55D349E27C,The British Broadcasting Corporation (BBC),3165C4DB-DDA1-4043-821C-1DECE5DEE122,PP_ORG
5F929DE1-A504-4BA9-B243-2E55D349E27C,City Arts Nottingham Ltd,A56BAEEE-75DE-4714-8DD8-35E514334554,PP_ORG
5F929DE1-A504-4BA9-B243-2E55D349E27C,"Dept for Digital, Culture, Media & Sport",E03E8C49-C427-4E45-820C-F0D6E70455AA,PP_ORG
5F929DE1-A504-4BA9-B243-2E55D349E27C,Nottingham Lakeside Arts,9B2514AE-83EF-4416-A15A-CDD6048E4BCA,PP_ORG
5F929DE1-A504-4BA9-B243-2E55D349E27C,Nottingham Contemporary Ltd  CCAN,E95E1F27-813E-4632-9317-2936E2DE3687,PP_ORG
5F929DE1-A504-4BA9-B243-2E55D349E27C,Ipsos-MORI,6E41C37C-23A4-4094-83FF-12C0FCA6531D,PP_ORG
5F929DE1-A504-4BA9-B243-2E55D349E27C,University of Cambridge,3B084C44-5AC4-43B5-AE31-F7DA58683C5C,PP_ORG
5F929DE1-A504-4BA9-B243-2E55D349E27C,B3 Media,89FDA4BD-CA8A-4D2B-885C-68D12B439B72,PP_ORG
5F929DE1-A504-4BA9-B243-2E55D349E27C,Financial Conduct Authority,8AF3D887-D021-44DC-826B-7F900BB64B32,PP_ORG
5F929DE1-A504-4BA9-B243-2E55D349E27C,Infosys,7445A11A-9255-4AE3-8A94-FDF306B50054,PP_ORG
5F929DE1-A504-4BA9-B243-2E55D349E27C,Galinsky Works LTD,3C614EEB-A23E-46CC-B0E2-6ECE5BE63624,PP_ORG
5F929DE1-A504-4BA9-B243-2E55D349E27C,Blueskeye AI,6FF28713-58E7-4E0C-850A-18EAD038962F,PP_ORG
5F929DE1-A504-4BA9-B243-2E55D349E27C,Live Cinema Ltd,5D0770C0-E451-4EA4-AE0F-9AE6C6B860BD,PP_ORG
5F929DE1-A504-4BA9-B243-2E55D349E27C,Jacobs Douwe Egberts UK Production Ltd,CF97AE06-A946-46BF-9AC8-EBC00E27935D,PP_ORG
5F929DE1-A504-4BA9-B243-2E55D349E27C,Experian,EB0B4CA0-F51B-4AED-B030-88C60882975B,PP_ORG
5F929DE1-A504-4BA9-B243-2E55D349E27C,eNurture Network,703D01DE-D34F-4440-A4B2-7E8E1F54F7E1,PP_ORG
5F929DE1-A504-4BA9-B243-2E55D349E27C,NIHR MindTech HTC,548F72E5-8E05-45FE-AFBB-8E838B4A5BD7,PP_ORG
5F929DE1-A504-4BA9-B243-2E55D349E27C,Hot Knife Media,304BAE5A-7764-4136-B060-8D6981B09E6F,PP_ORG
5F929DE1-A504-4BA9-B243-2E55D349E27C,OLIO Exchange Ltd.,1F778A5C-CA45-4274-AEB6-C8A73FBE4453,PP_ORG
5F929DE1-A504-4BA9-B243-2E55D349E27C,Unilever UK & Ireland,61110E8E-E2A9-4660-A00C-832FCDFFBE03,PP_ORG
5F929DE1-A504-4BA9-B243-2E55D349E27C,Siemens Process Systems Engineering Ltd,8D473A3F-BF99-45B5-B468-19393D3055E4,PP_ORG
6781B36A-2AF6-4DE4-A13F-BCC5E7AA5F6D,Aviatrix,52C9F160-675F-42D4-A479-1200BAFED36E,COLLAB_ORG
6781B36A-2AF6-4DE4-A13F-BCC5E7AA5F6D,Boston College,BE4E5BFC-368F-44BD-959E-F14EA21F1453,PP_ORG
6781B36A-2AF6-4DE4-A13F-BCC5E7AA5F6D,Brighton & Hove Chamber of Commerce,DC4F637B-AD4A-423C-9E68-77E71B51D01C,PP_ORG
6781B36A-2AF6-4DE4-A13F-BCC5E7AA5F6D,4 Day Week Campaign UK,375A88FC-D709-4733-840B-53C3BFE42373,PP_ORG
6781B36A-2AF6-4DE4-A13F-BCC5E7AA5F6D,4 Day Week Global,9017E5F4-B36F-4B98-9AB4-4D34C2E99BC7,PP_ORG
6781B36A-2AF6-4DE4-A13F-BCC5E7AA5F6D,University College Dublin,8934133A-B52F-4A87-8FA8-4EAA37543ED6,PP_ORG
6781B36A-2AF6-4DE4-A13F-BCC5E7AA5F6D,Sussex Innovation Centre,87D92284-C044-490C-A355-976A3BE10704,PP_ORG
C4878F69-BBB2-495A-B108-45511C26CC31,The Wellcome Trust Sanger Institute,89C6900A-BE6E-44C6-AD6F-8751A30E93EE,COLLAB_ORG
C4878F69-BBB2-495A-B108-45511C26CC31,The Wistar Institute of Anatomy & Biolog,37BC032A-40F3-4781-95F3-3EE4C2B1F4C0,PP_ORG
C4878F69-BBB2-495A-B108-45511C26CC31,National Cancer Institute of Mexico,5560FF21-6B4C-4A77-B5E6-53417FA236E3,PP_ORG
6EEA9F72-9804-4860-980C-FF3CD32B8DEE,Lagos State Government,0AF3E248-7CC8-4DF5-9D13-4C3CE4123D27,COLLAB_ORG
6EEA9F72-9804-4860-980C-FF3CD32B8DEE,iMMAP,243B94CF-9D5D-44DB-82A1-C3E6C3553865,COLLAB_ORG
6EEA9F72-9804-4860-980C-FF3CD32B8DEE,Community Mappers,0B589024-73E7-41E1-B991-B51020F588A2,COLLAB_ORG
6EEA9F72-9804-4860-980C-FF3CD32B8DEE,Justice and Empowerment Initiative (Jei),8DB1ADDB-7B8D-40A8-AFDB-518F42FE0AAF,COLLAB_ORG
6EEA9F72-9804-4860-980C-FF3CD32B8DEE,University of Ghana,819A5B50-0A2A-4ACF-96CA-3DA8C0B88DBC,COLLAB_ORG
6EEA9F72-9804-4860-980C-FF3CD32B8DEE,UN Habitat Global Urban Observatory,6884CCFD-DDFC-4E8E-9F2E-8E81B053A730,COLLAB_ORG
6EEA9F72-9804-4860-980C-FF3CD32B8DEE,University of Ghana,C6E2D81E-CF28-4110-92EB-AFA5087EC44B,PP_ORG
6EEA9F72-9804-4860-980C-FF3CD32B8DEE,University of Southampton,64EDCEB7-556D-4890-9582-FD894F98C10D,PP_ORG
25F950DD-E142-443E-932E-3F42584B8E7E,UNIVERSITY OF EDINBURGH,A3776632-317E-48F5-96F1-83866E7BDFD8,COLLAB_ORG
39FAC0E3-6F53-4339-A8A6-D702A4FA7814,GEO collaboration,0FDCA2AD-EF58-4FCF-B8B5-A2143AFDE05D,COLLAB_ORG
39FAC0E3-6F53-4339-A8A6-D702A4FA7814,National Institute for Nuclear Physics,01185622-2582-46D9-9B14-06F52C3912DC,COLLAB_ORG
39FAC0E3-6F53-4339-A8A6-D702A4FA7814,Rochester Institute of Technology,3555C521-DFDF-4E7C-A028-85B5D6CE5C92,COLLAB_ORG
39FAC0E3-6F53-4339-A8A6-D702A4FA7814,Massachusetts Institute of Technology,75301B65-07C3-4708-81C0-603CC66C5786,COLLAB_ORG
39FAC0E3-6F53-4339-A8A6-D702A4FA7814,Maastricht University (UM),5D6A7013-E087-4B29-A2EC-C3F2A1D161E7,COLLAB_ORG
39FAC0E3-6F53-4339-A8A6-D702A4FA7814,Penn State University,FA7508D0-7B6F-4EBC-8741-FC108BD7D6F2,COLLAB_ORG
39FAC0E3-6F53-4339-A8A6-D702A4FA7814,Tsinghua University China,9DF82F87-7AD5-445A-A2E9-AFDA49A5A462,COLLAB_ORG
39FAC0E3-6F53-4339-A8A6-D702A4FA7814,"California State University, Fullerton",2BB79B61-5700-4AD5-95A5-2C3A13C0473E,COLLAB_ORG
39FAC0E3-6F53-4339-A8A6-D702A4FA7814,Syracuse University,1D780612-0386-4ACB-B6A4-018AF3292B73,COLLAB_ORG
39FAC0E3-6F53-4339-A8A6-D702A4FA7814,California Institute of Technology,6ABB1D00-FE36-4702-B697-B208D0C2AD6A,COLLAB_ORG
39FAC0E3-6F53-4339-A8A6-D702A4FA7814,UNIVERSITY OF BIRMINGHAM,1F172E66-784B-4DFF-A194-B0FCBB1C0CA0,COLLAB_ORG
39FAC0E3-6F53-4339-A8A6-D702A4FA7814,National Aeronautics and Space Administration (NASA),27663D71-7AE3-4892-9CF2-0F5EFF7719F9,COLLAB_ORG
39FAC0E3-6F53-4339-A8A6-D702A4FA7814,HUAZHONG UNIVERSITY OF SCIENCE AND TECHNOLOGY,E92FEA60-A309-4A0C-BD25-5DA96327F6C0,COLLAB_ORG
39FAC0E3-6F53-4339-A8A6-D702A4FA7814,University of Southampton,B56FD484-8F44-47ED-A6B0-12BA09E3CED0,COLLAB_ORG
39FAC0E3-6F53-4339-A8A6-D702A4FA7814,Cardiff University,052DE517-F298-4593-869D-03FE4A87442A,COLLAB_ORG
39FAC0E3-6F53-4339-A8A6-D702A4FA7814,University of the West of Scotland,81DFE3F9-0EC5-4863-9E82-E053DC39E095,COLLAB_ORG
39FAC0E3-6F53-4339-A8A6-D702A4FA7814,Hubei University of Education,1D467A85-9F87-42D0-AB8C-C1109951FF9F,COLLAB_ORG
39FAC0E3-6F53-4339-A8A6-D702A4FA7814,Queen's University Belfast,AC2FFEA2-3814-4D76-8E39-2EC43396F324,COLLAB_ORG
39FAC0E3-6F53-4339-A8A6-D702A4FA7814,National Institute for Subatomic Physics Nikhef,79B938CD-ADA2-42CF-9177-00A16EAEF2F2,COLLAB_ORG
39FAC0E3-6F53-4339-A8A6-D702A4FA7814,Australia Telescope National Facility,2A4CABA9-263C-49CF-8B85-07A5CA869AD6,COLLAB_ORG
39FAC0E3-6F53-4339-A8A6-D702A4FA7814,University of Glasgow,F7493102-EBE9-4DE8-9C75-972A816C2F78,COLLAB_ORG
39FAC0E3-6F53-4339-A8A6-D702A4FA7814,Beijing Normal University,37B3CB47-F626-4F98-AEE0-43801550F671,COLLAB_ORG
39FAC0E3-6F53-4339-A8A6-D702A4FA7814,University of Warwick,FC7E22A2-C040-41AD-A3E6-00C702D74F59,COLLAB_ORG
39FAC0E3-6F53-4339-A8A6-D702A4FA7814,European Gravitational Observatory,C0011653-D7AD-46D5-849D-1384EBBBB80D,COLLAB_ORG
39FAC0E3-6F53-4339-A8A6-D702A4FA7814,Kavli Institute for Theoretical Sciences,04AE4AC3-E219-4AB1-AEC2-102E91CFD0AC,COLLAB_ORG
39FAC0E3-6F53-4339-A8A6-D702A4FA7814,INFN Sezione di Perugia,C70992BA-E485-4D87-AA0F-891FB1697690,COLLAB_ORG
39FAC0E3-6F53-4339-A8A6-D702A4FA7814,LIGO Scientific Collaboration,05AF24FD-071D-4FB2-984A-A75C6AF90B48,COLLAB_ORG
39FAC0E3-6F53-4339-A8A6-D702A4FA7814,Shandong University,6262E7CB-8B6A-4877-849E-534CEFE82850,COLLAB_ORG
39FAC0E3-6F53-4339-A8A6-D702A4FA7814,ETH Zurich,920F56E4-46FB-4A36-840D-233E6E767A51,COLLAB_ORG
39FAC0E3-6F53-4339-A8A6-D702A4FA7814,Sun Yat-sen University,0117BE3F-7D91-457E-AF8C-1F1080FA141B,COLLAB_ORG
39FAC0E3-6F53-4339-A8A6-D702A4FA7814,Australian Research Council,B79CAC56-0847-4CE9-8813-1B658898B9E2,COLLAB_ORG
39FAC0E3-6F53-4339-A8A6-D702A4FA7814,Japan Society for the Promotion of Science (JSPS),E0D8BE25-9F09-4C6D-9BA3-FB97DE9A10F9,COLLAB_ORG
39FAC0E3-6F53-4339-A8A6-D702A4FA7814,Changchun University,E335B602-5278-47D2-8A46-23C545CED39D,COLLAB_ORG
39FAC0E3-6F53-4339-A8A6-D702A4FA7814,Tongji University,1994D884-47D3-4093-99AD-5D3D1002357F,COLLAB_ORG
39FAC0E3-6F53-4339-A8A6-D702A4FA7814,LIGO,39144812-54E4-4847-9D90-D812671962C4,COLLAB_ORG
39FAC0E3-6F53-4339-A8A6-D702A4FA7814,INFN Sezione di Pisa,6B620E98-F3AE-463C-B57A-E4A0BA592E39,COLLAB_ORG
39FAC0E3-6F53-4339-A8A6-D702A4FA7814,University of Strathclyde,562804F3-F71E-459D-9769-23A632545BC0,COLLAB_ORG
39FAC0E3-6F53-4339-A8A6-D702A4FA7814,IMPERIAL COLLEGE LONDON,4B046188-D904-4358-BDAC-2A38DB6E7DB6,COLLAB_ORG
39FAC0E3-6F53-4339-A8A6-D702A4FA7814,Commonwealth Scientific and Industrial Research Organisation,0B9588A2-B612-4995-9684-7EFC2ED32C68,COLLAB_ORG
39FAC0E3-6F53-4339-A8A6-D702A4FA7814,Tokyo Institute of Technology,B01A0A2B-FEF4-4FD3-9753-CC4CD9F7CF6A,COLLAB_ORG
39FAC0E3-6F53-4339-A8A6-D702A4FA7814,University Libre Bruxelles (Université Libre de Bruxelles ULB),B7511C32-3F4D-4886-986D-1B550BA91AFB,COLLAB_ORG
39FAC0E3-6F53-4339-A8A6-D702A4FA7814,Max Planck Society,4D51C2DB-CE1A-4BD5-B198-623F47E1CF58,COLLAB_ORG
39FAC0E3-6F53-4339-A8A6-D702A4FA7814,University of Sheffield,4E4B9EA3-A624-4574-B5E3-978276BF15F3,COLLAB_ORG
48A1BE72-5368-4D81-8C5A-BA0B892AA5E1,SKYLARK LASERS LIMITED,2295EFE4-A338-4C88-973C-FE02D787CD8B,PP_ORG
48A1BE72-5368-4D81-8C5A-BA0B892AA5E1,LIGO Lab,E001120D-2BB9-4861-A84D-B7E3CAB742AF,PP_ORG
48A1BE72-5368-4D81-8C5A-BA0B892AA5E1,California State University Fullerton,2D3727C7-266D-4127-9E98-5F0958271CB6,PP_ORG
48A1BE72-5368-4D81-8C5A-BA0B892AA5E1,Gooch & Housego (United Kingdom),3BE8B773-FEDF-473C-A956-7DDF3A62983F,PP_ORG
48A1BE72-5368-4D81-8C5A-BA0B892AA5E1,Zooniverse,E1727A37-45BD-4F78-BEA5-4852025C0CBB,PP_ORG
48A1BE72-5368-4D81-8C5A-BA0B892AA5E1,LIGO India (RRCAT),7A0ADD1F-7EA6-4E0C-B6D2-D63017D03A7D,PP_ORG
AAF37300-38F7-4E93-B54C-82EFEE8858B4,Royal Institute of Technology,BC2CF38C-0414-4191-B8C1-359A3391FBB3,COLLAB_ORG
AAF37300-38F7-4E93-B54C-82EFEE8858B4,Nicolaus Copernicus University in Torun,A44E0898-CF67-4A55-BA2B-46DBA8F85AB7,COLLAB_ORG
AAF37300-38F7-4E93-B54C-82EFEE8858B4,Danube Delta National Institute for Research and Development,C230B087-53C6-43EF-81D3-257883A9F6D9,COLLAB_ORG
AAF37300-38F7-4E93-B54C-82EFEE8858B4,Sustainable Development Laboratory (PZR),ECF78179-CE0A-4E59-8A65-45449CCCA258,COLLAB_ORG
AAF37300-38F7-4E93-B54C-82EFEE8858B4,European Institute for Energy Research,DC8780F4-720C-42E3-BF43-5DD4FE2F5465,COLLAB_ORG
AAF37300-38F7-4E93-B54C-82EFEE8858B4,University of Delaware,91DBA954-8AB9-44EC-A1B3-5A37167B6923,COLLAB_ORG
AAF37300-38F7-4E93-B54C-82EFEE8858B4,52 North Initiative for Geospatial Open Source Software GmbH,8A80FDBB-4594-49EC-9867-F959789F0354,COLLAB_ORG
AAF37300-38F7-4E93-B54C-82EFEE8858B4,University Corporation for Atmospheric Research,428BA504-D9CA-48FD-B57E-DA93D7BCEACA,COLLAB_ORG
AAF37300-38F7-4E93-B54C-82EFEE8858B4,Plantagon International AB,4C04B893-50DB-41BF-9584-BA2053A0BDC7,COLLAB_ORG
AAF37300-38F7-4E93-B54C-82EFEE8858B4,Sustainable Development Laboratory,57963C5F-A3FA-44BE-B300-925016721352,PP_ORG
AAF37300-38F7-4E93-B54C-82EFEE8858B4,Danube Delta National Inst for Research,5AF97A7F-5AA2-4B92-B9C0-6AB96FEBD4D7,PP_ORG
AAF37300-38F7-4E93-B54C-82EFEE8858B4,Nicolaus Copernicus University,03B5B8BC-E78E-4F22-8DF6-D05CEB5C2C09,PP_ORG
AAF37300-38F7-4E93-B54C-82EFEE8858B4,Vizzuality,35A32A7A-160F-4403-A249-D851E684CAC5,PP_ORG
AAF37300-38F7-4E93-B54C-82EFEE8858B4,52' North Initiative GmbH,50BA1C29-4916-41A8-AC03-509ADF0785F8,PP_ORG
AAF37300-38F7-4E93-B54C-82EFEE8858B4,NCAR,A2E38FCA-F4FB-426D-8A3A-835F608CF433,PP_ORG
AAF37300-38F7-4E93-B54C-82EFEE8858B4,European Institute for Energy Research,DC8780F4-720C-42E3-BF43-5DD4FE2F5465,PP_ORG
AAF37300-38F7-4E93-B54C-82EFEE8858B4,Royal Institute of Technology KTH Sweden,4E02FF29-13B0-44CF-AE72-CEBEABD4C29B,PP_ORG
AAF37300-38F7-4E93-B54C-82EFEE8858B4,University of Delaware,91DBA954-8AB9-44EC-A1B3-5A37167B6923,PP_ORG
75989ADC-1C14-43BE-93F6-C4E9016859D9,University of Lincoln,CEE95FB7-5BDC-45F3-BE91-A6528B7AD96A,COLLAB_ORG
75989ADC-1C14-43BE-93F6-C4E9016859D9,The Dunhill Medical Trust,4BA5A0A3-50AC-4E32-A498-F9EFB832FB81,COLLAB_ORG
75989ADC-1C14-43BE-93F6-C4E9016859D9,UK Active,3747FE4F-55AC-4582-8237-B0163F5DBBEB,COLLAB_ORG
75989ADC-1C14-43BE-93F6-C4E9016859D9,Newcastle University,AA74BEFD-ACAF-45CC-A5C5-18B751C8D0C5,COLLAB_ORG
75989ADC-1C14-43BE-93F6-C4E9016859D9,McMaster University,035CA38D-77F8-409F-8E0D-16D9A2EF6B55,COLLAB_ORG
75989ADC-1C14-43BE-93F6-C4E9016859D9,University of Bristol,3AFC4E80-1071-4043-B55D-5DC3BFBAFCA2,COLLAB_ORG
75989ADC-1C14-43BE-93F6-C4E9016859D9,Medical Research Council (MRC),6F45D93C-8B52-474D-A3BC-7317843572B1,COLLAB_ORG
75989ADC-1C14-43BE-93F6-C4E9016859D9,The Abbeyfield Research Foundation,F55C1C83-CC26-4F41-BCFF-FEFD4C94D32B,COLLAB_ORG
75989ADC-1C14-43BE-93F6-C4E9016859D9,SHEFFIELD HALLAM UNIVERSITY,292AC70F-D18F-4EA0-9548-005B7F6F7457,COLLAB_ORG
75989ADC-1C14-43BE-93F6-C4E9016859D9,University of Salford,4F164BD9-7F9F-48B3-885E-7E7880DE2102,COLLAB_ORG
75989ADC-1C14-43BE-93F6-C4E9016859D9,University of Nottingham,009022B2-05E6-4B62-B01D-BC0A3D176ADF,COLLAB_ORG
0B1C288E-4BA3-46B4-8239-E852C8EDFDD0,Goethe University Frankfurt,CBE3E768-0ECA-41C3-A8E3-9EBA570AAD21,COLLAB_ORG
0B1C288E-4BA3-46B4-8239-E852C8EDFDD0,Isaac Newton Institute for Mathematical Sciences,2A0AB949-EB6F-43DC-8C43-15F5B5FD09A3,COLLAB_ORG
0B1C288E-4BA3-46B4-8239-E852C8EDFDD0,University of Bergen,F1C4ED52-EE5B-44D9-8A6A-D1169B28D266,PP_ORG
EA038CCE-F087-4B59-B5B9-0004196D4008,Bezos Centre for Sustainable Protein,7EC678C6-598C-4183-9A79-FCDB1CE546DB,COLLAB_ORG
EA038CCE-F087-4B59-B5B9-0004196D4008,Food Standards Scotland (FSS),8FA0BDB8-2B69-43EE-ACBA-AE25C7C4A99C,PP_ORG
EA038CCE-F087-4B59-B5B9-0004196D4008,University of Wolverhampton,2F667934-7DAF-4B09-9541-9080EE80D085,PP_ORG
EA038CCE-F087-4B59-B5B9-0004196D4008,University of Bolton,97BFDC0E-56C9-404E-BF89-5FE4AD26A33E,PP_ORG
EA038CCE-F087-4B59-B5B9-0004196D4008,Scottish Association For Marine Science,A46B6242-2647-45E7-9D7F-7875A5537574,PP_ORG
EA038CCE-F087-4B59-B5B9-0004196D4008,Innocent Ltd,42636C1D-C63E-4AFA-982A-AEC37DF8FA52,PP_ORG
EA038CCE-F087-4B59-B5B9-0004196D4008,Snape Signals Research,B4A0D7B2-44FB-4D80-8E4E-DABE6DB9F2BC,PP_ORG
EA038CCE-F087-4B59-B5B9-0004196D4008,Extracellular,6442BA13-2782-4F2B-9C1D-1EC14DE9D64D,PP_ORG
EA038CCE-F087-4B59-B5B9-0004196D4008,National Manufacturing Institute Scotland,54655A39-2A49-4CCD-80C1-6F3E65B98240,PP_ORG
EA038CCE-F087-4B59-B5B9-0004196D4008,Foreign Academic Institution,11D24052-AE43-4331-835C-70D9321C449B,PP_ORG
EA038CCE-F087-4B59-B5B9-0004196D4008,University of Birmingham,6BE9EFE8-67BC-4376-9142-6AE1A9AA6498,PP_ORG
EA038CCE-F087-4B59-B5B9-0004196D4008,"ROYAL BOTANIC GARDENS, KEW",EFEBAD47-AE2C-49F1-A633-1210E080A1A6,PP_ORG
EA038CCE-F087-4B59-B5B9-0004196D4008,Alstom Ltd (UK),94F08AFC-FCF6-487F-AEAC-B5EF583393D1,PP_ORG
EA038CCE-F087-4B59-B5B9-0004196D4008,Heriot-Watt University,DFD42657-A23D-4644-905A-3470AF0836EC,PP_ORG
EA038CCE-F087-4B59-B5B9-0004196D4008,Midwest Aero Engines,41099219-327A-486B-B864-D0091B56A2EE,PP_ORG
EA038CCE-F087-4B59-B5B9-0004196D4008,Bridge2Food,9D812BA7-179F-4473-9D32-E5272E72E065,PP_ORG
EA038CCE-F087-4B59-B5B9-0004196D4008,RSSL (Reading Scientific Services Ltd),34E85946-408D-4D40-8FB7-9300C63090BA,PP_ORG
EA038CCE-F087-4B59-B5B9-0004196D4008,Centre for Innovation Excellence,AF6D104F-9723-40B9-BB59-0E799A1F824C,PP_ORG
EA038CCE-F087-4B59-B5B9-0004196D4008,ASDA Stores Limited,ED212C93-FBE3-419B-9D48-953709D9C079,PP_ORG
EA038CCE-F087-4B59-B5B9-0004196D4008,Cyanocapture,757A0924-11D9-41A6-83D1-CEA0ECCB192B,PP_ORG
EA038CCE-F087-4B59-B5B9-0004196D4008,Good Food Institute Europe ASBL (GFI Europe),09A7240C-DDFC-467E-A0F8-E7B8C495E6A0,PP_ORG
EA038CCE-F087-4B59-B5B9-0004196D4008,Pladis Global,51498C9A-E780-4FCC-889C-62A5F00A07D3,PP_ORG
EA038CCE-F087-4B59-B5B9-0004196D4008,National University of Singapore,F3EB8B0D-A030-4EFA-922C-2ACA00D1B519,PP_ORG
EA038CCE-F087-4B59-B5B9-0004196D4008,BPES Equipment,A8063885-6A44-462E-842B-A526BD211161,PP_ORG
EA038CCE-F087-4B59-B5B9-0004196D4008,University of Huddersfield,03C57996-D01A-400E-A7FB-2B547C52676A,PP_ORG
EA038CCE-F087-4B59-B5B9-0004196D4008,FOUNDATION EARTH,008EFDD5-5CE7-4FD8-94EC-B19D1313A6DB,PP_ORG
EA038CCE-F087-4B59-B5B9-0004196D4008,NIZO Food Research,CF8A7731-21CD-4B74-B468-955D0288DA53,PP_ORG
EA038CCE-F087-4B59-B5B9-0004196D4008,International Life Sciences Institute,76FD9B4C-F35C-4DDD-B5B2-4DE3613076ED,PP_ORG
EA038CCE-F087-4B59-B5B9-0004196D4008,Mondelez UK R and D Ltd,8B4AC366-813F-41F8-8ED0-0E12B61741D1,PP_ORG
EA038CCE-F087-4B59-B5B9-0004196D4008,AgriFood X Limited,091D9791-6F4D-4170-B679-468F34E03F96,PP_ORG
EA038CCE-F087-4B59-B5B9-0004196D4008,Ipsos-MORI,6E41C37C-23A4-4094-83FF-12C0FCA6531D,PP_ORG
EA038CCE-F087-4B59-B5B9-0004196D4008,Southampton Solent University,83C8B026-2611-488B-B82B-66236B9A79F3,PP_ORG
EA038CCE-F087-4B59-B5B9-0004196D4008,CHAP Solutions,00F948CB-F307-4932-BB55-ECDBFBD0C34C,PP_ORG
EA038CCE-F087-4B59-B5B9-0004196D4008,Quorn Foods Limited,2F4459AE-591E-4A9C-A798-C85DDE275B4D,PP_ORG
EA038CCE-F087-4B59-B5B9-0004196D4008,UNIVERSITY OF READING,F5256FFE-0562-4BDC-9561-EAEF93803C3F,PP_ORG
EA038CCE-F087-4B59-B5B9-0004196D4008,Davidsons Feeds,2192B5E9-4E7A-4E9E-8730-DCCCC42FEEB6,PP_ORG
EA038CCE-F087-4B59-B5B9-0004196D4008,University of Aberdeen,4240E98A-DD72-4426-9E1A-976004E82C1B,PP_ORG
EA038CCE-F087-4B59-B5B9-0004196D4008,Beatson Institute,B2176B6F-56DD-4CFB-922D-D1B27170889A,PP_ORG
EA038CCE-F087-4B59-B5B9-0004196D4008,UNIVERSITY COLLEGE LONDON,BFE41CB6-4B8A-4082-B96B-3DFEFE793924,PP_ORG
EA038CCE-F087-4B59-B5B9-0004196D4008,Finnebrogue,32B6B36C-82BB-4AFE-AF83-A8B1EA6C6E67,PP_ORG
EA038CCE-F087-4B59-B5B9-0004196D4008,Royal Veterinary College,E44CE535-936D-452A-AD9F-81235FB3358E,PP_ORG
EA038CCE-F087-4B59-B5B9-0004196D4008,Protein Industries Canada,3C8BC12E-2E37-4461-856F-40575100B70B,PP_ORG
EA038CCE-F087-4B59-B5B9-0004196D4008,Technical University of Munich,7A4CC03E-9C97-4204-B5C6-532443D6B73B,PP_ORG
EA038CCE-F087-4B59-B5B9-0004196D4008,Massey University,D133F701-A2A2-4675-873E-7FC479A6D6E2,PP_ORG
EA038CCE-F087-4B59-B5B9-0004196D4008,Deltagen UK Ltd,2AFB355C-C421-48DB-8B68-5CA9DAF3CF37,PP_ORG
EA038CCE-F087-4B59-B5B9-0004196D4008,National Institute of Agricultural Botany,E8208121-C8BD-4623-8A51-1A673DD208B4,PP_ORG
EA038CCE-F087-4B59-B5B9-0004196D4008,British Waterways Board,C9801061-3902-4C3B-A7D5-2254545231E9,PP_ORG
EA038CCE-F087-4B59-B5B9-0004196D4008,Scottish Food and Drink Federation,B33EFB88-2196-4260-A08F-23E5F52F590D,PP_ORG
EA038CCE-F087-4B59-B5B9-0004196D4008,Northumbria University,9C0CA61F-168B-41F4-A20A-DAE231970DE1,PP_ORG
EA038CCE-F087-4B59-B5B9-0004196D4008,Entocycle,FE4B7FCA-D958-4B4A-899A-AA4C37D8E85A,PP_ORG
EA038CCE-F087-4B59-B5B9-0004196D4008,Monterrey Institute of Technology,AC384A34-9C39-4F13-8F29-2DF937992D61,PP_ORG
EA038CCE-F087-4B59-B5B9-0004196D4008,Devenish Nutrition Ltd (UK),0A2289B8-979F-4E93-959B-D82E6CCBB719,PP_ORG
EA038CCE-F087-4B59-B5B9-0004196D4008,University of Ulster,4F8BD96C-4A76-49DE-8C25-D6B666F930BA,PP_ORG
EA038CCE-F087-4B59-B5B9-0004196D4008,University of Cambridge,3B084C44-5AC4-43B5-AE31-F7DA58683C5C,PP_ORG
EA038CCE-F087-4B59-B5B9-0004196D4008,Industrial Biotechnology Innovation C,2B5DC0E4-6E2C-48A8-95E2-CFE10C6ABADB,PP_ORG
EA038CCE-F087-4B59-B5B9-0004196D4008,Scottish Enterprise,015992E1-015F-43D6-BDA1-4D41BABD3A67,PP_ORG
EA038CCE-F087-4B59-B5B9-0004196D4008,Unilever UK & Ireland,61110E8E-E2A9-4660-A00C-832FCDFFBE03,PP_ORG
EA038CCE-F087-4B59-B5B9-0004196D4008,University of Southampton,64EDCEB7-556D-4890-9582-FD894F98C10D,PP_ORG
EA038CCE-F087-4B59-B5B9-0004196D4008,Better Dairy Limited,DC07B3C4-2A65-48C7-BD96-580D5E1E72C5,PP_ORG
EA038CCE-F087-4B59-B5B9-0004196D4008,CRANFIELD UNIVERSITY,8D60FA62-A163-4C56-872A-FE230502E94F,PP_ORG
EA038CCE-F087-4B59-B5B9-0004196D4008,Aarhus University,EB899BB0-99BD-4283-A445-88D18043FF50,PP_ORG
EA038CCE-F087-4B59-B5B9-0004196D4008,Technion - Israel Institue of Technology,DA2F4088-D903-403C-A426-946F3AF64E9A,PP_ORG
EA038CCE-F087-4B59-B5B9-0004196D4008,Upcycled Plant Power Ltd,2C1B8168-9ED0-44AB-99A0-6D8B530A64FA,PP_ORG
EA038CCE-F087-4B59-B5B9-0004196D4008,Intelligent Growth Solutions Ltd,99D4C4D9-1EAD-4F2E-A5C3-D421E76CBACD,PP_ORG
EA038CCE-F087-4B59-B5B9-0004196D4008,EIT Food,5344A09A-0315-4752-A644-54F84EAC9670,PP_ORG
EA038CCE-F087-4B59-B5B9-0004196D4008,University of Edinburgh,A4735E0B-ED6E-4FC5-9497-CFE564317F54,PP_ORG
EA038CCE-F087-4B59-B5B9-0004196D4008,University of Oxford,CB4EF43D-0FA5-4489-B5D9-D4C0B9BEED82,PP_ORG
EA038CCE-F087-4B59-B5B9-0004196D4008,THIS (Plant Meat Ltd),1034685D-41CD-41A5-BBB3-91249B3E1F76,PP_ORG
EA038CCE-F087-4B59-B5B9-0004196D4008,University of Bath,5A199D1E-A580-4E50-8F18-A1C8CF2F85D6,PP_ORG
EA038CCE-F087-4B59-B5B9-0004196D4008,Whitby Seafoods Limited,E9399AC5-1B30-406C-A4C8-FAA212D6CCE9,PP_ORG
EA038CCE-F087-4B59-B5B9-0004196D4008,NEW ERA FOODS LTD,5E201427-4007-4A3C-BFE3-5C7DBD9421D1,PP_ORG
EA038CCE-F087-4B59-B5B9-0004196D4008,Central Research Laboratories Ltd,ADDAF4CC-DDF7-4D5E-B6B0-DDB1DA80A603,PP_ORG
EA038CCE-F087-4B59-B5B9-0004196D4008,Potter Clarkson,A2FAAF01-5294-4CD5-AE22-57CCC9338CD7,PP_ORG
EA038CCE-F087-4B59-B5B9-0004196D4008,LGC,EE94C2BF-F9A5-4071-8FBC-BE69A0542C1A,PP_ORG
EA038CCE-F087-4B59-B5B9-0004196D4008,AQUA Cultured Foods,DE49B166-E9F5-4E3B-96FB-B9FCD9F671F7,PP_ORG
EA038CCE-F087-4B59-B5B9-0004196D4008,Queen's University Belfast,C142C0C0-7A6A-4A97-AF32-A6BF562319BF,PP_ORG
EA038CCE-F087-4B59-B5B9-0004196D4008,"Keracol Limited,",868B3CF0-7B74-45A0-9843-227D1B98C885,PP_ORG
EA038CCE-F087-4B59-B5B9-0004196D4008,Wageningen University & Research,A26A32FE-4170-4478-9DDA-CFA6AC628575,PP_ORG
EA038CCE-F087-4B59-B5B9-0004196D4008,University of Bristol,25335D80-2025-4154-989F-37646A6EFBE1,PP_ORG
EA038CCE-F087-4B59-B5B9-0004196D4008,University of Florida,32FF2709-F690-4FDB-B6DF-81D32D74B600,PP_ORG
EA038CCE-F087-4B59-B5B9-0004196D4008,King's College(queen Elizabeth,03FF6628-B9EE-4465-A634-80F960FBE223,PP_ORG
EA038CCE-F087-4B59-B5B9-0004196D4008,Singapore Food Agency,28B63228-A6D7-4E20-8F91-A8C3B7C3D179,PP_ORG
EA038CCE-F087-4B59-B5B9-0004196D4008,Marine and Atmospheric Research,3A083B1D-8F1E-41D4-BABE-7099F6ADF5E3,PP_ORG
EA038CCE-F087-4B59-B5B9-0004196D4008,Bio Base Europe,3EBD56CD-1947-4B0B-A1C7-93C50003928A,PP_ORG
EA038CCE-F087-4B59-B5B9-0004196D4008,BioPower Technologies,6672083D-BF1B-40C1-A697-CB4B8A586CAE,PP_ORG
EA038CCE-F087-4B59-B5B9-0004196D4008,SPG Innovation,09E7671A-ACC0-4AFD-93C5-CA51845611E8,PP_ORG
EA038CCE-F087-4B59-B5B9-0004196D4008,Royal Institute of Technology KTH Sweden,4E02FF29-13B0-44CF-AE72-CEBEABD4C29B,PP_ORG
EA038CCE-F087-4B59-B5B9-0004196D4008,University of Sunderland,7BFB5389-B2FC-4D75-9452-40661EA3D5E7,PP_ORG
EA038CCE-F087-4B59-B5B9-0004196D4008,Institute of Manpower Studies,CE7F012D-303D-47C7-9D3B-C1ACFA7D5190,PP_ORG
EA038CCE-F087-4B59-B5B9-0004196D4008,Uncommon Bio Ltd,6433EE2A-E2A8-4CE7-8DD6-6041482F1753,PP_ORG
EA038CCE-F087-4B59-B5B9-0004196D4008,Seafood Scotland,31F76F29-C884-4DE1-BB79-A3F913ED34C8,PP_ORG
EA038CCE-F087-4B59-B5B9-0004196D4008,Eat Curious,98CAFDB1-2E19-4F3B-913D-DB4DE9C531D6,PP_ORG
EA038CCE-F087-4B59-B5B9-0004196D4008,BSI Group,73179D74-A736-4F3B-AF42-234E6CC3D78B,PP_ORG
EA038CCE-F087-4B59-B5B9-0004196D4008,Dummy Inst for Claim Entry,042B2E8B-9583-4A9F-966E-6227C02DC32C,PP_ORG
EA038CCE-F087-4B59-B5B9-0004196D4008,Joules Energy Efficiency Services Ltd,E67DACF2-0570-4100-A120-8E718CE96531,PP_ORG
EA038CCE-F087-4B59-B5B9-0004196D4008,Duynie Feed UK (Royal Cosun),FF2CB501-1014-4EDA-B65B-6266F2EBA87D,PP_ORG
EA038CCE-F087-4B59-B5B9-0004196D4008,QUADRAM INSTITUTE BIOSCIENCE,7EBAFA57-8BCD-4942-B72A-882BE3AC3206,PP_ORG
EA038CCE-F087-4B59-B5B9-0004196D4008,Roslin Technologies,48960804-5777-46E0-9F3F-7504645A1B5A,PP_ORG
EA038CCE-F087-4B59-B5B9-0004196D4008,Oatly UK,E3D9457C-AB17-4989-80C6-81841F8D159E,PP_ORG
EA038CCE-F087-4B59-B5B9-0004196D4008,Devro PLC,C79A8712-A211-45A6-B38E-54622B421B91,PP_ORG
EA038CCE-F087-4B59-B5B9-0004196D4008,Food Standards Agency,610477E4-1820-447E-AEDC-DDD7F1788542,PP_ORG
EA038CCE-F087-4B59-B5B9-0004196D4008,European Bioinformatics Institute,8BC931B1-F51B-4217-942F-359A514363AB,PP_ORG
EA038CCE-F087-4B59-B5B9-0004196D4008,Phycofoods Ltd,67E7D0A1-3395-4CFD-BA41-8456A778BC20,PP_ORG
EA038CCE-F087-4B59-B5B9-0004196D4008,myfood24,15B36CE4-792B-4358-B947-8346A315ED34,PP_ORG
EA038CCE-F087-4B59-B5B9-0004196D4008,PepsiCo International Limited,3109F8F3-93BB-4DE9-97E3-594A4F66F95C,PP_ORG
EA038CCE-F087-4B59-B5B9-0004196D4008,Agriculture and Agri-Food Canada,1FB56FFC-A9AC-41EC-B2E0-461ECB4256FD,PP_ORG
EA038CCE-F087-4B59-B5B9-0004196D4008,Varian Ltd,5B3AADE0-2FC1-488C-8597-E1F64B220D9C,PP_ORG
EA038CCE-F087-4B59-B5B9-0004196D4008,HGF Limited,B8F7D04E-CB11-4F06-B973-FDEFAAB76018,PP_ORG
EA038CCE-F087-4B59-B5B9-0004196D4008,NANOMATION LTD,12B6C9DA-A8C1-4FB4-97E2-4957067D6FFD,PP_ORG
EA038CCE-F087-4B59-B5B9-0004196D4008,University College Dublin,8934133A-B52F-4A87-8FA8-4EAA37543ED6,PP_ORG
EA038CCE-F087-4B59-B5B9-0004196D4008,Zero Waste Scotland,DB5256FE-3E68-4009-86BD-4779CF8395AB,PP_ORG
EA038CCE-F087-4B59-B5B9-0004196D4008,Samworth Brothers,879AEF8A-7D24-4498-9A30-6A50EFF0F157,PP_ORG
EA038CCE-F087-4B59-B5B9-0004196D4008,Nestle UK Ltd,1F675081-B055-49B9-B1D8-DB0077CA50BD,PP_ORG
EA038CCE-F087-4B59-B5B9-0004196D4008,Northern Gritstone,2D8DD81F-0757-4858-A637-D562297E20DB,PP_ORG
EA038CCE-F087-4B59-B5B9-0004196D4008,University of Chichester,B483FD39-42E9-4AF2-B2AF-CB95D43EC13D,PP_ORG
EA038CCE-F087-4B59-B5B9-0004196D4008,Isomerase Therapeutics Ltd,BD42F26F-D71A-4BCE-A563-69381D5BEBD1,PP_ORG
EA038CCE-F087-4B59-B5B9-0004196D4008,UNIVERSITY OF EXETER,9CD67613-9501-482E-95B8-74B8FEBE7749,PP_ORG
EA038CCE-F087-4B59-B5B9-0004196D4008,University of Derby,54B05AC1-B0CD-4580-9455-58331F163BEE,PP_ORG
EA038CCE-F087-4B59-B5B9-0004196D4008,M-Real UK Ltd,0E69DBC4-9EFB-4FE9-8D5E-946D08693D96,PP_ORG
EA038CCE-F087-4B59-B5B9-0004196D4008,AB Mauri (UK) Ltd,4D927C1E-72A1-4952-BC88-1035309FBD6A,PP_ORG
EA038CCE-F087-4B59-B5B9-0004196D4008,University of Minnesota,1472CF81-FEE9-4C3F-B862-DE100A19D353,PP_ORG
EA038CCE-F087-4B59-B5B9-0004196D4008,UK Edible Insect Association,2073D2EF-15E6-4D6F-A0E1-3777D8B1EA54,PP_ORG
EA038CCE-F087-4B59-B5B9-0004196D4008,VIRIDIAN SEEDS LTD,054B80C7-8D4F-46C6-B4AE-001FDC32ABA9,PP_ORG
EA038CCE-F087-4B59-B5B9-0004196D4008,West Yorkshire Combined Authority,A8F6C3A6-7E80-45B7-9EAC-2BC683B438A4,PP_ORG
EA038CCE-F087-4B59-B5B9-0004196D4008,Mars Chocolate UK Ltd,688AC5FC-536C-4FA4-B3CB-FF9CFE2DF52C,PP_ORG
EA038CCE-F087-4B59-B5B9-0004196D4008,University of Surrey,BE62EC9C-0D83-4697-802C-3B9892A3BDEB,PP_ORG
EA038CCE-F087-4B59-B5B9-0004196D4008,Spanish National Research Council (CSIC),33E9994C-AF60-4142-95D6-DAE49EA12F49,PP_ORG
EA038CCE-F087-4B59-B5B9-0004196D4008,National Biofilms Innovation Centre  (NBIC),AFF19828-E0C0-4434-98F2-080FD6ED4490,PP_ORG
EA038CCE-F087-4B59-B5B9-0004196D4008,London South Bank University,E425B66F-8285-4C62-9C00-B528AA8FF5A5,PP_ORG
EA038CCE-F087-4B59-B5B9-0004196D4008,HarvestPlus,C83DBFEF-C806-4BEC-AC3D-5537489931DF,PP_ORG
EA038CCE-F087-4B59-B5B9-0004196D4008,King's College London,1ECBCFF6-5785-4627-91AC-34132C9C759C,PP_ORG
EA038CCE-F087-4B59-B5B9-0004196D4008,Harper Adams University,31CD0779-E6F8-4C87-AB2C-D8D193B008C3,PP_ORG
EA038CCE-F087-4B59-B5B9-0004196D4008,National Heart & Lung Inst,542C68A4-76E1-4321-B602-4AF44CD28048,PP_ORG
EA038CCE-F087-4B59-B5B9-0004196D4008,Cargill,AF15796C-9079-4D83-930F-A4DF2B508B49,PP_ORG
EA038CCE-F087-4B59-B5B9-0004196D4008,Evolutor Ltd,CDEC095E-DFB8-4FBC-B98B-8C80F7A19A09,PP_ORG
EA038CCE-F087-4B59-B5B9-0004196D4008,University of Manchester,0E14B777-923F-44D6-8997-B12F07732982,PP_ORG
EA038CCE-F087-4B59-B5B9-0004196D4008,Croda Europe Ltd,ECCCEFB4-0C8F-48A6-B586-EFE10F655761,PP_ORG
EA038CCE-F087-4B59-B5B9-0004196D4008,Thermo Fisher Scientific (International),61D7B1DB-DA72-4114-831D-D91CC9B16D6E,PP_ORG
EA038CCE-F087-4B59-B5B9-0004196D4008,LEEDS CITY COUNCIL,500E4AC6-62F8-4106-B46B-B71DF689953E,PP_ORG
EA038CCE-F087-4B59-B5B9-0004196D4008,OGGS,E9A72DD7-9F96-42EC-881F-13B191231B4A,PP_ORG
EA038CCE-F087-4B59-B5B9-0004196D4008,University of Pretoria,7105212B-45B4-460D-B772-D01602521362,PP_ORG
EA038CCE-F087-4B59-B5B9-0004196D4008,FAO (Food & Agricultural Org of the UN),76845749-F915-4B0D-98D9-A9A3C44BAF30,PP_ORG
D586D39E-02B7-494A-9328-E867C5361023,Pushkin House,5DBD14C2-E3A7-481B-9893-1CD548EB489C,PP_ORG
D586D39E-02B7-494A-9328-E867C5361023,Royal Geographical Society,02142B14-5C71-4844-A090-4CBCBDA20CC6,PP_ORG
D586D39E-02B7-494A-9328-E867C5361023,National Taiwan University,53B8456E-4F68-4903-A106-E3342D63E6AF,PP_ORG
D586D39E-02B7-494A-9328-E867C5361023,OSCE Academy,F15EA6C8-309A-4E3E-B959-06944DE786A6,PP_ORG
D586D39E-02B7-494A-9328-E867C5361023,University of Helsinki,254E8EB7-277C-4FE8-819D-67477738E464,PP_ORG
D586D39E-02B7-494A-9328-E867C5361023,Hokkaido University,C8A150C7-B5F3-4D18-9CCA-2A42323B4A35,PP_ORG
FC355D0A-5915-4023-AC89-CF679E5DD683,Telethon Kids Institute,08905999-B38E-4C46-9EBF-1715569D231E,COLLAB_ORG
D2D7B351-D914-44E9-876A-FE0DAC35B095,GTN Ltd,02566CEC-8FE6-4D28-A371-3224D60577FD,PP_ORG
D2D7B351-D914-44E9-876A-FE0DAC35B095,Northumbrian Water Group plc,D5749DD0-2616-4C4F-B66D-F473BE7ACC61,PP_ORG
D2D7B351-D914-44E9-876A-FE0DAC35B095,Stanley Black and Decker,67E007CC-5465-448A-8BA8-5EA70E4E7AE4,PP_ORG
D2D7B351-D914-44E9-876A-FE0DAC35B095,Sage (UK) Ltd,CA85DF48-5BD8-47F8-A9B3-0381527E13E9,PP_ORG
D2D7B351-D914-44E9-876A-FE0DAC35B095,Atom Bank plc,2ACC916C-383D-4DE9-94AA-D7C7D76B2CF9,PP_ORG
074E2E65-2C90-4D81-BF70-A3AB789ECF44,University of Cambridge,0CD86CC3-08B6-42CC-96E1-0FB67190B886,COLLAB_ORG
4448E08C-B785-4ED4-8AE4-44F0EB7722CA,Duke University,F6BD8BE6-8830-4F45-B70A-1C819EB366E3,COLLAB_ORG
4448E08C-B785-4ED4-8AE4-44F0EB7722CA,University of Otago,B5441790-9FD6-4808-872B-FFD5378B81ED,COLLAB_ORG
4448E08C-B785-4ED4-8AE4-44F0EB7722CA,Kilimanjaro Clinical Research Institute,130481C9-530A-45B9-ABA9-27F109A60D83,COLLAB_ORG
4448E08C-B785-4ED4-8AE4-44F0EB7722CA,Ministry of Health and Social Welfare,6064480F-09EF-4788-8C0F-96F489C8B2C3,COLLAB_ORG
4448E08C-B785-4ED4-8AE4-44F0EB7722CA,Afrique One,16CBEF73-5D9B-47B4-BF9C-FF046AC1B7AF,COLLAB_ORG
4448E08C-B785-4ED4-8AE4-44F0EB7722CA,Ministry of Livestock and Fisheries Development,8596C643-F1D3-4EA1-86E1-E585CDB7B844,COLLAB_ORG
4448E08C-B785-4ED4-8AE4-44F0EB7722CA,University of Aberdeen,4240E98A-DD72-4426-9E1A-976004E82C1B,COLLAB_ORG
4448E08C-B785-4ED4-8AE4-44F0EB7722CA,Nelson Mandela African Institute for Science and Technology,CF2CD9A5-9DE2-4E44-ACC4-93A78525856D,COLLAB_ORG
4448E08C-B785-4ED4-8AE4-44F0EB7722CA,Washington State University,983A320E-729A-497B-AB00-44E84892B9CC,COLLAB_ORG
4448E08C-B785-4ED4-8AE4-44F0EB7722CA,Tanzania Wildlife Research Institute,BFBAE471-2C47-4D0A-BA65-FC511A3D007B,COLLAB_ORG
4448E08C-B785-4ED4-8AE4-44F0EB7722CA,EcoHealth Alliance,3EE7B46E-6B51-42E7-BF29-4AC21D3A9C5D,COLLAB_ORG
4448E08C-B785-4ED4-8AE4-44F0EB7722CA,"Royal Tropical Institute, Netherlands KIT",82ABF2FC-406A-46BA-9820-8E783A048033,COLLAB_ORG
4448E08C-B785-4ED4-8AE4-44F0EB7722CA,Tanzania Veterinary Laboratory Agency,C9DC9DF1-B475-484B-ABFA-EE89656862A8,COLLAB_ORG
18D70CAE-8B15-4802-AD9E-F4F5B7406D0A,School Food Matters,9C34862B-7536-4F13-9A99-ABEFB0DB6DE6,COLLAB_ORG
18D70CAE-8B15-4802-AD9E-F4F5B7406D0A,Public Health Nutrition Research,81595BCE-43E8-4D18-BDE3-31097B941CD6,PP_ORG
18D70CAE-8B15-4802-AD9E-F4F5B7406D0A,Department of Education,EB6B6BC3-86E8-41A2-8283-D40B3592763E,PP_ORG
18D70CAE-8B15-4802-AD9E-F4F5B7406D0A,NEWCASTLE CITY COUNCIL,5331B126-3AB4-4412-B56D-00E8F2796556,PP_ORG
18D70CAE-8B15-4802-AD9E-F4F5B7406D0A,British Nutrition Foundation,DC52B261-3E8E-417A-A8CE-0AD82E003B5F,PP_ORG
18D70CAE-8B15-4802-AD9E-F4F5B7406D0A,Public Health Agency (Northern Ireland),62F24604-000C-467F-B05D-07224B65A115,PP_ORG
18D70CAE-8B15-4802-AD9E-F4F5B7406D0A,Department of Health and Social Care,AC6453D9-1B45-464B-A436-31880CFB9259,PP_ORG
18D70CAE-8B15-4802-AD9E-F4F5B7406D0A,All Party Parliamentary Group,A74FA882-353A-4885-9779-72AFDF944268,PP_ORG
18D70CAE-8B15-4802-AD9E-F4F5B7406D0A,School Food Plan Alliance,6980787D-87B9-4FB4-98A9-4267E4183BEC,PP_ORG
18D70CAE-8B15-4802-AD9E-F4F5B7406D0A,Education Scotland,D29C0E7D-092C-4437-8133-B482C9EDCFB6,PP_ORG
18D70CAE-8B15-4802-AD9E-F4F5B7406D0A,NHS Health Scotland,3CC6AE03-3754-47FA-BCB3-60E759F50838,PP_ORG
13DA0BEB-B2A9-4886-AB34-2C74756783E5,University of Glasgow,F7493102-EBE9-4DE8-9C75-972A816C2F78,COLLAB_ORG
13DA0BEB-B2A9-4886-AB34-2C74756783E5,International Livestock Research Institute (ILRI),B9327F50-331C-4369-B2AF-C8405DDE540F,COLLAB_ORG
13DA0BEB-B2A9-4886-AB34-2C74756783E5,Makerere University,5E346677-519E-4220-8DCD-321F67C694D5,COLLAB_ORG
13DA0BEB-B2A9-4886-AB34-2C74756783E5,ECOaction (Uganda),B15EB0CC-999B-41C5-896F-A2DC2B1E29F9,PP_ORG
13DA0BEB-B2A9-4886-AB34-2C74756783E5,Abundance,4AF9C0DD-0A62-4AFB-98F7-40DE1B522CCA,PP_ORG
13DA0BEB-B2A9-4886-AB34-2C74756783E5,Makerere University,6C466F7E-3422-4E21-9BE3-865E60C0E5A1,PP_ORG
13DA0BEB-B2A9-4886-AB34-2C74756783E5,Addis Ababa University,4D18159A-6765-42FD-BB7E-430CA301AEDC,PP_ORG
13DA0BEB-B2A9-4886-AB34-2C74756783E5,Institute of Infection and Global Health,3C5AA6B3-3772-4F56-BDB5-38961FAC5A60,PP_ORG
13DA0BEB-B2A9-4886-AB34-2C74756783E5,Women Environmental Programme,6DFF78D9-5D25-42E9-90E9-D0EA18E6B880,PP_ORG
13DA0BEB-B2A9-4886-AB34-2C74756783E5,Art and Global Health Center,FE075055-9C6D-43D0-8743-E383D763233E,PP_ORG
13DA0BEB-B2A9-4886-AB34-2C74756783E5,Kilimanjaro Clinical Res Institute KCRI,1DA263BC-CFAD-43F8-B80B-79D8D5221AE1,PP_ORG
13DA0BEB-B2A9-4886-AB34-2C74756783E5,University of Nairobi,19FF1A6E-5906-4770-87DD-1193B79B4C3C,PP_ORG
DD26E584-5B28-481E-B056-2F08A057D86B,Royal Society for the Protection of Birds,895273A7-FDF9-41B3-B20B-94A1F23899FD,PP_ORG
DD26E584-5B28-481E-B056-2F08A057D86B,Town & Country Planning Assoc (TCPA),C5BD1E69-7906-418C-B52E-99FE878394E1,PP_ORG
DD26E584-5B28-481E-B056-2F08A057D86B,Sheffield and Rotherham Wildlife Trust,9B0656E5-B648-42ED-B03F-0754CD0FF8A3,PP_ORG
DD26E584-5B28-481E-B056-2F08A057D86B,Community Planning Alliance,3AEF8603-9E2E-47F9-A0EB-3597F34E17A8,PP_ORG
DD26E584-5B28-481E-B056-2F08A057D86B,British Trust for Ornithology,ADE41B2F-8769-4B6C-B8CB-06183CA92F02,PP_ORG
DD26E584-5B28-481E-B056-2F08A057D86B,Scottish Environment LINK,69F10AA0-0D0C-4EE2-AEA0-B967285CAD38,PP_ORG
DD26E584-5B28-481E-B056-2F08A057D86B,Wildlife & Countryside Link,874BC128-0B13-4C77-A970-C52259B05DE3,PP_ORG
DD26E584-5B28-481E-B056-2F08A057D86B,Planning Democracy,FE006F58-88C3-40CF-A595-4FCDB3D8A21F,PP_ORG
DD26E584-5B28-481E-B056-2F08A057D86B,ALGE,862ABF0F-4FA6-47A0-A76A-60A34E47EE18,PP_ORG
FE21AAE4-F214-4F27-9ECA-7CCBF82D20CF,Carers Trust Scotland,29DBA932-3DAA-49A8-B569-25B6F0C46753,COLLAB_ORG
FE21AAE4-F214-4F27-9ECA-7CCBF82D20CF,Mencap,66999DF8-C6CF-43CF-9B8F-1582D2803E78,COLLAB_ORG
FE21AAE4-F214-4F27-9ECA-7CCBF82D20CF,Mental Health Foundation,83D2C604-FBD8-4694-9487-1FAF50C4A5AE,COLLAB_ORG
FE21AAE4-F214-4F27-9ECA-7CCBF82D20CF,PAMIS,F2128E42-1E12-4646-B14E-9D1D1D5AF0BC,COLLAB_ORG
CAC6262D-7864-4765-8E76-E92C18422EE3,University of Glasgow,F7493102-EBE9-4DE8-9C75-972A816C2F78,COLLAB_ORG
CAC6262D-7864-4765-8E76-E92C18422EE3,West Lothian Drug and Alcohol Service,B9B576D4-F73B-4E00-B0A9-388C52CBBDC5,COLLAB_ORG
CAC6262D-7864-4765-8E76-E92C18422EE3,University of Dundee,3B3CE3F7-0BC0-4384-824D-B06440F9C1DD,COLLAB_ORG
CAC6262D-7864-4765-8E76-E92C18422EE3,Decipher Impact Ltd,886AD74E-2CAD-4922-AFC6-6C985A97294A,COLLAB_ORG
CAC6262D-7864-4765-8E76-E92C18422EE3,University of Barcelona,CDAAE944-A8AC-4AC9-B706-42A06E9CFB93,COLLAB_ORG
CAC6262D-7864-4765-8E76-E92C18422EE3,Cardiff University,052DE517-F298-4593-869D-03FE4A87442A,COLLAB_ORG
CAC6262D-7864-4765-8E76-E92C18422EE3,University of Stirling,55B05662-459D-43FB-B005-51DBDE1F3ECD,COLLAB_ORG
CAC6262D-7864-4765-8E76-E92C18422EE3,Gambling Research Exchange Ontario,AF87E87D-9FBD-458B-A49D-80B5113A7163,COLLAB_ORG
2B0C0896-41E1-4651-BCE3-D07AA2970C00,Malawi University of Business and Applied Sciences,42173A0E-2057-42D9-8845-BE5C9D9C6A7C,COLLAB_ORG
2B0C0896-41E1-4651-BCE3-D07AA2970C00,Natural Environment Research Council,557EB604-0AD2-4FC3-A9A0-28402CD24109,COLLAB_ORG
2B0C0896-41E1-4651-BCE3-D07AA2970C00,NHS England,0B3113C7-D146-4FDE-A71E-03B37BB14A28,COLLAB_ORG
2B0C0896-41E1-4651-BCE3-D07AA2970C00,University of Strathclyde,562804F3-F71E-459D-9769-23A632545BC0,COLLAB_ORG
2B0C0896-41E1-4651-BCE3-D07AA2970C00,Airlangga University,7AF73340-9FD1-4701-82C2-152313C5DF60,COLLAB_ORG
2B0C0896-41E1-4651-BCE3-D07AA2970C00,Mott Macdonald UK Ltd,4F4B2607-B7A8-4366-B087-FCB9C78EF99B,COLLAB_ORG
2B0C0896-41E1-4651-BCE3-D07AA2970C00,Institut Teknologi Adhi Tama Surabaya,FBAA9CBD-5DF0-4C1B-904A-2B2785D8B498,COLLAB_ORG
2B0C0896-41E1-4651-BCE3-D07AA2970C00,University of Aberdeen,4240E98A-DD72-4426-9E1A-976004E82C1B,COLLAB_ORG
2B0C0896-41E1-4651-BCE3-D07AA2970C00,Nextek,AECD70F8-1F28-465B-B473-CD3824B649DE,PP_ORG
2B0C0896-41E1-4651-BCE3-D07AA2970C00,Plastics Europe,968C9355-4BB0-4041-87E8-E8CCD8739092,PP_ORG
2B0C0896-41E1-4651-BCE3-D07AA2970C00,Johnson Matthey (United Kingdom),1866E562-8B1C-472D-B52A-62A996D736CD,PP_ORG
BE55E416-7E9F-4756-A4C0-31B36121F148,BIRMINGHAM WOMEN'S AND CHILDREN'S NHS FOUNDATION TRUST,B5B76E9E-F613-4FFD-8609-E414C066F471,COLLAB_ORG
BE55E416-7E9F-4756-A4C0-31B36121F148,Cairn Research Ltd,8DEC5221-4C86-47D0-BA0A-9EACB19E45DE,PP_ORG
0C87C79F-B649-4E6C-A395-12A5AB2C66D7,Revo,309F5441-0567-4172-B56D-5FFCFF1E1706,COLLAB_ORG
0C87C79F-B649-4E6C-A395-12A5AB2C66D7,Royal Institution of Chartered Surveyors,AEFBC5C2-76DD-499F-90BD-EA88A0740A8D,COLLAB_ORG
0C87C79F-B649-4E6C-A395-12A5AB2C66D7,University of Glasgow,F7493102-EBE9-4DE8-9C75-972A816C2F78,COLLAB_ORG
0C87C79F-B649-4E6C-A395-12A5AB2C66D7,Royal Town Planning Institute RTPI,6D24C31B-1AE2-4A06-8AAE-117D7FF8BDB4,COLLAB_ORG
0C87C79F-B649-4E6C-A395-12A5AB2C66D7,Royal Town Planning Institute,202C28FF-8AD8-49B6-855A-6D573A7AC6F1,PP_ORG
0C87C79F-B649-4E6C-A395-12A5AB2C66D7,Royal Institution of Chartered Surveyors,AEFBC5C2-76DD-499F-90BD-EA88A0740A8D,PP_ORG
69C388AE-0CC3-4B1F-B2DC-7DF5833933B3,UNHCR (UN High Commissioner f Refugees),716F01E0-C00F-4863-A591-24E9D9804CF5,PP_ORG
69C388AE-0CC3-4B1F-B2DC-7DF5833933B3,Chatham House,949C0238-F003-4BB7-81B8-8715CFDF9EAA,PP_ORG
CC310446-ED0F-41B9-9E48-8666A021A6A7,British Standards Institute (BSI Group),462D38CA-FE5C-48C1-816F-94ABA1943C36,COLLAB_ORG
1863B28E-C246-4058-8359-EB1F76A60D3D,Jackson Park Watch,2E6B420F-3BF3-46D8-84B1-552E751926D7,PP_ORG
1863B28E-C246-4058-8359-EB1F76A60D3D,Save Our Sanctuary,BD89D348-E9AF-4BF9-9037-C1B5019DB2D5,PP_ORG
88A1734D-870A-4FD8-88FC-587FA99704D6,West Midlands Police,9F4E7371-9D30-4EB8-829D-B5B289D793F3,COLLAB_ORG
88A1734D-870A-4FD8-88FC-587FA99704D6,Northumbria Police,D7013CBA-A3C8-415B-8C0A-70799E40409D,COLLAB_ORG
88A1734D-870A-4FD8-88FC-587FA99704D6,Staffordshire Police,6ABCA078-0DA3-4FA2-9B82-F889C48D2763,COLLAB_ORG
88A1734D-870A-4FD8-88FC-587FA99704D6,Metropolitan Police Service,EDFEB6B5-6941-48C5-B6A7-0E84435FC7F8,COLLAB_ORG
88A1734D-870A-4FD8-88FC-587FA99704D6,Merseyside Police Service,AF346C5F-00E2-42E6-8686-A7EA5DE32378,COLLAB_ORG
88A1734D-870A-4FD8-88FC-587FA99704D6,Durham Constabulary,D927A00D-7DC9-49CC-8C69-0476AB7C487A,COLLAB_ORG
88A1734D-870A-4FD8-88FC-587FA99704D6,DURHAM UNIVERSITY,50EEF0BC-3753-464C-85B9-A24293AF091F,COLLAB_ORG
88A1734D-870A-4FD8-88FC-587FA99704D6,Cumbria Constabulary,EE2066EF-8D5C-4B3C-A7F1-DF9CE07C0669,COLLAB_ORG
88A1734D-870A-4FD8-88FC-587FA99704D6,Cumbria Constabulary,EE2066EF-8D5C-4B3C-A7F1-DF9CE07C0669,PP_ORG
88A1734D-870A-4FD8-88FC-587FA99704D6,Home Office,A22951DC-80D0-44D3-80CE-9359611DBB53,PP_ORG
88A1734D-870A-4FD8-88FC-587FA99704D6,Metropolitan Police Service,ACE32E9F-DDD6-4445-AD26-D4E45A65FB12,PP_ORG
88A1734D-870A-4FD8-88FC-587FA99704D6,Home Office,91486605-C83C-4A5D-A96D-8DF76014AF0A,PP_ORG
88A1734D-870A-4FD8-88FC-587FA99704D6,Staffordshire Police,6ABCA078-0DA3-4FA2-9B82-F889C48D2763,PP_ORG
88A1734D-870A-4FD8-88FC-587FA99704D6,Durham Constabulary,D927A00D-7DC9-49CC-8C69-0476AB7C487A,PP_ORG
88A1734D-870A-4FD8-88FC-587FA99704D6,National Police Chief's Council,28A03F70-E7CA-492D-AFEE-FA7DB8C53C9D,PP_ORG
88A1734D-870A-4FD8-88FC-587FA99704D6,West Midlands Violence Reduction Unit,BC357BFA-9E49-4179-A183-C4E560FA4F3E,PP_ORG
88A1734D-870A-4FD8-88FC-587FA99704D6,Northumbria Police Force,BC77632A-C9F2-4139-9437-FB5F62D60CE2,PP_ORG
88A1734D-870A-4FD8-88FC-587FA99704D6,Merseyside Police,F1DE4890-FB94-48BA-8113-9349DB6A45F0,PP_ORG
2B2BABA3-3D12-4B29-A003-B31EF936C220,Government of the Republic of the Philippines,BEE241B0-2C62-4EE9-A964-BB5D6BDA9359,COLLAB_ORG
2B2BABA3-3D12-4B29-A003-B31EF936C220,Norwegian Veterinary Institute,C4692A8D-8D43-4B05-A278-C51CE34C7D4F,COLLAB_ORG
2B2BABA3-3D12-4B29-A003-B31EF936C220,University of Pennsylvania,5B445788-007D-403A-B762-66641EFD812A,COLLAB_ORG
2B2BABA3-3D12-4B29-A003-B31EF936C220,Ahmadu Bello University,57EE5CFA-1ABD-4B48-9456-2B9D9FE37C3C,COLLAB_ORG
2B2BABA3-3D12-4B29-A003-B31EF936C220,Ifakara Health Institute,A77E1DA6-58BB-47A8-995D-B75C30D4A6FC,COLLAB_ORG
2B2BABA3-3D12-4B29-A003-B31EF936C220,Kerala University of Health Sciences,034513B3-C4CB-4E29-A53D-904AC6AC5B86,COLLAB_ORG
2B2BABA3-3D12-4B29-A003-B31EF936C220,Ateneo de Manila University,3CF9966D-99B1-4E26-8A55-012464A98E29,PP_ORG
2B2BABA3-3D12-4B29-A003-B31EF936C220,FETPAFI (Field Epid Training Program),17963F9E-5D7E-42AD-96C6-611AFF74FB5B,PP_ORG
2B2BABA3-3D12-4B29-A003-B31EF936C220,Research Institute for Tropical Medicine,BC90996A-F16F-49EC-BE1B-844799716C1B,PP_ORG
28324079-F1B8-45FE-808B-CE15D4AD46F9,Weizmann Institute of Science,6F56E6A7-EA73-4187-9A64-8115C02AEDCF,COLLAB_ORG
28324079-F1B8-45FE-808B-CE15D4AD46F9,Helmholtz Association of German Research Centres,94E9F9E6-A85E-4472-996B-819754F3A708,COLLAB_ORG
09406668-065F-4F21-B16A-D21BAA1F3845,Dummy Inst for Claim Entry,042B2E8B-9583-4A9F-966E-6227C02DC32C,PP_ORG
09406668-065F-4F21-B16A-D21BAA1F3845,The York Policy Engine,30428119-9398-440E-AA19-61AB3F805E22,PP_ORG
09406668-065F-4F21-B16A-D21BAA1F3845,Parent Zone,2853C21B-7D0F-44A5-A7D8-8F0136D2C390,PP_ORG
09406668-065F-4F21-B16A-D21BAA1F3845,Imperial College London,4FC4CBFD-9E7C-4518-BB16-852553236FE1,PP_ORG
09406668-065F-4F21-B16A-D21BAA1F3845,Ofcom,9BE3A17C-45AF-441C-BAFE-934B15D914C8,PP_ORG
09406668-065F-4F21-B16A-D21BAA1F3845,VoiceBox,AA9CC205-7AD3-46A3-9F4E-9914A24E9FF6,PP_ORG
09406668-065F-4F21-B16A-D21BAA1F3845,University of York,7FF630E0-3355-4076-9E47-528D4B0DBCB3,PP_ORG
09406668-065F-4F21-B16A-D21BAA1F3845,The PSHE Association,8AD4C404-BD13-4CF2-AD43-5CAA125A5699,PP_ORG
09406668-065F-4F21-B16A-D21BAA1F3845,Department for Culture Media and Sport,FCE041D4-C8BA-4BE6-BA7D-CD8C72CED113,PP_ORG
A4A5E3FD-9187-4661-8425-72CAB6079122,Geographical Association,1483AE53-9D3E-473E-B28D-E6E73FA19EC3,COLLAB_ORG
A4A5E3FD-9187-4661-8425-72CAB6079122,Town & Country Planning Association,391B32A8-98A7-4BB5-AC4F-B6EF1A979DB8,COLLAB_ORG
C73DBE02-1130-4883-8AC2-C789F32CC072,University of Copenhagen,60209DE1-5DCA-4C32-B008-76C318794EF1,COLLAB_ORG
C73DBE02-1130-4883-8AC2-C789F32CC072,University of Montpellier,5B75DE87-A668-4374-AEAE-5BC45D482687,COLLAB_ORG
C73DBE02-1130-4883-8AC2-C789F32CC072,Albert Ludwig University of Freiburg,E0696635-5F4F-45C1-8B82-F204877B1001,COLLAB_ORG
11B06952-C566-44D0-8D92-071B17F1E49B,UK Clinical Research Collaboration,4BB6382A-EAD4-42F8-9569-7B8BB6AFC92A,COLLAB_ORG
11B06952-C566-44D0-8D92-071B17F1E49B,London School of Hygiene and Tropical Medicine (LSHTM),BF8AD04D-E60F-4630-82EE-0AA9E4AAC838,COLLAB_ORG
11B06952-C566-44D0-8D92-071B17F1E49B,Medical Research Council (MRC),6F45D93C-8B52-474D-A3BC-7317843572B1,COLLAB_ORG
11B06952-C566-44D0-8D92-071B17F1E49B,Catholic University of Health and Allied Sciences,692DAAE0-33A9-40B3-879B-30269C7FD6DB,COLLAB_ORG
11B06952-C566-44D0-8D92-071B17F1E49B,Kilimanjaro Clinical Research Institute,130481C9-530A-45B9-ABA9-27F109A60D83,COLLAB_ORG
11B06952-C566-44D0-8D92-071B17F1E49B,University of Aberdeen,4240E98A-DD72-4426-9E1A-976004E82C1B,COLLAB_ORG
11B06952-C566-44D0-8D92-071B17F1E49B,Action on Smoking and Health (ASH),801DBF19-C218-4C22-BD8B-D6179519D669,COLLAB_ORG
98BA5EED-B1E0-4EC4-A64B-B43F111C4D41,University of Leeds,022B8FE8-55B9-4215-837E-F5AF0DB4C621,COLLAB_ORG
98BA5EED-B1E0-4EC4-A64B-B43F111C4D41,Government of the UK,32A39783-8BC6-4B54-BBE2-004EECEFABEE,COLLAB_ORG
98BA5EED-B1E0-4EC4-A64B-B43F111C4D41,University of Strathclyde,562804F3-F71E-459D-9769-23A632545BC0,COLLAB_ORG
98BA5EED-B1E0-4EC4-A64B-B43F111C4D41,Manchester University,D49211D2-5766-461A-9BA2-5B8260F0702A,COLLAB_ORG
98BA5EED-B1E0-4EC4-A64B-B43F111C4D41,Newcastle University,AA74BEFD-ACAF-45CC-A5C5-18B751C8D0C5,COLLAB_ORG
98BA5EED-B1E0-4EC4-A64B-B43F111C4D41,NHS Manchester,CFC5948D-39AC-47A6-8035-458477B64FAE,COLLAB_ORG
98BA5EED-B1E0-4EC4-A64B-B43F111C4D41,University of Glasgow,F7493102-EBE9-4DE8-9C75-972A816C2F78,COLLAB_ORG
98BA5EED-B1E0-4EC4-A64B-B43F111C4D41,CSART,533CBDC1-7E92-4147-8A63-4465DC0DBA28,COLLAB_ORG
98BA5EED-B1E0-4EC4-A64B-B43F111C4D41,Barnsley Metropolitan Borough Council,FA9774D6-0973-4E5B-9632-F3371DA6436E,COLLAB_ORG
98BA5EED-B1E0-4EC4-A64B-B43F111C4D41,University of Essex,09E8DBA6-A48F-43C3-AB86-C73A2666B10E,COLLAB_ORG
98BA5EED-B1E0-4EC4-A64B-B43F111C4D41,University of Sydney,252A1A8A-5E3E-419C-A4A7-A7BEEA8473BF,COLLAB_ORG
98BA5EED-B1E0-4EC4-A64B-B43F111C4D41,University of Stirling,55B05662-459D-43FB-B005-51DBDE1F3ECD,COLLAB_ORG
98BA5EED-B1E0-4EC4-A64B-B43F111C4D41,University of the Basque Country,A9532AFC-4AE6-4A6B-BAFD-CB2EB35B99B0,COLLAB_ORG
98BA5EED-B1E0-4EC4-A64B-B43F111C4D41,NHS Health Scotland,3CC6AE03-3754-47FA-BCB3-60E759F50838,PP_ORG
98BA5EED-B1E0-4EC4-A64B-B43F111C4D41,National Institute for Health and Care Excellence (NICE),01E50499-4E63-433C-BD16-0032F15C2D3C,PP_ORG
98BA5EED-B1E0-4EC4-A64B-B43F111C4D41,Local Government Association,F7A10FD7-5C37-4ABA-BB58-0146EFDF2F0A,PP_ORG
98BA5EED-B1E0-4EC4-A64B-B43F111C4D41,Sheffield City Partnership,B10C1E93-65A7-4F91-A110-6867EC76697D,PP_ORG
98BA5EED-B1E0-4EC4-A64B-B43F111C4D41,Public Health Wales,D15ECAA5-C72B-47A7-A28F-A7B6B5C172EB,PP_ORG
98BA5EED-B1E0-4EC4-A64B-B43F111C4D41,PUBLIC HEALTH ENGLAND,B3864DE8-6D2C-4993-8A22-F1D4F74D8E64,PP_ORG
98BA5EED-B1E0-4EC4-A64B-B43F111C4D41,The Alan Turing Institute,5A385259-D3CA-4FA1-A9DF-293A21871410,PP_ORG
98BA5EED-B1E0-4EC4-A64B-B43F111C4D41,Northern Health Science Alliance Ltd,F6D79C48-5323-4803-883C-9C0E48FB2927,PP_ORG
98BA5EED-B1E0-4EC4-A64B-B43F111C4D41,Data-Driven Innovation Programme,15DDCFAA-49D7-4C09-B20C-3000462F0523,PP_ORG
98BA5EED-B1E0-4EC4-A64B-B43F111C4D41,Learn Sheffield,7C807F28-D477-4DFA-9FFD-A1A4BF4FAD3A,PP_ORG
5A54CF8D-EAD5-469A-825D-BF4D9F12413A,University of Sydney,252A1A8A-5E3E-419C-A4A7-A7BEEA8473BF,COLLAB_ORG
5A54CF8D-EAD5-469A-825D-BF4D9F12413A,University of Stirling,55B05662-459D-43FB-B005-51DBDE1F3ECD,COLLAB_ORG
5A54CF8D-EAD5-469A-825D-BF4D9F12413A,University of Glasgow,F7493102-EBE9-4DE8-9C75-972A816C2F78,COLLAB_ORG
5A54CF8D-EAD5-469A-825D-BF4D9F12413A,Barnsley Metropolitan Borough Council,FA9774D6-0973-4E5B-9632-F3371DA6436E,COLLAB_ORG
5A54CF8D-EAD5-469A-825D-BF4D9F12413A,Manchester University,D49211D2-5766-461A-9BA2-5B8260F0702A,COLLAB_ORG
5A54CF8D-EAD5-469A-825D-BF4D9F12413A,Government of the UK,32A39783-8BC6-4B54-BBE2-004EECEFABEE,COLLAB_ORG
5A54CF8D-EAD5-469A-825D-BF4D9F12413A,LEEDS TEACHING HOSPITALS NHS TRUST,659211E5-5E73-4805-8F7C-E366DC3E952D,COLLAB_ORG
5A54CF8D-EAD5-469A-825D-BF4D9F12413A,Mental Health Foundation,83D2C604-FBD8-4694-9487-1FAF50C4A5AE,COLLAB_ORG
5A54CF8D-EAD5-469A-825D-BF4D9F12413A,CSART,533CBDC1-7E92-4147-8A63-4465DC0DBA28,COLLAB_ORG
5A54CF8D-EAD5-469A-825D-BF4D9F12413A,University of Leeds,022B8FE8-55B9-4215-837E-F5AF0DB4C621,COLLAB_ORG
5A54CF8D-EAD5-469A-825D-BF4D9F12413A,Newcastle University,AA74BEFD-ACAF-45CC-A5C5-18B751C8D0C5,COLLAB_ORG
5A54CF8D-EAD5-469A-825D-BF4D9F12413A,University of Essex,09E8DBA6-A48F-43C3-AB86-C73A2666B10E,COLLAB_ORG
5A54CF8D-EAD5-469A-825D-BF4D9F12413A,PUBLIC HEALTH ENGLAND,B3864DE8-6D2C-4993-8A22-F1D4F74D8E64,PP_ORG
5A54CF8D-EAD5-469A-825D-BF4D9F12413A,Data-Driven Innovation Programme,15DDCFAA-49D7-4C09-B20C-3000462F0523,PP_ORG
5A54CF8D-EAD5-469A-825D-BF4D9F12413A,Learn Sheffield,7C807F28-D477-4DFA-9FFD-A1A4BF4FAD3A,PP_ORG
5A54CF8D-EAD5-469A-825D-BF4D9F12413A,National Institute for Health and Care Excellence (NICE),01E50499-4E63-433C-BD16-0032F15C2D3C,PP_ORG
5A54CF8D-EAD5-469A-825D-BF4D9F12413A,NHS Health Scotland,3CC6AE03-3754-47FA-BCB3-60E759F50838,PP_ORG
5A54CF8D-EAD5-469A-825D-BF4D9F12413A,Sheffield City Partnership,B10C1E93-65A7-4F91-A110-6867EC76697D,PP_ORG
5A54CF8D-EAD5-469A-825D-BF4D9F12413A,Northern Health Science Alliance Ltd,F6D79C48-5323-4803-883C-9C0E48FB2927,PP_ORG
5A54CF8D-EAD5-469A-825D-BF4D9F12413A,Public Health Wales,D15ECAA5-C72B-47A7-A28F-A7B6B5C172EB,PP_ORG
5A54CF8D-EAD5-469A-825D-BF4D9F12413A,The Alan Turing Institute,5A385259-D3CA-4FA1-A9DF-293A21871410,PP_ORG
5A54CF8D-EAD5-469A-825D-BF4D9F12413A,Local Government Association,F7A10FD7-5C37-4ABA-BB58-0146EFDF2F0A,PP_ORG
F3FCA4AC-BD99-4F56-9738-540D8A29C87E,University of Toronto,5079E108-BB67-4EDF-92FF-11AE7359DB9C,COLLAB_ORG
F3FCA4AC-BD99-4F56-9738-540D8A29C87E,International Neuroinformatics Coordinating Facility,51EAF0D8-5D63-42E5-AAFA-1EFBFE5BD0C7,COLLAB_ORG
F3FCA4AC-BD99-4F56-9738-540D8A29C87E,University of Pennsylvania,5B445788-007D-403A-B762-66641EFD812A,COLLAB_ORG
F3FCA4AC-BD99-4F56-9738-540D8A29C87E,University of Cambridge,0CD86CC3-08B6-42CC-96E1-0FB67190B886,COLLAB_ORG
F3FCA4AC-BD99-4F56-9738-540D8A29C87E,University of Southampton,B56FD484-8F44-47ED-A6B0-12BA09E3CED0,COLLAB_ORG
F3FCA4AC-BD99-4F56-9738-540D8A29C87E,University of Glasgow,F7493102-EBE9-4DE8-9C75-972A816C2F78,COLLAB_ORG
F3FCA4AC-BD99-4F56-9738-540D8A29C87E,Erasmus University Rotterdam,A6994212-998E-43C6-A7E0-BB9703A575BC,COLLAB_ORG
F3FCA4AC-BD99-4F56-9738-540D8A29C87E,Broad Institute,319B4D7C-D303-4C66-99CC-89DD06AF9101,COLLAB_ORG
F3FCA4AC-BD99-4F56-9738-540D8A29C87E,Indiana University,16151FC2-134D-43C2-B7D2-AAE4092A782B,COLLAB_ORG
F3FCA4AC-BD99-4F56-9738-540D8A29C87E,University of Antwerp,4CCD37FF-EA4B-4A24-85FF-FA2199ACD81A,COLLAB_ORG
F3FCA4AC-BD99-4F56-9738-540D8A29C87E,National Institutes of Health (NIH),C097CA6F-E9DD-41D4-9D5E-3C9797757E04,COLLAB_ORG
F3FCA4AC-BD99-4F56-9738-540D8A29C87E,University of Calgary,6B3B49BB-4EA0-43BC-A3AC-4D754FC777C4,COLLAB_ORG
F3FCA4AC-BD99-4F56-9738-540D8A29C87E,Institute for Molecular Medicine Finland,00EC8EAB-67AD-40C8-B82C-80B6ADB02439,COLLAB_ORG
3719DCAA-AE15-4F8C-A58D-4514F07A1F5E,UNIVERSITY OF EDINBURGH,A3776632-317E-48F5-96F1-83866E7BDFD8,COLLAB_ORG
3719DCAA-AE15-4F8C-A58D-4514F07A1F5E,University of Leeds,022B8FE8-55B9-4215-837E-F5AF0DB4C621,COLLAB_ORG
44FA7274-B051-468D-A5AA-D726992ED5D8,DEPARTMENT FOR WORK AND PENSIONS,994E1410-7BFE-4446-AAE1-2863CE00867D,PP_ORG
44FA7274-B051-468D-A5AA-D726992ED5D8,Institute for Government,0D648330-8E82-4742-B34B-1F2EC915B7AF,PP_ORG
44FA7274-B051-468D-A5AA-D726992ED5D8,Centre for Progressive Policy,18BFB4FA-8AC0-4175-99C4-66F4F7E5BABA,PP_ORG
44FA7274-B051-468D-A5AA-D726992ED5D8,Resolution Foundation,5980213D-2FEE-461D-A69E-7513CFCD371A,PP_ORG
44FA7274-B051-468D-A5AA-D726992ED5D8,New Economics Foundation,8DC9FA9B-F683-4E3F-B593-08596F2C5424,PP_ORG
44FA7274-B051-468D-A5AA-D726992ED5D8,World Health Organization,7729A64F-1AF4-4894-B909-A76B9A742491,PP_ORG
44FA7274-B051-468D-A5AA-D726992ED5D8,Public Health Scotland,1290B07B-03C3-484E-A37A-F511FADB0156,PP_ORG
44FA7274-B051-468D-A5AA-D726992ED5D8,SCOTTISH GOVERNMENT,793A0AC0-8E44-4997-9666-F4843CD4B637,PP_ORG
44FA7274-B051-468D-A5AA-D726992ED5D8,The Health Foundation (UK),9F6936FD-7D93-4271-BBC9-E92A4F614DDC,PP_ORG
44FA7274-B051-468D-A5AA-D726992ED5D8,Wellbeing Economy Alliance Scotland,FDA53E4A-2A5C-43E4-A5E4-BD50A2F51052,PP_ORG
44FA7274-B051-468D-A5AA-D726992ED5D8,Public Health Wales NHS Trust,476BD773-9AB1-4ED8-9247-16590CBD3579,PP_ORG
44FA7274-B051-468D-A5AA-D726992ED5D8,"Dept Levelling Up, Housing & Communities",837E27CA-96C0-4C08-8FDA-33EFC94EB229,PP_ORG
44FA7274-B051-468D-A5AA-D726992ED5D8,West Midlands Combined Authority,57B45A71-F897-4DE7-A665-FDC52262418C,PP_ORG
44FA7274-B051-468D-A5AA-D726992ED5D8,Glasgow City Region,A6126BE5-8B01-4EF1-A24F-2070A6F6B6E0,PP_ORG
613A7F27-D703-4A4B-83C5-09E3CA864D27,Cent for Climate Change & Social Transfo,77FC6080-5131-4833-94F2-5FFB5A53A0D2,PP_ORG
613A7F27-D703-4A4B-83C5-09E3CA864D27,Potsdam Institute for Climate Impact Res,8F5E8B51-D647-4941-B8EE-E46F96ADAB56,PP_ORG
613A7F27-D703-4A4B-83C5-09E3CA864D27,"Tyndall Centre, Climate Change Research",39840193-B1E8-428D-9C68-654BB7189327,PP_ORG
0AC1B992-A9A9-4364-BA80-7E69850F616A,Potsdam Institute for Climate Impact Res,8F5E8B51-D647-4941-B8EE-E46F96ADAB56,PP_ORG
0AC1B992-A9A9-4364-BA80-7E69850F616A,"Tyndall Centre, Climate Change Research",39840193-B1E8-428D-9C68-654BB7189327,PP_ORG
0AC1B992-A9A9-4364-BA80-7E69850F616A,Cent for Climate Change & Social Transfo,77FC6080-5131-4833-94F2-5FFB5A53A0D2,PP_ORG
33DCB61E-5287-411B-B1B9-5569CED711E8,Queen's University Belfast,AC2FFEA2-3814-4D76-8E39-2EC43396F324,COLLAB_ORG
33DCB61E-5287-411B-B1B9-5569CED711E8,Capita,235F0664-A5D7-4B69-8FBA-6F53E31DCB46,COLLAB_ORG
33DCB61E-5287-411B-B1B9-5569CED711E8,Gatsby Charitable Foundation,3800BC27-5E94-45F5-B6C6-DF14622392EC,COLLAB_ORG
33DCB61E-5287-411B-B1B9-5569CED711E8,KING'S COLLEGE LONDON,C250D6E3-1555-439F-A0DD-889B0D113D01,COLLAB_ORG
33DCB61E-5287-411B-B1B9-5569CED711E8,Home Office,DEBB83B3-7233-4A7B-9FAE-2767B69C6278,COLLAB_ORG
33DCB61E-5287-411B-B1B9-5569CED711E8,University of Sheffield,4E4B9EA3-A624-4574-B5E3-978276BF15F3,COLLAB_ORG
33DCB61E-5287-411B-B1B9-5569CED711E8,University of Glasgow,F7493102-EBE9-4DE8-9C75-972A816C2F78,COLLAB_ORG
33DCB61E-5287-411B-B1B9-5569CED711E8,Be the Business,A8183D99-7D41-425F-B64E-4359B6664414,COLLAB_ORG
33DCB61E-5287-411B-B1B9-5569CED711E8,Economic Statistics Centre of Excellence,3FE4820C-9020-464D-A960-0EFB18BE29E5,COLLAB_ORG
33DCB61E-5287-411B-B1B9-5569CED711E8,National Institute of Economic and Social Research (NIESR),308E789B-B1A6-4601-B3F7-EDEAFB891A0E,COLLAB_ORG
33DCB61E-5287-411B-B1B9-5569CED711E8,University of Warwick,FC7E22A2-C040-41AD-A3E6-00C702D74F59,COLLAB_ORG
33DCB61E-5287-411B-B1B9-5569CED711E8,University of Cambridge,0CD86CC3-08B6-42CC-96E1-0FB67190B886,COLLAB_ORG
33DCB61E-5287-411B-B1B9-5569CED711E8,Cardiff University,052DE517-F298-4593-869D-03FE4A87442A,COLLAB_ORG
98065E5C-B5DE-41D9-9AD3-E96C398AF0BA,University of Calabar,D86C541D-0CAE-40F5-9AF3-91A372C7E836,COLLAB_ORG
98065E5C-B5DE-41D9-9AD3-E96C398AF0BA,University of Pretoria,A6785099-A4FB-4C07-8C5B-BE5652D783BF,COLLAB_ORG
98065E5C-B5DE-41D9-9AD3-E96C398AF0BA,University of Leeds,022B8FE8-55B9-4215-837E-F5AF0DB4C621,COLLAB_ORG
98065E5C-B5DE-41D9-9AD3-E96C398AF0BA,African Green Growth and Development Forum,D57C5728-0FEA-44AC-BC28-D1682A983256,COLLAB_ORG
98065E5C-B5DE-41D9-9AD3-E96C398AF0BA,University of Lagos,695D0C16-C8B2-4C58-AAAC-4D5F2150CAC8,COLLAB_ORG
98065E5C-B5DE-41D9-9AD3-E96C398AF0BA,University of Zimbabwe,0F48B45E-B1D6-46A7-AC19-00B268DF08FE,COLLAB_ORG
98065E5C-B5DE-41D9-9AD3-E96C398AF0BA,Zimbabwe Diaspora Network UK,3AFC8FB9-0DA7-4DBB-A6A8-6C91A03C5BC2,PP_ORG
98065E5C-B5DE-41D9-9AD3-E96C398AF0BA,Zimbabwe Council of Churches,E0FCD4B0-8646-4C8E-97F1-0B9CFC9F8CB3,PP_ORG
98065E5C-B5DE-41D9-9AD3-E96C398AF0BA,Peace Building and Community Development,D76A03D5-2A75-43AD-8F5D-CE66704DDA47,PP_ORG
98065E5C-B5DE-41D9-9AD3-E96C398AF0BA,Council of African & Caribbean Churches,A3FC891E-590A-42A0-95F0-9027E8692836,PP_ORG
98065E5C-B5DE-41D9-9AD3-E96C398AF0BA,African Assoc for the Study of Religion,18C3D7CE-4C96-4ACB-B709-01049366D7E1,PP_ORG
40CF2C52-B395-44A1-BDB9-20989F0BFC3B,Commonwealth Association of Planners,3E7F267D-34A0-4B03-BAB6-43BDD6D8A4F8,COLLAB_ORG
40CF2C52-B395-44A1-BDB9-20989F0BFC3B,United Nations (UN),F2B1133D-5EFD-4E84-A869-3E896C949297,COLLAB_ORG
40CF2C52-B395-44A1-BDB9-20989F0BFC3B,South African Council for Planners,B8325C82-61B4-4712-8720-EFF04A42A876,COLLAB_ORG
40CF2C52-B395-44A1-BDB9-20989F0BFC3B,Association of Commonwealth Universities,F2E5EA74-D9BF-40C1-8401-0D75779C0334,COLLAB_ORG
40CF2C52-B395-44A1-BDB9-20989F0BFC3B,Royal Town Planning Institute RTPI,6D24C31B-1AE2-4A06-8AAE-117D7FF8BDB4,COLLAB_ORG
1B887EB6-44ED-41B0-A9F5-EF8AE63425D0,Edinburgh Napier University,F821064E-B4C4-4A94-9708-77EB9CDDCE19,COLLAB_ORG
1B887EB6-44ED-41B0-A9F5-EF8AE63425D0,UNIVERSITY OF EDINBURGH,8B595132-049C-4500-A9B6-EE31F57B1B88,COLLAB_ORG
1B887EB6-44ED-41B0-A9F5-EF8AE63425D0,University of Aberdeen,F49E27B0-DF56-44C2-A7AD-DB281CFBB238,COLLAB_ORG
1B887EB6-44ED-41B0-A9F5-EF8AE63425D0,Deakin University,A0EA38CF-AC35-4732-BF0A-A2CCD3E57999,COLLAB_ORG
1B887EB6-44ED-41B0-A9F5-EF8AE63425D0,UNIVERSITY OF BIRMINGHAM,47AC5C0C-6553-4E0E-B591-65899B6059E4,COLLAB_ORG
1B887EB6-44ED-41B0-A9F5-EF8AE63425D0,Peking University,83B6CC4D-B96B-4B2E-A20D-3237BED81C50,COLLAB_ORG
1B887EB6-44ED-41B0-A9F5-EF8AE63425D0,Slimming World,D33A478F-0E7E-4D60-9D83-FCA7ADA5CD36,COLLAB_ORG
1B887EB6-44ED-41B0-A9F5-EF8AE63425D0,NHS Health Scotland,3CC6AE03-3754-47FA-BCB3-60E759F50838,COLLAB_ORG
1B887EB6-44ED-41B0-A9F5-EF8AE63425D0,Nicolae Titulescu University,4064A5C0-0314-4995-B370-C1A6A6B2A6CB,COLLAB_ORG
1B887EB6-44ED-41B0-A9F5-EF8AE63425D0,IMPERIAL COLLEGE HEALTHCARE NHS TRUST,C42C96ED-81B8-4612-A40D-D52FD1A0D14E,COLLAB_ORG
1B887EB6-44ED-41B0-A9F5-EF8AE63425D0,European Healthy Stadia Network,896CCB31-CA9F-4747-8B64-8C5C184F1502,COLLAB_ORG
1B887EB6-44ED-41B0-A9F5-EF8AE63425D0,ROYAL DEVON AND EXETER NHS FOUNDATION TRUST,0DD6C0A9-0494-42B2-9644-A496B9A94D17,COLLAB_ORG
1B887EB6-44ED-41B0-A9F5-EF8AE63425D0,Gadjah Mada University,1BF5A440-E27E-43B3-9E2F-E3E712F8D7C9,COLLAB_ORG
1B887EB6-44ED-41B0-A9F5-EF8AE63425D0,TEESSIDE UNIVERSITY,F6FD3838-6132-4A65-AE25-80F657FC212E,COLLAB_ORG
1B887EB6-44ED-41B0-A9F5-EF8AE63425D0,UNIVERSITY OF EXETER,BCEF4DDE-7EBB-4D97-9C5B-9F277C1FEE13,COLLAB_ORG
1B887EB6-44ED-41B0-A9F5-EF8AE63425D0,UNIVERSITY OF STRATHCLYDE,75B2C02E-38CD-4787-ABBE-459732D1048B,COLLAB_ORG
1B887EB6-44ED-41B0-A9F5-EF8AE63425D0,QUEEN'S UNIVERSITY BELFAST,7E1F5F14-EECB-476A-83FD-A73C0ED1E333,COLLAB_ORG
1B887EB6-44ED-41B0-A9F5-EF8AE63425D0,De La Salle University,F8664CC8-ED82-42AE-8EDA-FF5B0B6F9A98,COLLAB_ORG
1B887EB6-44ED-41B0-A9F5-EF8AE63425D0,NHS Lothian,DCD736F8-C0AF-4DAE-A213-174E3E7E5C38,COLLAB_ORG
680C2946-D08F-41BE-9AD8-D8BD8C847642,GREATER MANCHESTER COMBINED AUTHORITY,8A24BCD2-3B5E-4C43-BCC5-8F6D6509C418,COLLAB_ORG
376FBF1B-905A-470F-B026-9CDFAB443845,Makerere University,5E346677-519E-4220-8DCD-321F67C694D5,COLLAB_ORG
376FBF1B-905A-470F-B026-9CDFAB443845,United Nations (UN),F2B1133D-5EFD-4E84-A869-3E896C949297,COLLAB_ORG
376FBF1B-905A-470F-B026-9CDFAB443845,Community-based Sociotherapy Rwanda,ED415641-0000-4CF8-BC31-118E5ED15124,COLLAB_ORG
376FBF1B-905A-470F-B026-9CDFAB443845,University of Glasgow,F7493102-EBE9-4DE8-9C75-972A816C2F78,COLLAB_ORG
376FBF1B-905A-470F-B026-9CDFAB443845,Humanitarian Initiative Just Relief Aid,9CA4D06E-4738-4C50-AFFF-BA2273349BDD,COLLAB_ORG
376FBF1B-905A-470F-B026-9CDFAB443845,University of Rwanda,97A21878-FD4B-411F-B06E-30081C1D0E73,COLLAB_ORG
F43E09C3-536E-4A6B-BE82-184E2873B37A,University of Glasgow,F7493102-EBE9-4DE8-9C75-972A816C2F78,COLLAB_ORG
F43E09C3-536E-4A6B-BE82-184E2873B37A,National Institute of Economic and Social Research (NIESR),308E789B-B1A6-4601-B3F7-EDEAFB891A0E,COLLAB_ORG
F43E09C3-536E-4A6B-BE82-184E2873B37A,The Smith Institute,672CC572-7146-414E-8635-C5B398B64082,COLLAB_ORG
F43E09C3-536E-4A6B-BE82-184E2873B37A,UNIVERSITY OF READING,F5256FFE-0562-4BDC-9561-EAEF93803C3F,COLLAB_ORG
F43E09C3-536E-4A6B-BE82-184E2873B37A,University Of New South Wales,8F531D4A-B96C-415D-B52A-19A3BC7ACEBB,COLLAB_ORG
F43E09C3-536E-4A6B-BE82-184E2873B37A,Housing Studies Association,37075516-FC1F-4838-B0E0-1A6561DCA606,COLLAB_ORG
F43E09C3-536E-4A6B-BE82-184E2873B37A,Scottish Parliament,E85631D2-62C7-4519-B04A-93E7BC680956,COLLAB_ORG
F43E09C3-536E-4A6B-BE82-184E2873B37A,University of Sydney,252A1A8A-5E3E-419C-A4A7-A7BEEA8473BF,COLLAB_ORG
F43E09C3-536E-4A6B-BE82-184E2873B37A,Centre for Homelessness Impact,9C1D4AAD-B3D7-4609-BC6A-4B4E6C35DDE6,COLLAB_ORG
F43E09C3-536E-4A6B-BE82-184E2873B37A,Northern Housing Consortium,E200A68C-D686-4E60-AA18-E571A2823F25,COLLAB_ORG
F43E09C3-536E-4A6B-BE82-184E2873B37A,Chartered Institute of Housing,8E75E4DF-0507-4A56-9F8E-27B11518C454,COLLAB_ORG
F43E09C3-536E-4A6B-BE82-184E2873B37A,Edge Hill University,F84360A7-6AE7-4A01-98BA-859D5203CDFE,COLLAB_ORG
F43E09C3-536E-4A6B-BE82-184E2873B37A,Dublin City Council,002F0172-9A5A-41FD-A44E-FC4D883B41FB,COLLAB_ORG
F43E09C3-536E-4A6B-BE82-184E2873B37A,Housing Quality Network,979FB138-9C3D-459F-8B62-21567C985CCC,COLLAB_ORG
F43E09C3-536E-4A6B-BE82-184E2873B37A,University of South Australia,45BD0B29-6751-481B-9406-E3E0C1804A66,COLLAB_ORG
F43E09C3-536E-4A6B-BE82-184E2873B37A,Architecture and Design Scotland,28EC261E-FD07-4A79-8D5D-9519D8222FB9,PP_ORG
F43E09C3-536E-4A6B-BE82-184E2873B37A,Design Council,2A6A4232-CA92-4122-8C55-1D25AFFFB72D,PP_ORG
F43E09C3-536E-4A6B-BE82-184E2873B37A,University of Bristol,25335D80-2025-4154-989F-37646A6EFBE1,PP_ORG
F43E09C3-536E-4A6B-BE82-184E2873B37A,HQN Ltd,C9D2998C-D0F5-4234-875C-17810102D5E3,PP_ORG
F43E09C3-536E-4A6B-BE82-184E2873B37A,Northern Ireland Housing Executive,AC1FE881-EC16-476D-AB06-0827C65F65B9,PP_ORG
F43E09C3-536E-4A6B-BE82-184E2873B37A,Rightmove PLC,9B826018-7226-45D4-8945-0D925D673802,PP_ORG
F43E09C3-536E-4A6B-BE82-184E2873B37A,CARDIFF UNIVERSITY,B6A72C78-DBF1-4AA9-AC36-8685636DFB7A,PP_ORG
F43E09C3-536E-4A6B-BE82-184E2873B37A,WELSH GOVERNMENT,EE88CE26-91C8-485D-84AD-492A2858ED13,PP_ORG
F43E09C3-536E-4A6B-BE82-184E2873B37A,University of Sheffield,074A2A54-B14B-46AF-80E1-D1024F02ED46,PP_ORG
F43E09C3-536E-4A6B-BE82-184E2873B37A,University of Essex,09E8DBA6-A48F-43C3-AB86-C73A2666B10E,PP_ORG
F43E09C3-536E-4A6B-BE82-184E2873B37A,Administrative Data Research Network,74044EA4-C163-4506-8FAC-8391D8059594,PP_ORG
F43E09C3-536E-4A6B-BE82-184E2873B37A,National Housing Federation,3DD892D2-83D3-4E92-8125-E623A16D653D,PP_ORG
F43E09C3-536E-4A6B-BE82-184E2873B37A,What Works Scotland,74B62A21-BD21-4D61-894D-15A1251C4EF4,PP_ORG
F43E09C3-536E-4A6B-BE82-184E2873B37A,Crisis,F7CA4BA4-36C9-496F-8540-AEC8D0826D64,PP_ORG
F43E09C3-536E-4A6B-BE82-184E2873B37A,Sheffield Hallam University,CF208AA9-76BC-4ACD-90C7-90E73C2D0105,PP_ORG
F43E09C3-536E-4A6B-BE82-184E2873B37A,UOG - Urban Big Data Centre,810656F7-5FC9-4E78-9740-7A42D2E6BF33,PP_ORG
F43E09C3-536E-4A6B-BE82-184E2873B37A,Royal Town Planning Institute,202C28FF-8AD8-49B6-855A-6D573A7AC6F1,PP_ORG
F43E09C3-536E-4A6B-BE82-184E2873B37A,Public Policy Institute for Wales,D806F079-5CE9-4574-8D6B-FB7B3152177B,PP_ORG
F43E09C3-536E-4A6B-BE82-184E2873B37A,University of Ulster,4F8BD96C-4A76-49DE-8C25-D6B666F930BA,PP_ORG
F43E09C3-536E-4A6B-BE82-184E2873B37A,White Rose University Consortium,6D4F13D2-EA0C-4CFC-B992-5B60E6064FED,PP_ORG
F43E09C3-536E-4A6B-BE82-184E2873B37A,WISERD,669E1E2B-876D-4B3C-A5FB-1C0D0CEE8ED0,PP_ORG
F43E09C3-536E-4A6B-BE82-184E2873B37A,New Economics Foundation,8DC9FA9B-F683-4E3F-B593-08596F2C5424,PP_ORG
F43E09C3-536E-4A6B-BE82-184E2873B37A,National Centre for Social Research (NatCen),D35C562D-7488-4C73-BF7D-358C14C21137,PP_ORG
F43E09C3-536E-4A6B-BE82-184E2873B37A,Rettie & Co,DBDDDB04-B138-4938-ADDC-A25ACCA3A2B2,PP_ORG
F43E09C3-536E-4A6B-BE82-184E2873B37A,Chartered Institute of Housing,8E75E4DF-0507-4A56-9F8E-27B11518C454,PP_ORG
F43E09C3-536E-4A6B-BE82-184E2873B37A,Shelter,B906119A-C5AB-47FC-B4DD-0AA1D95F655A,PP_ORG
F43E09C3-536E-4A6B-BE82-184E2873B37A,National Institute of Economic and Social Research,3D43E3EB-23B2-45FE-BE89-4981CEB5BD16,PP_ORG
F43E09C3-536E-4A6B-BE82-184E2873B37A,UNIVERSITY OF READING,F5256FFE-0562-4BDC-9561-EAEF93803C3F,PP_ORG
F43E09C3-536E-4A6B-BE82-184E2873B37A,Wheatley Group,70A327A3-5937-407A-A7A6-11118FEC4078,PP_ORG
F43E09C3-536E-4A6B-BE82-184E2873B37A,SCOTTISH GOVERNMENT,793A0AC0-8E44-4997-9666-F4843CD4B637,PP_ORG
F43E09C3-536E-4A6B-BE82-184E2873B37A,Heriot-Watt University,DFD42657-A23D-4644-905A-3470AF0836EC,PP_ORG
F43E09C3-536E-4A6B-BE82-184E2873B37A,University of Salford,1A325CA9-0575-4F4C-A86B-E9EB3C64BEA3,PP_ORG
F43E09C3-536E-4A6B-BE82-184E2873B37A,BRE Scotland,B06C455A-51B8-41AF-B65B-2D7D2AE44E3C,PP_ORG
B443C42D-9F99-4D75-BFEF-8ED69DDF7652,Government of Scotland,8AD011CE-BA40-4A2F-B5BB-57DE53089CBE,COLLAB_ORG
B443C42D-9F99-4D75-BFEF-8ED69DDF7652,Department for Communities and Local Government,CEE10C22-DD6A-43A5-A6D0-86F308869F8C,COLLAB_ORG
B443C42D-9F99-4D75-BFEF-8ED69DDF7652,Chartered Institute of Housing,8E75E4DF-0507-4A56-9F8E-27B11518C454,PP_ORG
B443C42D-9F99-4D75-BFEF-8ED69DDF7652,University of Sheffield,074A2A54-B14B-46AF-80E1-D1024F02ED46,PP_ORG
033D404D-112A-4D15-9A9D-10BA67AA495B,American Planning Association,5194014E-C0DF-4F6B-81C8-834CC172343F,PP_ORG
033D404D-112A-4D15-9A9D-10BA67AA495B,University at Buffalo (SUNY),E0BCAC72-E651-4BAE-8125-D96B4B72DB87,PP_ORG
033D404D-112A-4D15-9A9D-10BA67AA495B,BELFAST CITY COUNCIL,62970A3A-DF30-4EE7-A4A4-CE37F5A5A2A0,PP_ORG
033D404D-112A-4D15-9A9D-10BA67AA495B,Living Streets,595E1B5D-7395-4855-AFEC-1E3E7CD00E19,PP_ORG
033D404D-112A-4D15-9A9D-10BA67AA495B,Architecture and Design Scotland,28EC261E-FD07-4A79-8D5D-9519D8222FB9,PP_ORG
033D404D-112A-4D15-9A9D-10BA67AA495B,Canadian Housing Evidence Collaborative,D7557A03-CE3A-4B9E-825B-003A13391026,PP_ORG
033D404D-112A-4D15-9A9D-10BA67AA495B,Chartered Institute of Housing,8E75E4DF-0507-4A56-9F8E-27B11518C454,PP_ORG
033D404D-112A-4D15-9A9D-10BA67AA495B,TOWN AND COUNTRY PLANNING ASSOCIATION,933363C3-34FD-4BFF-AD28-4F1428BC55F1,PP_ORG
033D404D-112A-4D15-9A9D-10BA67AA495B,Tobii Dynavox,EF5BA5A1-1F9A-413E-8EB3-528521BFB301,PP_ORG
033D404D-112A-4D15-9A9D-10BA67AA495B,Canadian Institute of Planners,813CE266-952B-4122-857F-D029F9855AAA,PP_ORG
033D404D-112A-4D15-9A9D-10BA67AA495B,Core Cities UK,7DFE09E6-775F-455F-AB2E-4E130CAFB419,PP_ORG
033D404D-112A-4D15-9A9D-10BA67AA495B,Cardiff Council,3DEA6CD2-A430-44D5-9EB1-030356CC2D6B,PP_ORG
033D404D-112A-4D15-9A9D-10BA67AA495B,One Voice Wales,48730A51-1EE7-4C5B-9442-57972CCF4232,PP_ORG
033D404D-112A-4D15-9A9D-10BA67AA495B,Homes for Scotland,8D57D08F-E444-46BB-8C40-E93538CE9719,PP_ORG
033D404D-112A-4D15-9A9D-10BA67AA495B,Planning Democracy,FE006F58-88C3-40CF-A595-4FCDB3D8A21F,PP_ORG
033D404D-112A-4D15-9A9D-10BA67AA495B,Sheffield City Council,59D45900-858B-4A1D-866C-81E474000838,PP_ORG
033D404D-112A-4D15-9A9D-10BA67AA495B,International Society of City and Region,35D51B7C-B270-4BEE-B20A-CEE807FF8C4C,PP_ORG
033D404D-112A-4D15-9A9D-10BA67AA495B,UOG - Urban Big Data Centre,810656F7-5FC9-4E78-9740-7A42D2E6BF33,PP_ORG
033D404D-112A-4D15-9A9D-10BA67AA495B,Planning Institute of Australia,9F5FDB1F-9084-49F5-847D-0274D9F8A6DC,PP_ORG
033D404D-112A-4D15-9A9D-10BA67AA495B,Glasgow City Council,B22ED118-C8F6-4E06-AC5E-ABB7FE97A6D1,PP_ORG
033D404D-112A-4D15-9A9D-10BA67AA495B,Royal Institution of Chartered Surveyors,AEFBC5C2-76DD-499F-90BD-EA88A0740A8D,PP_ORG
033D404D-112A-4D15-9A9D-10BA67AA495B,Bristol City Council,FB221270-2074-45C2-985D-F08745B1C046,PP_ORG
033D404D-112A-4D15-9A9D-10BA67AA495B,Australian Housing & Urban Research Inst,0FF1434F-9EB7-4813-A056-311B131A7E8F,PP_ORG
033D404D-112A-4D15-9A9D-10BA67AA495B,Chiang Mai University,6DE9007D-BE25-4756-B9D6-A5CD6D2C03B1,PP_ORG
033D404D-112A-4D15-9A9D-10BA67AA495B,Community Places,428B20FA-F757-4878-9275-C06256B41C91,PP_ORG
033D404D-112A-4D15-9A9D-10BA67AA495B,Royal Town Planning Institute,202C28FF-8AD8-49B6-855A-6D573A7AC6F1,PP_ORG
033D404D-112A-4D15-9A9D-10BA67AA495B,Design Commission for Wales (DCFW Ltd),8E550DFF-E5D1-4B44-9150-D68A40E49F0D,PP_ORG
4B2C424E-6037-42F9-88FC-752FC35DDA68,E-Money Brazil Institute,E7127043-AFD5-4DA8-A06E-1F4BE8F529CF,COLLAB_ORG
4B2C424E-6037-42F9-88FC-752FC35DDA68,Solidarity Committee,9F6F9B13-D93C-4F19-95E5-4C3E33B05A43,COLLAB_ORG
4B2C424E-6037-42F9-88FC-752FC35DDA68,University of Antioquia,9259F7E1-761A-46E0-BA42-D8BB3525FABF,COLLAB_ORG
4B2C424E-6037-42F9-88FC-752FC35DDA68,Administrative Department of Disaster Risk Management (DAGRD),6678165B-9235-4C17-ABAF-65223D134325,COLLAB_ORG
4B2C424E-6037-42F9-88FC-752FC35DDA68,British Geological Survey,C6603C8D-48A6-4367-B5DA-56279200E0C0,COLLAB_ORG
4B2C424E-6037-42F9-88FC-752FC35DDA68,University of Warwick,FC7E22A2-C040-41AD-A3E6-00C702D74F59,COLLAB_ORG
4B2C424E-6037-42F9-88FC-752FC35DDA68,University of Pernambuco,6197AC62-CBCF-43AB-A887-9DE5EC535D41,COLLAB_ORG
4B2C424E-6037-42F9-88FC-752FC35DDA68,University Institution Greater School of Antioquia,FFA4F9BD-8A6E-4122-B8AB-F2C75AE5AE84,COLLAB_ORG
4B2C424E-6037-42F9-88FC-752FC35DDA68,Banco Preventório,D5443697-FAB2-4373-A893-54EE1EB2752D,COLLAB_ORG
4B2C424E-6037-42F9-88FC-752FC35DDA68,UN Habitat Global Urban Observatory,6884CCFD-DDFC-4E8E-9F2E-8E81B053A730,COLLAB_ORG
4B2C424E-6037-42F9-88FC-752FC35DDA68,Ruta N,89F04B9E-46FC-4C9D-9480-5F5022330FDD,COLLAB_ORG
4B2C424E-6037-42F9-88FC-752FC35DDA68,Federal University of Rio de Janeiro,3E46222A-3F53-446D-A303-243C5818A78E,COLLAB_ORG
4B2C424E-6037-42F9-88FC-752FC35DDA68,El Pacífico Community Action and Recovery Working Group,5859479E-86F3-4B76-B26A-2BEE55B7B3AA,COLLAB_ORG
4B2C424E-6037-42F9-88FC-752FC35DDA68,Autonomous Latin American University,47817A02-9407-4C55-89CB-57B801B5AC9F,COLLAB_ORG
5EA83C48-3AA0-49A2-B6CF-CE1517A4042E,World Health Organization (WHO),B6A22884-C95E-4FBC-BA9E-CF4F59926ADE,COLLAB_ORG
B3FF4351-2AFE-4440-A038-E3B1481D305B,UNIVERSITY OF MANCHESTER,F10C1DB7-8352-4B5E-9B34-CCB71D5C6AC5,COLLAB_ORG
B3FF4351-2AFE-4440-A038-E3B1481D305B,University of Arizona,1D69D582-26C4-4ABF-8FD7-07DD104CCAFB,COLLAB_ORG
B691537D-C50B-485F-A1D1-151516E4A597,Wellcome Genome Campus,086CBF1A-353C-4006-B7B5-6352FA5F4648,COLLAB_ORG
B691537D-C50B-485F-A1D1-151516E4A597,Cancer Research UK Cambridge Institute,87437BC1-96E8-4DE9-8813-3A951DA04B96,COLLAB_ORG
9FFFDEFF-7669-4424-B122-44F46CBED0C3,Code the City,F45168E2-8C7A-4E0C-8964-3A8A40AECCA0,COLLAB_ORG
9FFFDEFF-7669-4424-B122-44F46CBED0C3,Tongji University,1994D884-47D3-4093-99AD-5D3D1002357F,COLLAB_ORG
9FFFDEFF-7669-4424-B122-44F46CBED0C3,South Tyneside Council,9665BA9B-00BF-4970-9381-7D960CE17A30,COLLAB_ORG
9FFFDEFF-7669-4424-B122-44F46CBED0C3,Ohio State University,CCF0AA15-0A67-4BE9-BF38-AD3040F50F93,COLLAB_ORG
9FFFDEFF-7669-4424-B122-44F46CBED0C3,Scottish Cities Alliance,CF8D1E9E-747C-4BE7-A933-138D1B0FE625,COLLAB_ORG
9FFFDEFF-7669-4424-B122-44F46CBED0C3,Universities and Colleges Admissions Service,F506B519-6B00-483C-8C9C-721CFD023463,COLLAB_ORG
9FFFDEFF-7669-4424-B122-44F46CBED0C3,General Teaching Council for Scotland,26195ECA-8568-4315-94C0-A97C5309F4CA,COLLAB_ORG
9FFFDEFF-7669-4424-B122-44F46CBED0C3,Adzuna,4C59813A-C246-491A-9676-CD3F3B9C8846,COLLAB_ORG
9FFFDEFF-7669-4424-B122-44F46CBED0C3,World Meteorological Organization,B1B25C2D-9F86-47D6-8C51-88216B18D18A,COLLAB_ORG
9FFFDEFF-7669-4424-B122-44F46CBED0C3,Western Norway University of Applied Sciences,CBA84880-922D-4E14-9C95-7CB4D39B759C,COLLAB_ORG
9FFFDEFF-7669-4424-B122-44F46CBED0C3,Strathclyde Partnership for Transport,9155BB77-FD4A-406D-8E19-A51B174CEAE1,COLLAB_ORG
9FFFDEFF-7669-4424-B122-44F46CBED0C3,University of Melbourne,C62A5A29-CA02-4F27-BF61-29902262B053,COLLAB_ORG
9FFFDEFF-7669-4424-B122-44F46CBED0C3,CITY OF EDINBURGH COUNCIL,0E020403-F961-4841-BF92-248111AFD11F,COLLAB_ORG
9FFFDEFF-7669-4424-B122-44F46CBED0C3,Norwegian School of Economics,00E6AE93-48B5-4E5E-971F-E41C3FBE1954,COLLAB_ORG
9FFFDEFF-7669-4424-B122-44F46CBED0C3,Ordnance Survey,169ACC76-ECFD-42F4-B01F-03BC971A2F83,COLLAB_ORG
9FFFDEFF-7669-4424-B122-44F46CBED0C3,University of Stirling,55B05662-459D-43FB-B005-51DBDE1F3ECD,COLLAB_ORG
9FFFDEFF-7669-4424-B122-44F46CBED0C3,Sustrans,08D8F0A2-13FC-4707-9151-BBAD5C37AEE9,COLLAB_ORG
9FFFDEFF-7669-4424-B122-44F46CBED0C3,Renfrewshire Council,64B4C15D-614C-4C84-9196-9257D3ABACFE,COLLAB_ORG
9FFFDEFF-7669-4424-B122-44F46CBED0C3,Lothian Valuation Joint Board,F7F05183-BE9B-4D27-924E-A1C75AF31583,COLLAB_ORG
9FFFDEFF-7669-4424-B122-44F46CBED0C3,NHS National Services Scotland (NSS),6880A40D-8EFF-44C8-8D36-A8FF92C3A72C,COLLAB_ORG
9FFFDEFF-7669-4424-B122-44F46CBED0C3,Higher Education Statistical Agency,16302BB7-378F-487F-853A-75C748055D6F,COLLAB_ORG
9FFFDEFF-7669-4424-B122-44F46CBED0C3,Locomizer,ABE2EB2A-861F-490C-B047-9DD84D10EC58,COLLAB_ORG
9FFFDEFF-7669-4424-B122-44F46CBED0C3,Huq Industries Limited,EDDBD8DE-5623-4D66-9C0B-D4CAB91A85EF,COLLAB_ORG
9FFFDEFF-7669-4424-B122-44F46CBED0C3,FixMyStreet,DDDA4269-0EA1-45BD-9C34-59A9B1103181,COLLAB_ORG
9FFFDEFF-7669-4424-B122-44F46CBED0C3,Government of Wales,D2A6DC0B-42D3-4F5B-A311-A580056AF208,COLLAB_ORG
9FFFDEFF-7669-4424-B122-44F46CBED0C3,British Standards Institute (BSI Group),462D38CA-FE5C-48C1-816F-94ABA1943C36,COLLAB_ORG
9FFFDEFF-7669-4424-B122-44F46CBED0C3,Lokku Limited,1EC5C4F9-68EF-4941-804A-C35D829EC80A,COLLAB_ORG
9FFFDEFF-7669-4424-B122-44F46CBED0C3,Bike Citizens,4BF66D39-A5B4-4986-8DB6-0BAC6346501A,COLLAB_ORG
9FFFDEFF-7669-4424-B122-44F46CBED0C3,University of Seoul,582AFEA4-55E0-4AF6-A63F-5F995FEF6E07,COLLAB_ORG
9FFFDEFF-7669-4424-B122-44F46CBED0C3,The Data Lab - Innovation Centre,4C2520E8-B6BD-4204-B5F5-9F940642E901,COLLAB_ORG
9FFFDEFF-7669-4424-B122-44F46CBED0C3,Department for Communities and Local Government,CEE10C22-DD6A-43A5-A6D0-86F308869F8C,COLLAB_ORG
9FFFDEFF-7669-4424-B122-44F46CBED0C3,UNIVERSITY OF EDINBURGH,A3776632-317E-48F5-96F1-83866E7BDFD8,COLLAB_ORG
9FFFDEFF-7669-4424-B122-44F46CBED0C3,British Red Cross,92A1249B-D464-4740-BD30-A3DA89F4CAB9,COLLAB_ORG
9FFFDEFF-7669-4424-B122-44F46CBED0C3,Scottish Power Ltd,93DF1888-80B8-4294-9715-A6C9B3E3D22B,COLLAB_ORG
9FFFDEFF-7669-4424-B122-44F46CBED0C3,North Lanarkshire Council,14328A75-E45B-4C1F-BB14-7F89356C3B97,COLLAB_ORG
9FFFDEFF-7669-4424-B122-44F46CBED0C3,Wikimedia UK,DD3C4C1A-AA73-45CA-94F2-376D37B81F4F,COLLAB_ORG
9FFFDEFF-7669-4424-B122-44F46CBED0C3,Uber Technologies Inc.,2A717332-F86D-4889-88B1-CBF718FA1005,COLLAB_ORG
9FFFDEFF-7669-4424-B122-44F46CBED0C3,Information Services Division (ISD),85115B71-493A-404D-A1E5-650604F104E2,COLLAB_ORG
9FFFDEFF-7669-4424-B122-44F46CBED0C3,Statistics Netherlands,A182DF09-B91E-4F44-B9E9-489F077CC68B,COLLAB_ORG
9FFFDEFF-7669-4424-B122-44F46CBED0C3,University of St Andrews,09D41C19-6E04-4937-902C-C3CD52E0683F,COLLAB_ORG
9FFFDEFF-7669-4424-B122-44F46CBED0C3,Bluesky International,C12B2914-DB13-4BFF-A216-1993438DABAB,COLLAB_ORG
9FFFDEFF-7669-4424-B122-44F46CBED0C3,Economic and Social Research Council,C30E5C2B-7EF3-4CD8-9552-372DE335A956,COLLAB_ORG
9FFFDEFF-7669-4424-B122-44F46CBED0C3,Cycling Scotland,DFECC33B-6155-4F75-8050-D2BCA26EE097,COLLAB_ORG
9FFFDEFF-7669-4424-B122-44F46CBED0C3,Scottish Parliament,E85631D2-62C7-4519-B04A-93E7BC680956,COLLAB_ORG
9FFFDEFF-7669-4424-B122-44F46CBED0C3,Government of Scotland,8AD011CE-BA40-4A2F-B5BB-57DE53089CBE,COLLAB_ORG
9FFFDEFF-7669-4424-B122-44F46CBED0C3,Lumiere Property,72159F32-4B49-4A39-A895-DEDC952D8645,COLLAB_ORG
9FFFDEFF-7669-4424-B122-44F46CBED0C3,Aberdeen City Council,7ED73A50-A205-49E0-A635-2CB09B1555E3,COLLAB_ORG
9FFFDEFF-7669-4424-B122-44F46CBED0C3,Glasgow City Council,B22ED118-C8F6-4E06-AC5E-ABB7FE97A6D1,COLLAB_ORG
9FFFDEFF-7669-4424-B122-44F46CBED0C3,Administrative Data Research Centre for Scotland,8B2D7D82-4D55-40D2-8A8F-E0B44C704609,COLLAB_ORG
9FFFDEFF-7669-4424-B122-44F46CBED0C3,European Commission,BB2EE66B-2187-4D36-9CE4-1964B921B5C9,COLLAB_ORG
9FFFDEFF-7669-4424-B122-44F46CBED0C3,Zoopla Property Group Ltd,B11DD0B1-D930-4277-A80C-981340650986,COLLAB_ORG
9FFFDEFF-7669-4424-B122-44F46CBED0C3,"OAI, Inc",7297E37C-9879-432E-B1B6-B24E7EFBEDCF,COLLAB_ORG
9FFFDEFF-7669-4424-B122-44F46CBED0C3,Learning Cities Networks (LCN),F20F6DE6-3BC3-4CD2-9BAD-3824B03C3E17,COLLAB_ORG
9FFFDEFF-7669-4424-B122-44F46CBED0C3,OFFICE FOR NATIONAL STATISTICS,22484416-275D-469D-96D3-B85F5911540B,COLLAB_ORG
9FFFDEFF-7669-4424-B122-44F46CBED0C3,University of Westminster,AC79A42B-D8B9-4F4D-A43D-896277510909,COLLAB_ORG
9FFFDEFF-7669-4424-B122-44F46CBED0C3,Improvement Service,FE0A0D92-04C9-4A70-9B34-F6D90A4B3594,COLLAB_ORG
9FFFDEFF-7669-4424-B122-44F46CBED0C3,Farr Institute of Health Informatics Research,AB34D6FC-56CF-486A-A471-DBC0199956B4,COLLAB_ORG
9FFFDEFF-7669-4424-B122-44F46CBED0C3,Purdue University,6DDD2B12-C964-44D7-BAF2-92E5DF8E95EC,COLLAB_ORG
9FFFDEFF-7669-4424-B122-44F46CBED0C3,University of Wroclaw,F8362B14-9A0C-4179-AE8C-A83AA6DADFA0,COLLAB_ORG
9FFFDEFF-7669-4424-B122-44F46CBED0C3,Wroclaw University of Environmental and Life Sciences,9BCB8BF2-25AE-447B-9F29-2F3ECB8865B3,COLLAB_ORG
9FFFDEFF-7669-4424-B122-44F46CBED0C3,Scotland's Towns Partnership,823ECFBF-B84F-45C3-A19B-225C9111B635,COLLAB_ORG
9FFFDEFF-7669-4424-B122-44F46CBED0C3,University College London,3A4648E7-8DF3-41A1-B2BB-0471493665E7,COLLAB_ORG
9FFFDEFF-7669-4424-B122-44F46CBED0C3,CREATe (RCUK Centre for Copyright and New Business Models in the Creative Economy),6B2E2826-187E-4F08-AD45-475E5A5748EE,COLLAB_ORG
9FFFDEFF-7669-4424-B122-44F46CBED0C3,Iowa State University,5F968F80-90DE-4AD1-A94E-52BD759C19A2,COLLAB_ORG
9FFFDEFF-7669-4424-B122-44F46CBED0C3,Western University,4890A3AE-DF3A-4F4D-A8FB-33436E72A389,COLLAB_ORG
9FFFDEFF-7669-4424-B122-44F46CBED0C3,ScotRail Railways Limited,73A19F32-0CA1-4D6A-AE20-76FC1EE56204,COLLAB_ORG
9FFFDEFF-7669-4424-B122-44F46CBED0C3,Korea Advanced Institute of Science and Technology (KAIST),B5DCA993-7C7F-4D8D-9A3B-A43D28060FA2,COLLAB_ORG
9FFFDEFF-7669-4424-B122-44F46CBED0C3,Transport Scotland,D900DB0B-87F8-488B-B75F-2A5039E3A17B,COLLAB_ORG
9FFFDEFF-7669-4424-B122-44F46CBED0C3,Institute of Transport Economics (Norway),AC5D84E7-EE3E-455D-B2F4-91FC0AC40C51,COLLAB_ORG
9FFFDEFF-7669-4424-B122-44F46CBED0C3,British Geological Survey,C6603C8D-48A6-4367-B5DA-56279200E0C0,COLLAB_ORG
9FFFDEFF-7669-4424-B122-44F46CBED0C3,Arizona State University,77100F5B-81DD-4CF5-8DB4-B81E2F2830F6,COLLAB_ORG
9FFFDEFF-7669-4424-B122-44F46CBED0C3,Salvation Army,A4866060-2D84-45A5-90ED-34C33A2DD437,COLLAB_ORG
9FFFDEFF-7669-4424-B122-44F46CBED0C3,Registers of Scotland,B3DC4463-CCEC-4FDA-8A19-2245AD774B3E,COLLAB_ORG
9FFFDEFF-7669-4424-B122-44F46CBED0C3,Essex County Council,64554126-A24C-459F-AB6A-D3BC941EC474,COLLAB_ORG
9FFFDEFF-7669-4424-B122-44F46CBED0C3,TAMOCO LIMITED,0112B38C-6A5B-45CB-9743-1CCCE7B5B0D5,COLLAB_ORG
9FFFDEFF-7669-4424-B122-44F46CBED0C3,Fab Lab Barcelona,80DE1770-42FF-4661-A716-2AF67AAC82AC,COLLAB_ORG
9FFFDEFF-7669-4424-B122-44F46CBED0C3,Burning Glass Technologies,A409FFD7-2C32-46BC-B25E-2F6BB3557095,COLLAB_ORG
9FFFDEFF-7669-4424-B122-44F46CBED0C3,Renfreshire Council,F6ED6E20-A72C-4500-8316-9CAC334E1DDB,COLLAB_ORG
9FFFDEFF-7669-4424-B122-44F46CBED0C3,NHS Greater Glasgow and Clyde (NHSGGC),3EDFAD4A-7C6F-48F6-AD05-23249B3118B8,COLLAB_ORG
9FFFDEFF-7669-4424-B122-44F46CBED0C3,"Strava, Inc",4893CC81-3220-4309-A104-B66D20118783,COLLAB_ORG
9FFFDEFF-7669-4424-B122-44F46CBED0C3,Springboard,72182F6F-7F4C-40AB-9709-72D7E855088D,COLLAB_ORG
9FFFDEFF-7669-4424-B122-44F46CBED0C3,Experian,EB0B4CA0-F51B-4AED-B030-88C60882975B,COLLAB_ORG
9FFFDEFF-7669-4424-B122-44F46CBED0C3,Meteorological Office UK,DFEC10C1-1EF4-44FA-8D39-BF7FDBE6AF95,COLLAB_ORG
9FFFDEFF-7669-4424-B122-44F46CBED0C3,Cabinet Office,8FFE9D69-BF03-4480-9F8C-2B8E04268F24,COLLAB_ORG
B8573536-7F38-4823-AA9D-F7C729F18BF4,Institute of Transport Economics (Norway),AC5D84E7-EE3E-455D-B2F4-91FC0AC40C51,COLLAB_ORG
B8573536-7F38-4823-AA9D-F7C729F18BF4,Fab Lab Barcelona,80DE1770-42FF-4661-A716-2AF67AAC82AC,COLLAB_ORG
B8573536-7F38-4823-AA9D-F7C729F18BF4,Improvement Service,FE0A0D92-04C9-4A70-9B34-F6D90A4B3594,COLLAB_ORG
B8573536-7F38-4823-AA9D-F7C729F18BF4,Glasgow City Council,B22ED118-C8F6-4E06-AC5E-ABB7FE97A6D1,COLLAB_ORG
B8573536-7F38-4823-AA9D-F7C729F18BF4,Bike Citizens,4BF66D39-A5B4-4986-8DB6-0BAC6346501A,COLLAB_ORG
B8573536-7F38-4823-AA9D-F7C729F18BF4,Sustrans,08D8F0A2-13FC-4707-9151-BBAD5C37AEE9,COLLAB_ORG
B8573536-7F38-4823-AA9D-F7C729F18BF4,University of Seoul,582AFEA4-55E0-4AF6-A63F-5F995FEF6E07,COLLAB_ORG
B8573536-7F38-4823-AA9D-F7C729F18BF4,Korea Advanced Institute of Science and Technology (KAIST),B5DCA993-7C7F-4D8D-9A3B-A43D28060FA2,COLLAB_ORG
B8573536-7F38-4823-AA9D-F7C729F18BF4,Government of Scotland,8AD011CE-BA40-4A2F-B5BB-57DE53089CBE,COLLAB_ORG
B8573536-7F38-4823-AA9D-F7C729F18BF4,Cabinet Office,8FFE9D69-BF03-4480-9F8C-2B8E04268F24,COLLAB_ORG
B8573536-7F38-4823-AA9D-F7C729F18BF4,British Council,2D07436E-80DD-4603-9F7B-76467D2DF348,COLLAB_ORG
B8573536-7F38-4823-AA9D-F7C729F18BF4,Adzuna,4C59813A-C246-491A-9676-CD3F3B9C8846,COLLAB_ORG
B8573536-7F38-4823-AA9D-F7C729F18BF4,Ordnance Survey,169ACC76-ECFD-42F4-B01F-03BC971A2F83,COLLAB_ORG
B8573536-7F38-4823-AA9D-F7C729F18BF4,University of Portsmouth,499E327C-2609-47FF-AA31-390536E3BD60,COLLAB_ORG
B8573536-7F38-4823-AA9D-F7C729F18BF4,Institute of Occupational Medicine (IOM),81E9E4FD-D1DF-4F73-8C81-7306BC7C0D11,COLLAB_ORG
B8573536-7F38-4823-AA9D-F7C729F18BF4,Medical Research Council (MRC),6F45D93C-8B52-474D-A3BC-7317843572B1,COLLAB_ORG
B8573536-7F38-4823-AA9D-F7C729F18BF4,Norwegian School of Economics,87944D22-CC21-46C3-A4DE-B74AF5E094E9,COLLAB_ORG
B8573536-7F38-4823-AA9D-F7C729F18BF4,Cycling Scotland,DFECC33B-6155-4F75-8050-D2BCA26EE097,COLLAB_ORG
B8573536-7F38-4823-AA9D-F7C729F18BF4,Locomizer,1CF44135-1CCF-4A4E-8A7C-94E16179135E,COLLAB_ORG
B8573536-7F38-4823-AA9D-F7C729F18BF4,Salvation Army,A4866060-2D84-45A5-90ED-34C33A2DD437,COLLAB_ORG
B8573536-7F38-4823-AA9D-F7C729F18BF4,Tamoco Limited,D03E9482-D61B-4588-A0F2-F0148C39F1C7,COLLAB_ORG
B8573536-7F38-4823-AA9D-F7C729F18BF4,Lumiere Property,72159F32-4B49-4A39-A895-DEDC952D8645,COLLAB_ORG
B8573536-7F38-4823-AA9D-F7C729F18BF4,Transport Scotland,D900DB0B-87F8-488B-B75F-2A5039E3A17B,COLLAB_ORG
B8573536-7F38-4823-AA9D-F7C729F18BF4,"Strava, Inc",4893CC81-3220-4309-A104-B66D20118783,COLLAB_ORG
B8573536-7F38-4823-AA9D-F7C729F18BF4,North Lanarkshire Council,14328A75-E45B-4C1F-BB14-7F89356C3B97,COLLAB_ORG
B8573536-7F38-4823-AA9D-F7C729F18BF4,OFFICE FOR NATIONAL STATISTICS,22484416-275D-469D-96D3-B85F5911540B,COLLAB_ORG
B8573536-7F38-4823-AA9D-F7C729F18BF4,"United Nations Educational, Scientific and Cultural Organization",8FF00C65-CFCB-49DB-B28F-C61DDC5ABCD3,COLLAB_ORG
B8573536-7F38-4823-AA9D-F7C729F18BF4,Glasgow Caledonian University,76371B7E-DF48-4E58-940F-8B4BD61A6A59,COLLAB_ORG
B8573536-7F38-4823-AA9D-F7C729F18BF4,University College London,3A4648E7-8DF3-41A1-B2BB-0471493665E7,COLLAB_ORG
B8573536-7F38-4823-AA9D-F7C729F18BF4,The Data Lab - Innovation Centre,4C2520E8-B6BD-4204-B5F5-9F940642E901,COLLAB_ORG
B8573536-7F38-4823-AA9D-F7C729F18BF4,HUQ INDUSTRIES LIMITED,37FECD3D-213D-418E-8C12-0AD51D1CC0E7,COLLAB_ORG
B8573536-7F38-4823-AA9D-F7C729F18BF4,STRATHCLYDE PARTNERSHIP FOR TRANSPORT,410B9B3E-C15F-4FFC-ABFB-A44C2C463932,COLLAB_ORG
B8573536-7F38-4823-AA9D-F7C729F18BF4,Code the City,F45168E2-8C7A-4E0C-8964-3A8A40AECCA0,COLLAB_ORG
B8573536-7F38-4823-AA9D-F7C729F18BF4,Registers of Scotland,B3DC4463-CCEC-4FDA-8A19-2245AD774B3E,COLLAB_ORG
B8573536-7F38-4823-AA9D-F7C729F18BF4,NHS National Services Scotland (NSS),6880A40D-8EFF-44C8-8D36-A8FF92C3A72C,COLLAB_ORG
B8573536-7F38-4823-AA9D-F7C729F18BF4,British Standards Institute (BSI Group),462D38CA-FE5C-48C1-816F-94ABA1943C36,COLLAB_ORG
B8573536-7F38-4823-AA9D-F7C729F18BF4,University of Wolverhampton,2F667934-7DAF-4B09-9541-9080EE80D085,COLLAB_ORG
B8573536-7F38-4823-AA9D-F7C729F18BF4,Western Norway University of Applied Sciences,CBA84880-922D-4E14-9C95-7CB4D39B759C,COLLAB_ORG
B8573536-7F38-4823-AA9D-F7C729F18BF4,CREATe (RCUK Centre for Copyright and New Business Models in the Creative Economy),6B2E2826-187E-4F08-AD45-475E5A5748EE,COLLAB_ORG
B8573536-7F38-4823-AA9D-F7C729F18BF4,Digital Office for Scottish Local Government,FD3ACBF3-826C-476A-800A-30352D3DA1AB,COLLAB_ORG
B8573536-7F38-4823-AA9D-F7C729F18BF4,Uber Technologies Inc.,2A717332-F86D-4889-88B1-CBF718FA1005,COLLAB_ORG
B8573536-7F38-4823-AA9D-F7C729F18BF4,Scottish Parliament,E85631D2-62C7-4519-B04A-93E7BC680956,COLLAB_ORG
B8573536-7F38-4823-AA9D-F7C729F18BF4,Glasgow Centre for Population Health,55C5D9EF-340C-4005-9146-337EAAB2C4D8,COLLAB_ORG
B8573536-7F38-4823-AA9D-F7C729F18BF4,Scottish Power Ltd,93DF1888-80B8-4294-9715-A6C9B3E3D22B,COLLAB_ORG
B8573536-7F38-4823-AA9D-F7C729F18BF4,British Red Cross,92A1249B-D464-4740-BD30-A3DA89F4CAB9,COLLAB_ORG
B8573536-7F38-4823-AA9D-F7C729F18BF4,Hometrack Data Systems Ltd,A15A41AA-BCA4-4A16-BA65-F98D5C79874D,PP_ORG
B8573536-7F38-4823-AA9D-F7C729F18BF4,SCOTTISH GOVERNMENT,793A0AC0-8E44-4997-9666-F4843CD4B637,PP_ORG
B8573536-7F38-4823-AA9D-F7C729F18BF4,STRAVA METRO,EB61C0FB-E193-4619-B14D-A67F0C33577E,PP_ORG
B8573536-7F38-4823-AA9D-F7C729F18BF4,Glasgow Centre for Population Health,55C5D9EF-340C-4005-9146-337EAAB2C4D8,PP_ORG
B8573536-7F38-4823-AA9D-F7C729F18BF4,University of East London,94D775DE-62FC-4593-A8EA-7DF9537A5881,PP_ORG
B8573536-7F38-4823-AA9D-F7C729F18BF4,Sustrans,5DDDAAD9-B0FE-46F6-9461-E069A7970CC0,PP_ORG
B8573536-7F38-4823-AA9D-F7C729F18BF4,CITYLETS,C4B1C1D5-5510-42DC-BFF0-C6A58E237E51,PP_ORG
B8573536-7F38-4823-AA9D-F7C729F18BF4,The Scottish Parliament,3191F5EA-FC40-4C66-A892-3EDD0518F0B1,PP_ORG
B8573536-7F38-4823-AA9D-F7C729F18BF4,George Hazel Consultancy,3F52AD95-D14B-472F-8DDD-866D9BE3495C,PP_ORG
B8573536-7F38-4823-AA9D-F7C729F18BF4,Abellio Group,C893988E-2C1B-4B96-9566-C6A5698DD56F,PP_ORG
B8573536-7F38-4823-AA9D-F7C729F18BF4,Peter Brett Associates,08C3DE17-DD46-4A48-BDE2-145CCE5773D3,PP_ORG
B8573536-7F38-4823-AA9D-F7C729F18BF4,OFFICE FOR NATIONAL STATISTICS,22484416-275D-469D-96D3-B85F5911540B,PP_ORG
B8573536-7F38-4823-AA9D-F7C729F18BF4,Urban Tide,7AEE1A68-57E7-4348-B16A-67B2BCC902E2,PP_ORG
B8573536-7F38-4823-AA9D-F7C729F18BF4,Austin-Smith & Lord,CB8747FC-7226-4179-B294-33C9D7C17100,PP_ORG
69528C3C-B686-4BD3-89F8-A617505399BC,The Refugee Council,0C3CC48B-AAB1-4C07-A0B8-1B58CF7B7E2F,COLLAB_ORG
69528C3C-B686-4BD3-89F8-A617505399BC,Refugee Council (UK),BA136599-8C8A-49C0-A520-0868E7C359F4,PP_ORG
69528C3C-B686-4BD3-89F8-A617505399BC,Bristol City of Sanctuary,7A6AA1BB-61EE-4236-B02B-9B67ED713060,PP_ORG
D7CB6B62-EC2E-489F-80E7-D14B96DE81E4,Babraham Institute,54C0FDE0-939B-4621-94F8-4B5098959C52,COLLAB_ORG
D7CB6B62-EC2E-489F-80E7-D14B96DE81E4,University of Cambridge,3B084C44-5AC4-43B5-AE31-F7DA58683C5C,PP_ORG
D7CB6B62-EC2E-489F-80E7-D14B96DE81E4,University of Edinburgh,A4735E0B-ED6E-4FC5-9497-CFE564317F54,PP_ORG
EFC381E5-73A3-40AE-ACE3-4D1FAC4235FF,Getulio Vargas Foundation,90943477-67CF-4279-862F-8F06ABCB4DBE,COLLAB_ORG
EFC381E5-73A3-40AE-ACE3-4D1FAC4235FF,Heidelberg University,8F1C57C4-4B47-46E4-B6DD-69D2AB446857,COLLAB_ORG
EFC381E5-73A3-40AE-ACE3-4D1FAC4235FF,British Geological Survey,C6603C8D-48A6-4367-B5DA-56279200E0C0,COLLAB_ORG
EFC381E5-73A3-40AE-ACE3-4D1FAC4235FF,National Center for Natural Disaster Monitoring and Alarms,EB49ECF5-D1B6-4EE3-BBCF-F50F08C36261,COLLAB_ORG
EFC381E5-73A3-40AE-ACE3-4D1FAC4235FF,Geological Survey of Brazil,FFB37894-6585-4963-A043-392A7B4C2FA0,COLLAB_ORG
EFC381E5-73A3-40AE-ACE3-4D1FAC4235FF,Secretariat for the Environment of the State of Acre (SEMA),82BE6BB5-D1B3-4075-A475-322CE33AC204,COLLAB_ORG
EFC381E5-73A3-40AE-ACE3-4D1FAC4235FF,Landratsamt Rhein Neckar Kreis,DC2C5B61-BC7A-4E41-801A-89C64081BE2A,COLLAB_ORG
EFC381E5-73A3-40AE-ACE3-4D1FAC4235FF,Eberbach City Administration,5E426D7A-C5B1-4D02-A588-AFAE0C115D81,COLLAB_ORG
EFC381E5-73A3-40AE-ACE3-4D1FAC4235FF,City Hall of São Paulo,8998C749-D551-43C8-BA1E-3BFE37C995FA,COLLAB_ORG
EFC381E5-73A3-40AE-ACE3-4D1FAC4235FF,Federal University of Acre,44596127-736E-490A-A877-3D992A6ED4E0,COLLAB_ORG
EFC381E5-73A3-40AE-ACE3-4D1FAC4235FF,ENVIRONMENT AGENCY,943F11F1-4CAF-44A7-BD77-A92FD7944F29,COLLAB_ORG
52516A92-4D99-4B96-8E1E-FF57F0872B55,Police Scotland,956ECCF3-FB64-4C1E-BDDD-61BBABBEA89B,PP_ORG
21D603CE-3C9B-4FC4-8B66-475EE45AFCAD,Makerere University,5E346677-519E-4220-8DCD-321F67C694D5,COLLAB_ORG
9441ED9F-0F3E-41DB-9312-8799D97B93E7,University of Melbourne,C62A5A29-CA02-4F27-BF61-29902262B053,COLLAB_ORG
9441ED9F-0F3E-41DB-9312-8799D97B93E7,University of Sydney,252A1A8A-5E3E-419C-A4A7-A7BEEA8473BF,COLLAB_ORG
9441ED9F-0F3E-41DB-9312-8799D97B93E7,Arts & Humanities Research Council (AHRC),F5387CC0-03F0-4572-BBA4-8879A961A18F,COLLAB_ORG
9441ED9F-0F3E-41DB-9312-8799D97B93E7,Historic Environment Scotland,2D77037A-7F70-4C2D-9E98-70F27A4A688A,PP_ORG
9441ED9F-0F3E-41DB-9312-8799D97B93E7,Montagu Evans,78BAF221-3467-48EC-958A-8E8BD96BD73B,PP_ORG
9441ED9F-0F3E-41DB-9312-8799D97B93E7,SAVE Britain's Heritage,85146934-6550-4C94-ABBE-1D90815AB6CB,PP_ORG
2760381A-903C-4A4E-AD66-30A84CF797D9,Royal Town Planning Institute,202C28FF-8AD8-49B6-855A-6D573A7AC6F1,PP_ORG
2760381A-903C-4A4E-AD66-30A84CF797D9,URBED (Urbanism Environment and Design),A7DD1D42-BDF9-4609-BDEB-4508C293044A,PP_ORG
2760381A-903C-4A4E-AD66-30A84CF797D9,North Tyneside Metropolitan Borough Coun,90E3D768-ADE2-47EE-8F25-E5284A2A5045,PP_ORG
2760381A-903C-4A4E-AD66-30A84CF797D9,Arup,D936986F-94D2-4DA9-86A7-66A0FCDFED02,PP_ORG
2760381A-903C-4A4E-AD66-30A84CF797D9,Wycombe District Council,54928438-DAF0-4C6F-BEA2-8466306D390C,PP_ORG
